Order_ID,Customer_ID,Customer_Age,Gender,Annual_Income,State,Order_Date,Product_Category,Quantity,Unit_Price,Discount_Applied,Payment_Method,Gross_Amount,Total_Amount
ORD-11404,CUST_1033,45,Female,93819.22,Florida,2023-09-01,Clothing,1,206.85,0.0,Debit Card,206.85,206.85
ORD-10833,CUST_1344,23,Female,52684.95,California,2023-01-27,Electronics,1,431.88,0.15,Unknown,431.88,367.098
ORD-11296,CUST_1278,35,Female,95531.06,California,2023-12-13,Electronics,4,114.7,0.2,Credit Card,458.8,367.04
ORD-11394,CUST_1424,18,Male,81105.48,California,2023-12-13,Books,2,449.07,0.0,Credit Card,898.14,898.14
ORD-11665,CUST_1482,16,Male,38715.8,California,2024-01-11,Books,1,162.43,0.05,PayPal,162.43,154.3085
ORD-11557,CUST_1077,16,Male,45523.02,Washington,2024-01-11,Clothing,4,0.0,0.2,Credit Card,0.0,0.0
ORD-11371,CUST_1410,50,Female,79437.92,Texas,2023-01-03,Beauty & Personal Care,1,341.59,0.2,Cash,341.59,273.272
ORD-10933,CUST_1423,38,Female,80074.47,New York,2024-11-18,Books,1,364.64,0.05,PayPal,364.64,346.40799999999996
ORD-11252,CUST_1579,47,Male,72375.42,California,2024-11-18,Electronics,2,259.23,0.15,Credit Card,518.46,440.69100000000003
ORD-10410,CUST_1197,38,Female,15000.0,California,2023-10-03,Books,1,428.57,0.05,Cash,428.57,407.14149999999995
ORD-10322,CUST_1336,52,Male,55381.05,Florida,2023-10-28,Books,1,187.16,0.0,Unknown,187.16,187.16
ORD-10998,CUST_1080,38,Female,81987.0,Illinois,2024-08-11,Home & Kitchen,1,218.5,0.15,Credit Card,218.5,185.725
ORD-10887,CUST_1382,31,Other / Unspecified,56861.88,California,2024-07-08,Books,5,230.01,0.15,Cash,1150.05,977.5424999999999
ORD-11803,CUST_1545,41,Male,78194.22,Washington,2024-07-08,Sports & Outdoors,5,179.66,0.1,Debit Card,898.3,808.47
ORD-10101,CUST_1470,43,Female,38359.09,Washington,2023-06-05,Electronics,2,326.53,0.05,Cash,653.06,620.4069999999999
ORD-11563,CUST_1240,26,Male,114146.45,Unknown,2024-07-24,Clothing,3,297.2,0.05,PayPal,891.5999999999999,847.0199999999999
ORD-10680,CUST_1150,52,Male,49860.3,Texas,2023-03-04,Clothing,2,354.41,0.0,Unknown,708.82,708.82
ORD-11034,CUST_1535,23,Male,36585.4,Washington,2023-10-20,Home & Kitchen,1,159.16,0.2,PayPal,159.16,127.328
ORD-11870,CUST_1565,43,Male,84704.51,New York,2024-09-10,Clothing,2,159.05,0.2,Unknown,318.1,254.48000000000002
ORD-10121,CUST_1190,41,Male,40745.74,Florida,2024-11-23,Clothing,1,418.72,0.1,Unknown,418.72,376.848
ORD-11722,CUST_1455,50,Female,84883.84,Texas,2024-10-22,Electronics,4,211.22,0.0,Credit Card,844.88,844.88
ORD-10129,CUST_1118,51,Male,56609.31,California,2024-12-07,Clothing,4,205.04,0.1,UPI / Digital Wallet,820.16,738.144
ORD-11407,CUST_1149,38,Male,66491.62,Texas,2024-12-07,Beauty & Personal Care,2,209.45999999999998,0.1,Cash,418.91999999999996,377.02799999999996
ORD-10325,CUST_1155,50,Male,37235.62,Illinois,2024-12-07,Home & Kitchen,2,100.47,0.2,Cash,200.94,160.752
ORD-10238,CUST_1238,27,Male,64220.58500000001,Florida,2024-09-15,Electronics,2,0.0,0.15,Credit Card,0.0,0.0
ORD-10248,CUST_1564,38,Female,65719.17,Texas,2023-07-10,Sports & Outdoors,2,48.25,0.0,Credit Card,96.5,96.5
ORD-10839,CUST_1241,24,Female,57725.26,Unknown,2023-07-10,Clothing,1,271.38,0.2,PayPal,271.38,217.104
ORD-10568,CUST_1047,43,Male,25369.25,New York,2023-05-24,Home & Kitchen,2,162.45,0.15,Cash,324.9,276.16499999999996
ORD-10309,CUST_1071,31,Other / Unspecified,70958.57,California,2023-02-21,Clothing,1,388.56,0.1,PayPal,388.56,349.704
ORD-10384,CUST_1432,30,Male,105654.49,California,2024-10-12,Sports & Outdoors,5,17.12,0.2,Cash,85.60000000000001,68.48
ORD-10030,CUST_1500,40,Male,84828.57,Illinois,2024-03-20,Sports & Outdoors,1,158.66,0.2,Credit Card,158.66,126.928
ORD-11224,CUST_1238,35,Male,65033.11,Texas,2023-02-01,Electronics,2,267.74,0.2,Unknown,535.48,428.384
ORD-11834,CUST_1226,30,Female,69098.8,New York,2024-08-01,Beauty & Personal Care,2,0.0,0.2,Cash,0.0,0.0
ORD-10110,CUST_1341,38,Female,26339.73,Florida,2023-07-15,Books,2,210.47,0.15,Credit Card,420.94,357.799
ORD-11877,CUST_1464,38,Other / Unspecified,62787.82,Texas,2023-10-20,Electronics,1,200.58,0.0,Unknown,200.58,200.58
ORD-10351,CUST_1468,30,Male,46709.71,Texas,2023-03-09,Electronics,1,211.22,0.15,Unknown,211.22,179.537
ORD-10282,CUST_1246,29,Male,85262.8,Unknown,2023-03-09,Clothing,3,181.7,0.15,UPI / Digital Wallet,545.0999999999999,463.3349999999999
ORD-11782,CUST_1336,23,Female,9999999.0,Unknown,2023-03-09,Electronics,1,211.22,0.0,Credit Card,211.22,211.22
ORD-11544,CUST_1021,34,Female,95991.94,New York,2024-01-28,Electronics,2,266.52,0.1,Cash,533.04,479.736
ORD-10942,CUST_1464,54,Male,67580.6,Texas,2024-04-24,Home & Kitchen,1,103.17,0.05,Debit Card,103.17,98.0115
ORD-10052,CUST_1130,38,Female,82234.37,Washington,2023-01-11,Electronics,1,215.97,0.05,PayPal,215.97,205.17149999999998
ORD-11757,CUST_1283,39,Female,57390.1,Washington,2024-04-17,Sports & Outdoors,5,179.66,0.15,PayPal,898.3,763.555
ORD-10071,CUST_1003,44,Male,81012.95,Texas,2024-08-07,Electronics,1,428.23,0.15,PayPal,428.23,363.9955
ORD-11643,CUST_1587,29,Female,68159.16,New York,2023-06-09,Clothing,1,205.04,0.05,PayPal,205.04,194.78799999999998
ORD-10428,CUST_1202,29,Male,79065.9,Texas,2023-05-14,Sports & Outdoors,2,271.72,0.1,PayPal,543.44,489.09600000000006
ORD-11690,CUST_1337,41,Male,67861.66,Texas,2024-05-08,Electronics,1,110.72,0.15,Cash,110.72,94.112
ORD-10240,CUST_1416,40,Other / Unspecified,70158.56,California,2024-05-07,Sports & Outdoors,1,179.66,0.05,PayPal,179.66,170.677
ORD-10189,CUST_1536,38,Male,64220.58500000001,Florida,2024-05-07,Books,2,15.01,0.25,Cash,30.02,22.515
ORD-10213,CUST_1251,66,Female,88003.44,Florida,2024-10-29,Electronics,1,395.26,0.1,PayPal,395.26,355.734
ORD-10614,CUST_1367,38,Male,91795.09,Texas,2024-05-25,Electronics,1,376.92,0.05,UPI / Digital Wallet,376.92,358.074
ORD-11595,CUST_1122,38,Male,64142.96,Washington,2024-08-13,Books,1,279.24,0.2,PayPal,279.24,223.39200000000002
ORD-10232,CUST_1490,36,Male,49746.61,Florida,2024-06-13,Beauty & Personal Care,3,151.54,0.2,Credit Card,454.62,363.696
ORD-10221,CUST_1591,39,Male,58677.24,Illinois,2024-06-13,Electronics,1,340.38,0.1,Debit Card,340.38,306.342
ORD-10908,CUST_1133,41,Male,96403.38,Texas,2024-06-25,Beauty & Personal Care,1,369.44,0.0,Credit Card,369.44,369.44
ORD-10531,CUST_1346,31,Male,64220.58500000001,Florida,2023-09-23,Books,1,257.65,0.05,Credit Card,257.65,244.76749999999996
ORD-11256,CUST_1580,24,Other / Unspecified,9999999.0,Texas,2024-06-10,Beauty & Personal Care,1,26.82,0.15,Cash,26.82,22.797
ORD-11935,CUST_1153,54,Male,48460.25,Washington,2024-05-26,Sports & Outdoors,3,338.02,0.1,PayPal,1014.06,912.654
ORD-11201,CUST_1052,38,Male,64101.24,California,2024-02-09,Books,2,210.47,0.15,Credit Card,420.94,357.799
ORD-10415,CUST_1337,37,Male,21763.93,New York,2024-01-16,Electronics,1,394.91,0.2,Cash,394.91,315.92800000000005
ORD-11085,CUST_1394,39,Other / Unspecified,60273.79,Texas,2023-08-16,Clothing,2,92.75,0.2,Cash,185.5,148.4
ORD-10832,CUST_1030,51,Female,59410.16,Texas,2023-12-24,Sports & Outdoors,1,179.66,0.1,UPI / Digital Wallet,179.66,161.694
ORD-11960,CUST_1100,36,Other / Unspecified,71194.82,California,2023-12-24,Electronics,1,211.22,0.0,Credit Card,211.22,211.22
ORD-10772,CUST_1408,43,Male,55654.31,Illinois,2023-07-21,Sports & Outdoors,1,128.66,0.0,PayPal,128.66,128.66
ORD-10300,CUST_1467,23,Female,56372.27,Texas,2023-07-21,Clothing,1,411.64,0.2,Cash,411.64,329.312
ORD-10965,CUST_1142,62,Other / Unspecified,39715.66,Texas,2024-05-13,Electronics,1,449.25,0.2,Cash,449.25,359.40000000000003
ORD-11603,CUST_1509,38,Other / Unspecified,92050.06,California,2024-05-13,Books,1,169.32,0.1,Cash,169.32,152.388
ORD-10481,CUST_1171,25,Female,80062.67,California,2024-09-19,Home & Kitchen,1,149.69,0.05,Credit Card,149.69,142.2055
ORD-10459,CUST_1380,38,Female,64823.49,Texas,2023-01-28,Electronics,1,154.25,0.0,PayPal,154.25,154.25
ORD-10472,CUST_1431,42,Female,63544.94,Washington,2024-11-02,Clothing,2,166.84,0.0,Unknown,333.68,333.68
ORD-11893,CUST_1234,31,Male,64104.87,New York,2023-02-07,Home & Kitchen,3,58.86,0.15,PayPal,176.57999999999998,150.093
ORD-10818,CUST_1216,29,Female,100697.12,Texas,2024-06-09,Home & Kitchen,1,188.35,0.15,Cash,188.35,160.0975
ORD-10057,CUST_1318,17,Male,64101.24,California,2023-01-18,Sports & Outdoors,1,247.49,0.1,Debit Card,247.49,222.741
ORD-10417,CUST_1392,19,Female,64284.4,California,2024-05-15,Sports & Outdoors,2,64.91,0.1,Debit Card,129.82,116.838
ORD-11453,CUST_1584,45,Female,69117.08,Illinois,2024-05-15,Beauty & Personal Care,1,209.45999999999998,0.15,Cash,209.45999999999998,178.04099999999997
ORD-11420,CUST_1433,22,Female,83875.48,Illinois,2024-05-15,Sports & Outdoors,1,179.66,0.15,Credit Card,179.66,152.71099999999998
ORD-11203,CUST_1256,31,Other / Unspecified,71117.77,Illinois,2023-08-27,Home & Kitchen,1,0.0,0.05,PayPal,0.0,0.0
ORD-10333,CUST_1057,23,Female,48332.41,Texas,2024-08-10,Clothing,1,205.04,0.0,Cash,205.04,205.04
ORD-11841,CUST_1554,51,Other / Unspecified,90348.95,Washington,2024-03-16,Beauty & Personal Care,2,209.45999999999998,0.05,Credit Card,418.91999999999996,397.97399999999993
ORD-10756,CUST_1257,17,Male,22153.64,Florida,2023-02-09,Home & Kitchen,1,188.35,0.0,PayPal,188.35,188.35
ORD-11365,CUST_1083,39,Male,45939.81,Texas,2024-08-03,Electronics,1,223.93,0.15,Debit Card,223.93,190.3405
ORD-11582,CUST_1070,38,Female,99699.63,Florida,2024-09-18,Beauty & Personal Care,1,209.45999999999998,0.15,PayPal,209.45999999999998,178.04099999999997
ORD-10255,CUST_1150,34,Male,66762.43,Texas,2023-09-27,Clothing,4,93.81,0.2,Debit Card,375.24,300.192
ORD-10515,CUST_1208,32,Female,46412.92,Washington,2023-09-27,Books,1,197.85,0.1,Debit Card,197.85,178.065
ORD-11621,CUST_1468,17,Female,34373.46,California,2023-06-11,Home & Kitchen,1,268.98,0.1,Debit Card,268.98,242.08200000000002
ORD-11054,CUST_1581,54,Other / Unspecified,77340.94,Illinois,2023-07-20,Clothing,2,205.04,0.0,UPI / Digital Wallet,410.08,410.08
ORD-10830,CUST_1379,19,Male,77337.57,Texas,2023-06-21,Sports & Outdoors,1,276.2,0.2,Credit Card,276.2,220.96
ORD-11174,CUST_1291,44,Male,9999999.0,Texas,2023-02-08,Sports & Outdoors,2,333.39,0.05,Unknown,666.78,633.4409999999999
ORD-11008,CUST_1354,37,Male,65351.65,Illinois,2024-01-21,Sports & Outdoors,2,0.0,0.0,Credit Card,0.0,0.0
ORD-10553,CUST_1271,52,Female,67418.31,New York,2024-01-21,Home & Kitchen,4,0.0,0.2,Cash,0.0,0.0
ORD-11504,CUST_1011,36,Male,90273.67,California,2023-06-09,Beauty & Personal Care,1,96.7,0.05,PayPal,96.7,91.865
ORD-11631,CUST_1599,59,Female,58677.61,Washington,2023-12-09,Books,1,322.52,0.2,PayPal,322.52,258.016
ORD-10437,CUST_1394,31,Female,65033.11,Texas,2023-12-09,Clothing,1,52.61,0.1,Cash,52.61,47.349000000000004
ORD-11917,CUST_1440,38,Female,15000.0,Illinois,2023-12-09,Clothing,3,134.3,0.05,Cash,402.90000000000003,382.755
ORD-10434,CUST_1385,48,Female,102769.62,Washington,2023-04-01,Sports & Outdoors,3,419.52,0.15,PayPal,1258.56,1069.7759999999998
ORD-11993,CUST_1260,38,Female,38268.59,Texas,2023-03-26,Clothing,1,205.04,0.05,Credit Card,205.04,194.78799999999998
ORD-11743,CUST_1183,47,Female,51058.9,California,2024-11-23,Electronics,3,211.22,0.15,Credit Card,633.66,538.611
ORD-11332,CUST_1370,36,Other / Unspecified,15000.0,Texas,2024-01-04,Home & Kitchen,2,185.93,0.2,Credit Card,371.86,297.488
ORD-11059,CUST_1524,51,Male,57596.8,New York,2024-08-18,Clothing,1,181.27,0.2,Cash,181.27,145.01600000000002
ORD-11125,CUST_1469,28,Male,59283.91,Illinois,2024-09-29,Clothing,1,231.79,0.1,Cash,231.79,208.611
ORD-11652,CUST_1546,20,Female,58977.25,Washington,2023-04-29,Beauty & Personal Care,3,362.56,0.0,Unknown,1087.68,1087.68
ORD-10355,CUST_1324,30,Female,49159.23,Florida,2023-06-29,Beauty & Personal Care,3,208.22,0.1,Unknown,624.66,562.194
ORD-10070,CUST_1039,38,Male,9999999.0,California,2023-06-29,Electronics,5,349.2,0.15,Debit Card,1746.0,1484.1
ORD-10382,CUST_1050,46,Male,103791.2,Texas,2023-06-29,Sports & Outdoors,1,0.0,0.1,PayPal,0.0,0.0
ORD-10197,CUST_1283,36,Female,81870.89,Washington,2023-02-28,Sports & Outdoors,1,309.73,0.15,Credit Card,309.73,263.2705
ORD-10480,CUST_1023,75,Female,68316.47,California,2023-07-02,Electronics,1,169.77,0.2,Debit Card,169.77,135.816
ORD-10212,CUST_1239,25,Male,71129.21,Florida,2023-07-02,Clothing,1,235.9,0.0,UPI / Digital Wallet,235.9,235.9
ORD-11359,CUST_1277,42,Male,73750.44,Florida,2023-07-02,Home & Kitchen,1,21.44,0.05,PayPal,21.44,20.368
ORD-11558,CUST_1091,16,Male,75981.43,California,2023-09-23,Books,4,144.68,0.15,Debit Card,578.72,491.91200000000003
ORD-10953,CUST_1576,27,Female,49951.33,New York,2023-09-23,Electronics,1,309.76,0.15,PayPal,309.76,263.296
ORD-10375,CUST_1062,39,Female,51478.65,Florida,2023-09-23,Sports & Outdoors,1,51.52,0.2,Cash,51.52,41.21600000000001
ORD-10705,CUST_1033,22,Other / Unspecified,64611.5,Washington,2023-06-18,Books,1,145.49,0.2,Debit Card,145.49,116.39200000000001
ORD-10454,CUST_1583,44,Male,37511.13,New York,2023-05-02,Books,2,210.47,0.1,Credit Card,420.94,378.846
ORD-11692,CUST_1374,53,Other / Unspecified,71156.52,California,2023-07-05,Clothing,1,413.19,0.2,UPI / Digital Wallet,413.19,330.552
ORD-10671,CUST_1462,16,Female,66291.21,California,2023-09-28,Clothing,2,205.04,0.05,Credit Card,410.08,389.57599999999996
ORD-11384,CUST_1172,32,Male,46756.92,Unknown,2024-01-25,Beauty & Personal Care,1,75.74,0.2,PayPal,75.74,60.592
ORD-10768,CUST_1450,33,Other / Unspecified,66095.1,California,2024-08-24,Electronics,1,286.62,0.1,Credit Card,286.62,257.958
ORD-11055,CUST_1265,63,Male,36910.79,California,2024-01-16,Books,1,175.33,0.15,Credit Card,175.33,149.03050000000002
ORD-10556,CUST_1193,46,Female,104613.75,Florida,2023-01-30,Electronics,1,314.05,0.05,Debit Card,314.05,298.3475
ORD-11973,CUST_1202,44,Female,50449.25,Illinois,2024-06-19,Clothing,1,0.0,0.05,PayPal,0.0,0.0
ORD-11642,CUST_1022,16,Other / Unspecified,77099.98,Washington,2023-02-11,Electronics,1,150.95,0.0,Cash,150.95,150.95
ORD-10582,CUST_1576,27,Male,34649.96,Florida,2023-02-11,Electronics,1,330.34,0.0,Credit Card,330.34,330.34
ORD-10112,CUST_1253,37,Female,84626.39,Washington,2024-03-11,Clothing,1,205.04,0.0,Debit Card,205.04,205.04
ORD-11375,CUST_1243,35,Female,67418.31,New York,2024-09-25,Clothing,2,19.29,0.2,Credit Card,38.58,30.864
ORD-11273,CUST_1040,34,Male,64220.58500000001,Florida,2023-10-08,Beauty & Personal Care,2,130.77,0.1,PayPal,261.54,235.38600000000002
ORD-11042,CUST_1574,43,Male,88072.8,Texas,2023-10-08,Sports & Outdoors,2,0.0,0.1,Debit Card,0.0,0.0
ORD-10572,CUST_1027,38,Female,86554.82,California,2023-10-08,Electronics,1,264.47,0.2,Cash,264.47,211.57600000000002
ORD-10583,CUST_1532,38,Male,63183.05,California,2023-10-08,Clothing,2,275.41,0.1,Credit Card,550.82,495.73800000000006
ORD-11360,CUST_1517,69,Female,65033.11,Texas,2023-10-08,Books,1,248.99,0.05,Unknown,248.99,236.5405
ORD-11103,CUST_1352,39,Female,67418.31,New York,2023-10-08,Sports & Outdoors,1,368.42,0.0,PayPal,368.42,368.42
ORD-10430,CUST_1128,29,Female,28852.99,California,2024-02-19,Electronics,1,405.89,0.0,Credit Card,405.89,405.89
ORD-10938,CUST_1136,46,Female,69326.31,Texas,2024-11-22,Beauty & Personal Care,1,220.05,0.2,PayPal,220.05,176.04000000000002
ORD-10211,CUST_1382,52,Male,115122.63,Washington,2023-07-14,Electronics,1,232.55,0.0,Credit Card,232.55,232.55
ORD-10577,CUST_1553,16,Male,100823.84,Washington,2024-08-23,Home & Kitchen,1,328.85,0.0,PayPal,328.85,328.85
ORD-10125,CUST_1491,50,Female,102068.62,New York,2023-01-13,Beauty & Personal Care,3,209.45999999999998,0.0,Credit Card,628.3799999999999,628.3799999999999
ORD-10875,CUST_1324,65,Other / Unspecified,80201.26,Texas,2024-07-09,Beauty & Personal Care,2,332.79,0.1,Credit Card,665.58,599.022
ORD-10479,CUST_1203,30,Female,64101.24,California,2024-11-18,Home & Kitchen,1,404.34,0.0,Credit Card,404.34,404.34
ORD-11780,CUST_1024,16,Female,55701.86,California,2023-03-05,Books,1,210.47,0.05,Debit Card,210.47,199.9465
ORD-10536,CUST_1499,33,Male,64007.91,Florida,2024-06-15,Beauty & Personal Care,1,209.45999999999998,0.05,Credit Card,209.45999999999998,198.98699999999997
ORD-10066,CUST_1172,41,Male,88657.35,Texas,2023-01-17,Electronics,1,0.0,0.2,Credit Card,0.0,0.0
ORD-10862,CUST_1294,43,Female,91575.64,California,2023-08-09,Sports & Outdoors,1,179.66,0.05,PayPal,179.66,170.677
ORD-11613,CUST_1500,31,Male,92216.92,Florida,2023-05-02,Home & Kitchen,1,188.35,0.0,Debit Card,188.35,188.35
ORD-10307,CUST_1165,28,Male,76491.65,Illinois,2023-06-06,Sports & Outdoors,2,115.85,0.15,Credit Card,231.7,196.945
ORD-10343,CUST_1231,63,Other / Unspecified,63544.94,Washington,2024-08-26,Books,2,49.46,0.0,Debit Card,98.92,98.92
ORD-10290,CUST_1540,46,Female,65351.65,Illinois,2024-09-02,Books,1,190.19,0.15,Credit Card,190.19,161.6615
ORD-10638,CUST_1071,61,Female,69806.28,Washington,2024-09-02,Sports & Outdoors,1,258.42,0.0,Debit Card,258.42,258.42
ORD-11121,CUST_1311,69,Male,87198.99,California,2024-09-02,Sports & Outdoors,1,121.96,0.0,Debit Card,121.96,121.96
ORD-10565,CUST_1121,46,Male,37552.14,California,2024-03-31,Electronics,1,209.88,0.25,Unknown,209.88,157.41
ORD-11786,CUST_1030,29,Other / Unspecified,58133.98,Washington,2024-03-31,Electronics,2,146.28,0.05,Credit Card,292.56,277.932
ORD-11518,CUST_1323,45,Female,45501.54,Florida,2024-04-24,Clothing,1,205.04,0.2,Unknown,205.04,164.032
ORD-11342,CUST_1223,58,Male,86408.26,New York,2023-01-18,Books,3,381.54,0.15,Cash,1144.6200000000001,972.927
ORD-10687,CUST_1037,21,Female,53877.98,Washington,2023-03-31,Books,1,325.74,0.05,PayPal,325.74,309.453
ORD-11538,CUST_1351,35,Male,84279.59,Washington,2023-03-21,Clothing,1,149.97,0.15,Cash,149.97,127.47449999999999
ORD-10937,CUST_1488,16,Female,88830.67,Texas,2023-10-31,Electronics,1,242.99,0.0,PayPal,242.99,242.99
ORD-11192,CUST_1269,38,Male,59500.38,Illinois,2023-10-31,Books,4,158.16,0.15,Debit Card,632.64,537.744
ORD-11970,CUST_1222,31,Other / Unspecified,58947.68,Washington,2023-10-31,Beauty & Personal Care,2,22.19,0.05,Credit Card,44.38,42.161
ORD-11725,CUST_1397,16,Female,77499.03,New York,2024-10-25,Electronics,1,0.0,0.0,Credit Card,0.0,0.0
ORD-11930,CUST_1053,48,Male,91299.8,California,2024-09-24,Books,2,210.47,0.0,Credit Card,420.94,420.94
ORD-11487,CUST_1240,48,Female,68336.15,Unknown,2024-02-22,Electronics,2,436.16,0.0,UPI / Digital Wallet,872.32,872.32
ORD-11165,CUST_1316,33,Male,53956.56,Washington,2023-06-05,Electronics,2,253.0,0.1,Debit Card,506.0,455.40000000000003
ORD-11357,CUST_1546,61,Female,92774.86,Florida,2024-04-29,Electronics,2,387.47,0.15,Debit Card,774.94,658.6990000000001
ORD-11236,CUST_1270,47,Male,68746.53,Florida,2024-04-11,Electronics,1,424.57,0.1,Debit Card,424.57,382.113
ORD-11785,CUST_1492,30,Female,42831.15,Florida,2024-07-04,Electronics,4,211.22,0.1,Credit Card,844.88,760.392
ORD-10433,CUST_1321,32,Female,64101.24,California,2023-10-12,Clothing,2,109.73,0.05,Cash,219.46,208.487
ORD-10484,CUST_1142,52,Female,69002.75,Texas,2024-02-21,Home & Kitchen,1,188.35,0.15,Cash,188.35,160.0975
ORD-11272,CUST_1338,37,Male,62513.4,California,2023-09-05,Electronics,2,211.22,0.15,UPI / Digital Wallet,422.44,359.074
ORD-10234,CUST_1488,64,Male,104023.01,Washington,2024-07-04,Home & Kitchen,1,188.35,0.15,Credit Card,188.35,160.0975
ORD-11593,CUST_1447,37,Female,47429.39,Florida,2024-07-04,Clothing,2,132.73,0.0,Debit Card,265.46,265.46
ORD-11981,CUST_1041,36,Male,40333.43,Florida,2024-10-15,Beauty & Personal Care,1,96.09,0.0,Debit Card,96.09,96.09
ORD-10880,CUST_1078,27,Male,46720.51,California,2023-07-12,Beauty & Personal Care,2,120.9,0.25,PayPal,241.8,181.35000000000002
ORD-10775,CUST_1476,22,Male,59231.24,Texas,2024-04-15,Home & Kitchen,1,29.83,0.05,PayPal,29.83,28.338499999999996
ORD-11562,CUST_1501,39,Male,60587.2,Illinois,2023-05-01,Electronics,4,211.22,0.0,PayPal,844.88,844.88
ORD-11406,CUST_1363,29,Female,72419.32,Texas,2023-01-01,Beauty & Personal Care,1,170.18,0.2,Unknown,170.18,136.144
ORD-10368,CUST_1209,46,Female,49796.08,California,2023-01-01,Home & Kitchen,1,188.35,0.1,Credit Card,188.35,169.515
ORD-10136,CUST_1294,28,Female,63586.84,Washington,2023-04-10,Clothing,2,205.04,0.15,Unknown,410.08,348.568
ORD-11964,CUST_1499,53,Male,80076.89,Washington,2023-10-23,Clothing,1,205.04,0.0,Cash,205.04,205.04
ORD-10100,CUST_1300,52,Female,15000.0,Washington,2023-01-21,Books,1,0.0,0.15,Debit Card,0.0,0.0
ORD-11058,CUST_1458,39,Male,59654.04,Washington,2023-12-16,Sports & Outdoors,2,166.96,0.15,Credit Card,333.92,283.832
ORD-11707,CUST_1528,16,Male,75675.72,California,2024-05-26,Home & Kitchen,3,240.53,0.15,Cash,721.59,613.3515
ORD-11822,CUST_1296,45,Male,64220.58500000001,Florida,2024-05-26,Clothing,1,144.22,0.2,PayPal,144.22,115.376
ORD-10991,CUST_1343,55,Male,67272.35,Unknown,2023-12-15,Books,1,133.61,0.2,PayPal,133.61,106.88800000000002
ORD-11680,CUST_1534,38,Male,75353.24,Texas,2023-12-15,Sports & Outdoors,1,175.15,0.05,PayPal,175.15,166.39249999999998
ORD-11729,CUST_1035,37,Female,105783.74,Washington,2023-12-15,Home & Kitchen,1,188.35,0.1,Debit Card,188.35,169.515
ORD-10185,CUST_1173,27,Female,27407.61,Washington,2023-12-15,Electronics,1,29.19,0.1,Cash,29.19,26.271
ORD-11511,CUST_1363,37,Male,39736.43,Florida,2023-08-29,Clothing,1,205.04,0.15,PayPal,205.04,174.284
ORD-11019,CUST_1009,55,Male,60915.86,California,2024-09-08,Beauty & Personal Care,1,0.0,0.05,PayPal,0.0,0.0
ORD-10014,CUST_1587,47,Female,91464.5,California,2023-04-09,Home & Kitchen,1,226.24,0.0,Debit Card,226.24,226.24
ORD-10594,CUST_1307,41,Male,64220.58500000001,Florida,2024-02-19,Sports & Outdoors,2,0.0,0.0,Credit Card,0.0,0.0
ORD-10040,CUST_1403,20,Male,33761.52,Texas,2023-08-21,Clothing,1,158.59,0.0,Cash,158.59,158.59
ORD-11636,CUST_1568,28,Female,76759.1,Florida,2023-12-23,Electronics,2,122.04,0.1,UPI / Digital Wallet,244.08,219.67200000000003
ORD-10486,CUST_1309,32,Female,76668.11,Washington,2023-12-23,Clothing,2,205.04,0.15,Debit Card,410.08,348.568
ORD-10427,CUST_1384,50,Male,101631.99,Florida,2024-06-04,Beauty & Personal Care,3,209.16,0.15,UPI / Digital Wallet,627.48,533.358
ORD-11799,CUST_1151,36,Female,57502.23,New York,2024-06-04,Sports & Outdoors,2,390.08,0.1,Credit Card,780.16,702.144
ORD-11916,CUST_1419,21,Male,79770.54,Texas,2024-06-04,Home & Kitchen,2,181.92,0.15,PayPal,363.84,309.26399999999995
ORD-11738,CUST_1324,46,Male,32736.7,California,2024-10-21,Beauty & Personal Care,1,146.33,0.05,UPI / Digital Wallet,146.33,139.0135
ORD-11320,CUST_1075,46,Male,24979.01,Unknown,2024-10-21,Beauty & Personal Care,1,239.0,0.05,Unknown,239.0,227.04999999999998
ORD-11177,CUST_1050,29,Male,64220.58500000001,Florida,2023-04-17,Clothing,3,0.0,0.05,PayPal,0.0,0.0
ORD-11626,CUST_1440,26,Other / Unspecified,68836.07,New York,2024-07-23,Electronics,1,310.91,0.0,PayPal,310.91,310.91
ORD-10544,CUST_1308,25,Female,52994.85,Washington,2024-10-15,Electronics,1,0.0,0.2,Credit Card,0.0,0.0
ORD-10906,CUST_1543,29,Male,64220.58500000001,Florida,2024-03-02,Home & Kitchen,1,413.33,0.15,PayPal,413.33,351.3305
ORD-11111,CUST_1310,38,Other / Unspecified,25789.68,Unknown,2024-05-16,Electronics,1,45.17,0.2,Cash,45.17,36.136
ORD-11842,CUST_1275,16,Male,45997.33,California,2023-01-13,Beauty & Personal Care,1,437.79,0.0,PayPal,437.79,437.79
ORD-11260,CUST_1197,49,Female,51351.06,Unknown,2023-01-13,Books,1,0.0,0.05,Unknown,0.0,0.0
ORD-10773,CUST_1205,56,Male,54105.32,Illinois,2023-01-13,Clothing,1,74.69,0.2,PayPal,74.69,59.752
ORD-10252,CUST_1190,16,Male,52013.99,California,2023-06-20,Books,3,421.42,0.2,Cash,1264.26,1011.408
ORD-10652,CUST_1429,18,Other / Unspecified,88468.93,New York,2024-11-04,Books,5,270.97,0.0,Credit Card,1354.8500000000001,1354.8500000000001
ORD-11356,CUST_1132,26,Male,107782.88,Washington,2024-11-04,Electronics,1,349.66,0.15,PayPal,349.66,297.211
ORD-11819,CUST_1106,40,Female,75879.69,New York,2023-04-28,Home & Kitchen,1,188.35,0.1,Credit Card,188.35,169.515
ORD-10611,CUST_1112,43,Male,53802.68,Illinois,2024-07-09,Electronics,1,211.22,0.1,PayPal,211.22,190.098
ORD-10742,CUST_1077,37,Male,9999999.0,New York,2023-03-30,Beauty & Personal Care,1,73.03,0.1,Cash,73.03,65.727
ORD-10260,CUST_1195,25,Female,49374.46,Texas,2023-01-27,Home & Kitchen,1,172.07,0.05,Debit Card,172.07,163.4665
ORD-11550,CUST_1195,22,Male,62477.53,California,2023-12-18,Electronics,3,221.32,0.1,Cash,663.96,597.5640000000001
ORD-11709,CUST_1353,25,Female,92302.02,Washington,2023-06-29,Home & Kitchen,5,292.57,0.2,Debit Card,1462.85,1170.28
ORD-11209,CUST_1361,35,Other / Unspecified,52541.94,California,2023-06-29,Clothing,2,0.0,0.1,UPI / Digital Wallet,0.0,0.0
ORD-11086,CUST_1163,25,Female,62740.51,California,2023-06-29,Clothing,1,149.95,0.1,Credit Card,149.95,134.95499999999998
ORD-10362,CUST_1126,29,Male,64220.58500000001,Florida,2023-06-29,Clothing,1,420.19,0.0,Credit Card,420.19,420.19
ORD-11988,CUST_1246,26,Other / Unspecified,64220.58500000001,Florida,2024-01-16,Books,1,323.14,0.1,PayPal,323.14,290.826
ORD-11933,CUST_1597,25,Male,52232.93,Texas,2024-01-16,Electronics,1,351.58,0.0,PayPal,351.58,351.58
ORD-11238,CUST_1427,43,Male,36476.36,Texas,2023-10-14,Sports & Outdoors,1,0.0,0.15,Credit Card,0.0,0.0
ORD-10495,CUST_1566,21,Female,50671.12,Illinois,2024-09-03,Electronics,2,23.72,0.25,PayPal,47.44,35.58
ORD-11338,CUST_1268,44,Male,17070.86,Washington,2023-02-11,Beauty & Personal Care,4,209.45999999999998,0.0,Debit Card,837.8399999999999,837.8399999999999
ORD-11002,CUST_1574,32,Male,65033.11,Texas,2024-05-09,Sports & Outdoors,4,303.32,0.15,Credit Card,1213.28,1031.288
ORD-10841,CUST_1194,38,Male,67418.31,New York,2023-01-14,Sports & Outdoors,1,181.83,0.05,Debit Card,181.83,172.73850000000002
ORD-11419,CUST_1360,51,Female,38041.56,New York,2023-02-18,Clothing,1,289.24,0.15,PayPal,289.24,245.854
ORD-11308,CUST_1465,29,Female,44467.22,Texas,2023-11-26,Clothing,1,205.04,0.15,Cash,205.04,174.284
ORD-10905,CUST_1458,17,Female,67389.38,Texas,2023-05-26,Clothing,2,159.5,0.05,Credit Card,319.0,303.05
ORD-11568,CUST_1556,69,Female,59225.64,Texas,2024-09-12,Sports & Outdoors,1,190.25,0.05,Debit Card,190.25,180.73749999999998
ORD-10122,CUST_1414,37,Female,35901.03,Texas,2024-11-05,Electronics,2,111.16,0.15,UPI / Digital Wallet,222.32,188.97199999999998
ORD-10291,CUST_1558,38,Female,40029.08,Florida,2023-03-06,Electronics,2,271.22,0.0,Debit Card,542.44,542.44
ORD-11852,CUST_1582,27,Male,98242.69,Texas,2023-02-19,Sports & Outdoors,3,179.66,0.0,Unknown,538.98,538.98
ORD-10496,CUST_1465,42,Male,51203.03,Illinois,2023-02-19,Electronics,2,28.68,0.2,PayPal,57.36,45.888000000000005
ORD-10606,CUST_1565,33,Female,72544.13,Washington,2023-02-19,Clothing,3,205.04,0.05,PayPal,615.12,584.364
ORD-10966,CUST_1492,57,Male,87548.7,Texas,2023-02-19,Clothing,2,205.04,0.1,Unknown,410.08,369.072
ORD-11221,CUST_1540,45,Female,62503.65,Washington,2023-02-19,Electronics,1,427.63,0.05,PayPal,427.63,406.2485
ORD-11612,CUST_1409,47,Male,91465.15,Illinois,2023-02-19,Clothing,1,441.06,0.25,PayPal,441.06,330.795
ORD-10505,CUST_1481,38,Male,61497.5,California,2023-06-24,Home & Kitchen,2,0.0,0.0,PayPal,0.0,0.0
ORD-10116,CUST_1246,62,Male,84056.41,Illinois,2023-08-01,Clothing,1,205.04,0.0,Unknown,205.04,205.04
ORD-10388,CUST_1031,50,Male,64101.24,California,2024-06-16,Home & Kitchen,3,325.46,0.0,Cash,976.3799999999999,976.3799999999999
ORD-10597,CUST_1490,16,Female,70667.42,Illinois,2023-11-01,Clothing,1,0.0,0.05,PayPal,0.0,0.0
ORD-11610,CUST_1428,63,Female,68408.47,Washington,2024-01-14,Books,4,0.0,0.15,Cash,0.0,0.0
ORD-11966,CUST_1068,40,Other / Unspecified,41158.85,Florida,2024-09-11,Electronics,2,372.69,0.2,Cash,745.38,596.304
ORD-10369,CUST_1207,49,Female,105257.05,Texas,2024-09-11,Clothing,1,169.23,0.1,Unknown,169.23,152.307
ORD-11264,CUST_1119,42,Female,65033.11,Texas,2024-09-11,Home & Kitchen,2,0.0,0.0,Credit Card,0.0,0.0
ORD-11458,CUST_1174,38,Male,63858.96,Washington,2024-03-19,Clothing,2,317.25,0.2,Unknown,634.5,507.6
ORD-10605,CUST_1443,34,Female,65351.65,Illinois,2024-04-19,Electronics,2,0.0,0.0,Cash,0.0,0.0
ORD-11547,CUST_1456,26,Male,37036.06,Unknown,2023-04-02,Electronics,2,255.28,0.2,Unknown,510.56,408.44800000000004
ORD-10545,CUST_1011,38,Male,33789.59,Washington,2024-10-01,Beauty & Personal Care,1,104.97,0.05,Unknown,104.97,99.72149999999999
ORD-10520,CUST_1490,44,Female,47450.03,Washington,2024-06-05,Beauty & Personal Care,1,424.84,0.15,Credit Card,424.84,361.114
ORD-11776,CUST_1056,44,Male,90011.08,California,2024-07-30,Electronics,2,211.22,0.0,Credit Card,422.44,422.44
ORD-11589,CUST_1275,40,Female,67418.31,New York,2024-07-30,Electronics,2,248.18,0.2,Credit Card,496.36,397.088
ORD-10620,CUST_1272,26,Male,76766.63,New York,2024-08-19,Electronics,1,425.55,0.1,PayPal,425.55,382.995
ORD-10655,CUST_1027,53,Male,98043.86,New York,2023-07-03,Sports & Outdoors,1,311.6,0.0,PayPal,311.6,311.6
ORD-10446,CUST_1550,37,Female,94497.21,Unknown,2023-01-10,Books,1,210.47,0.05,Cash,210.47,199.9465
ORD-11321,CUST_1456,16,Female,85324.49,Washington,2024-06-01,Books,1,137.81,0.0,Credit Card,137.81,137.81
ORD-11079,CUST_1544,47,Other / Unspecified,74073.18,California,2023-06-20,Books,1,121.04,0.1,Credit Card,121.04,108.936
ORD-11341,CUST_1572,16,Female,46686.77,Texas,2024-08-11,Sports & Outdoors,1,179.66,0.0,PayPal,179.66,179.66
ORD-11939,CUST_1254,35,Female,89687.37,Unknown,2024-08-11,Beauty & Personal Care,1,218.2,0.2,Credit Card,218.2,174.56
ORD-11645,CUST_1582,32,Male,65996.27,Texas,2023-10-19,Beauty & Personal Care,1,256.51,0.1,Credit Card,256.51,230.859
ORD-10926,CUST_1446,38,Female,60260.0,Texas,2023-10-19,Books,1,72.54,0.0,Credit Card,72.54,72.54
ORD-11436,CUST_1293,16,Female,63544.94,Washington,2023-01-25,Home & Kitchen,1,0.0,0.1,PayPal,0.0,0.0
ORD-11314,CUST_1262,41,Female,58983.42,California,2024-01-14,Electronics,1,205.97,0.05,UPI / Digital Wallet,205.97,195.67149999999998
ORD-10810,CUST_1317,49,Female,66103.06,New York,2024-01-14,Sports & Outdoors,1,299.17,0.2,Debit Card,299.17,239.336
ORD-10856,CUST_1138,38,Male,87872.85,Illinois,2024-01-14,Clothing,1,183.82,0.1,Cash,183.82,165.438
ORD-10276,CUST_1523,34,Female,83500.33,Washington,2024-06-21,Sports & Outdoors,1,87.23,0.0,Credit Card,87.23,87.23
ORD-10943,CUST_1484,26,Female,69331.24,New York,2024-10-01,Clothing,3,422.15,0.1,Credit Card,1266.4499999999998,1139.8049999999998
ORD-10858,CUST_1046,16,Male,39831.52,Texas,2024-08-15,Books,1,162.31,0.15,Unknown,162.31,137.9635
ORD-11653,CUST_1025,57,Other / Unspecified,91540.22,California,2023-12-09,Electronics,1,277.15,0.05,Unknown,277.15,263.29249999999996
ORD-11597,CUST_1440,41,Female,68812.75,Unknown,2024-06-11,Electronics,1,19.4,0.1,Debit Card,19.4,17.46
ORD-11549,CUST_1534,16,Male,63378.3,Texas,2024-07-15,Electronics,3,415.43,0.15,Credit Card,1246.29,1059.3464999999999
ORD-10944,CUST_1441,50,Female,46557.76,Washington,2024-10-31,Sports & Outdoors,3,179.66,0.0,Unknown,538.98,538.98
ORD-10584,CUST_1476,48,Male,91317.03,Texas,2024-10-31,Clothing,1,258.75,0.2,Credit Card,258.75,207.0
ORD-11194,CUST_1347,16,Other / Unspecified,98203.76,Washington,2024-02-16,Sports & Outdoors,1,179.66,0.2,Credit Card,179.66,143.728
ORD-10064,CUST_1371,16,Male,45837.46,California,2023-08-15,Books,4,333.67,0.15,Credit Card,1334.68,1134.478
ORD-10298,CUST_1073,35,Male,78432.81,Texas,2023-08-15,Books,4,186.2,0.0,Cash,744.8,744.8
ORD-11037,CUST_1312,38,Female,47770.97,California,2023-08-23,Electronics,1,106.43,0.15,Unknown,106.43,90.4655
ORD-11160,CUST_1057,32,Male,56760.36,Unknown,2024-02-01,Beauty & Personal Care,1,218.86,0.05,Unknown,218.86,207.917
ORD-11211,CUST_1479,38,Female,85327.06,Unknown,2024-03-28,Sports & Outdoors,1,40.49,0.15,Debit Card,40.49,34.4165
ORD-11426,CUST_1343,41,Female,49248.93,Texas,2024-04-03,Home & Kitchen,1,209.16,0.05,Debit Card,209.16,198.702
ORD-11753,CUST_1255,36,Male,95094.36,Texas,2024-04-03,Clothing,1,297.8,0.1,Cash,297.8,268.02000000000004
ORD-10317,CUST_1187,33,Male,57129.39,Texas,2024-03-19,Electronics,2,171.77,0.2,PayPal,343.54,274.83200000000005
ORD-10585,CUST_1081,16,Female,59943.92,Illinois,2023-06-21,Clothing,1,203.07,0.05,PayPal,203.07,192.91649999999998
ORD-10451,CUST_1246,48,Other / Unspecified,47924.91,Illinois,2024-08-28,Home & Kitchen,1,101.53,0.0,PayPal,101.53,101.53
ORD-10695,CUST_1564,31,Female,54801.76,Florida,2024-08-28,Sports & Outdoors,3,211.22,0.05,Cash,633.66,601.977
ORD-11433,CUST_1326,46,Male,64101.24,California,2024-04-25,Home & Kitchen,1,382.71,0.2,Cash,382.71,306.168
ORD-10308,CUST_1059,47,Female,95068.22,Florida,2024-04-25,Books,3,351.33,0.0,Credit Card,1053.99,1053.99
ORD-10383,CUST_1104,25,Female,115570.84,Illinois,2023-02-21,Electronics,2,197.23,0.05,PayPal,394.46,374.73699999999997
ORD-10024,CUST_1325,36,Female,93138.46,Illinois,2024-11-20,Beauty & Personal Care,3,0.0,0.05,UPI / Digital Wallet,0.0,0.0
ORD-10945,CUST_1328,49,Female,24119.78,Texas,2023-11-13,Electronics,3,34.65,0.15,PayPal,103.94999999999999,88.35749999999999
ORD-10199,CUST_1325,19,Female,70743.94,Texas,2023-07-23,Clothing,1,205.04,0.05,UPI / Digital Wallet,205.04,194.78799999999998
ORD-10050,CUST_1104,32,Male,29513.93,Texas,2023-07-23,Beauty & Personal Care,2,449.0,0.2,UPI / Digital Wallet,898.0,718.4000000000001
ORD-10174,CUST_1263,44,Female,68319.17,Illinois,2024-03-13,Beauty & Personal Care,1,305.09,0.05,Debit Card,305.09,289.83549999999997
ORD-10299,CUST_1106,40,Male,49473.32,Washington,2024-04-11,Beauty & Personal Care,1,347.86,0.15,PayPal,347.86,295.681
ORD-10423,CUST_1593,33,Male,69559.78,Texas,2024-05-24,Electronics,1,417.5,0.2,UPI / Digital Wallet,417.5,334.0
ORD-10786,CUST_1194,35,Male,100194.62,Texas,2023-09-27,Sports & Outdoors,2,389.47,0.05,PayPal,778.94,739.993
ORD-11182,CUST_1424,38,Female,64101.24,California,2023-07-18,Electronics,2,96.57,0.05,Cash,193.14,183.48299999999998
ORD-11245,CUST_1480,56,Male,60771.06,California,2024-01-03,Clothing,1,205.04,0.2,Debit Card,205.04,164.032
ORD-10969,CUST_1046,47,Other / Unspecified,38804.66,California,2024-01-03,Clothing,1,126.63,0.2,Credit Card,126.63,101.304
ORD-10072,CUST_1440,60,Female,61419.46,Texas,2024-01-03,Home & Kitchen,1,182.08,0.1,PayPal,182.08,163.872
ORD-10367,CUST_1129,16,Male,69214.89,California,2024-01-03,Clothing,3,39.45,0.15,Credit Card,118.35000000000001,100.59750000000001
ORD-11759,CUST_1099,34,Female,78248.61,California,2023-05-11,Sports & Outdoors,1,319.04,0.05,PayPal,319.04,303.088
ORD-11976,CUST_1200,35,Female,51142.52,Illinois,2023-01-26,Electronics,2,211.22,0.15,PayPal,422.44,359.074
ORD-11906,CUST_1066,28,Male,73066.95,New York,2023-12-19,Beauty & Personal Care,3,124.97,0.15,Credit Card,374.90999999999997,318.6735
ORD-10508,CUST_1525,56,Female,61523.82,Texas,2023-12-19,Sports & Outdoors,1,378.9,0.05,Cash,378.9,359.955
ORD-11445,CUST_1402,32,Female,65033.11,Texas,2024-10-24,Books,4,137.91,0.15,UPI / Digital Wallet,551.64,468.89399999999995
ORD-11074,CUST_1169,19,Female,58566.21,Texas,2024-07-28,Clothing,2,276.77,0.05,PayPal,553.54,525.8629999999999
ORD-10589,CUST_1582,65,Male,55048.87,Illinois,2023-12-31,Sports & Outdoors,2,425.33,0.1,Credit Card,850.66,765.5939999999999
ORD-10939,CUST_1165,30,Male,15000.0,Washington,2024-08-06,Sports & Outdoors,2,206.56,0.0,UPI / Digital Wallet,413.12,413.12
ORD-11862,CUST_1301,18,Other / Unspecified,28660.07,Texas,2023-02-07,Electronics,1,211.22,0.0,Debit Card,211.22,211.22
ORD-11319,CUST_1093,16,Male,49853.26,Texas,2024-06-11,Electronics,1,300.69,0.15,PayPal,300.69,255.5865
ORD-10257,CUST_1597,34,Other / Unspecified,76788.98,Texas,2023-05-01,Clothing,1,264.67,0.1,Cash,264.67,238.20300000000003
ORD-10813,CUST_1387,47,Male,71994.62,Texas,2024-10-15,Clothing,1,67.96,0.1,UPI / Digital Wallet,67.96,61.163999999999994
ORD-11657,CUST_1144,47,Male,87992.85,New York,2023-01-31,Clothing,5,368.61,0.1,PayPal,1843.0500000000002,1658.7450000000001
ORD-11423,CUST_1153,80,Other / Unspecified,35889.74,New York,2024-05-20,Sports & Outdoors,1,178.1,0.15,Cash,178.1,151.385
ORD-11147,CUST_1491,29,Male,55975.92,New York,2024-05-20,Sports & Outdoors,1,191.0,0.0,UPI / Digital Wallet,191.0,191.0
ORD-10021,CUST_1106,33,Female,45979.5,Florida,2024-05-20,Books,2,40.31,0.05,PayPal,80.62,76.589
ORD-10421,CUST_1293,18,Male,78179.17,California,2023-08-13,Electronics,1,211.22,0.2,PayPal,211.22,168.976
ORD-11742,CUST_1065,33,Female,103124.68,Illinois,2023-06-27,Electronics,1,99.85,0.0,UPI / Digital Wallet,99.85,99.85
ORD-11677,CUST_1560,42,Female,63961.15,California,2024-06-24,Books,1,210.47,0.2,Unknown,210.47,168.376
ORD-11718,CUST_1590,38,Female,79285.65,New York,2024-06-03,Books,1,177.01,0.05,Unknown,177.01,168.15949999999998
ORD-10573,CUST_1402,41,Female,63544.94,Washington,2024-06-03,Electronics,1,69.09,0.15,Cash,69.09,58.7265
ORD-10907,CUST_1571,32,Female,67863.48,New York,2024-11-08,Clothing,2,265.67,0.05,PayPal,531.34,504.773
ORD-10889,CUST_1217,41,Other / Unspecified,45096.31,New York,2023-07-22,Clothing,1,300.72,0.05,PayPal,300.72,285.684
ORD-11316,CUST_1529,16,Other / Unspecified,95839.51,Texas,2023-05-17,Beauty & Personal Care,2,422.08,0.1,PayPal,844.16,759.744
ORD-11028,CUST_1401,52,Male,62756.54,Texas,2023-08-07,Home & Kitchen,2,272.81,0.2,Debit Card,545.62,436.49600000000004
ORD-11717,CUST_1501,41,Male,41483.57,New York,2023-12-27,Books,1,393.98,0.05,Cash,393.98,374.281
ORD-11954,CUST_1197,38,Male,25605.85,Florida,2023-05-29,Electronics,1,211.22,0.0,Cash,211.22,211.22
ORD-11805,CUST_1547,33,Female,64032.04,Texas,2023-06-16,Home & Kitchen,1,64.6,0.05,Debit Card,64.6,61.36999999999999
ORD-10271,CUST_1072,27,Male,99044.75,Texas,2024-06-11,Beauty & Personal Care,3,157.22,0.05,Debit Card,471.65999999999997,448.07699999999994
ORD-11940,CUST_1079,33,Female,104864.55,Texas,2024-06-15,Home & Kitchen,1,188.35,0.0,Cash,188.35,188.35
ORD-11489,CUST_1093,19,Male,81492.23,Florida,2023-11-15,Clothing,1,45.97,0.2,Credit Card,45.97,36.776
ORD-10745,CUST_1363,52,Male,65932.57,Washington,2024-11-03,Electronics,2,16.54,0.1,Debit Card,33.08,29.772
ORD-10412,CUST_1080,61,Male,47478.51,Texas,2024-01-31,Books,1,209.66,0.2,PayPal,209.66,167.728
ORD-11361,CUST_1390,33,Male,46815.46,Florida,2023-11-13,Electronics,2,211.22,0.15,PayPal,422.44,359.074
ORD-10026,CUST_1493,36,Other / Unspecified,52858.88,California,2024-04-01,Electronics,1,211.22,0.2,Unknown,211.22,168.976
ORD-11655,CUST_1221,38,Male,69766.45,Illinois,2023-12-01,Electronics,4,57.49,0.15,PayPal,229.96,195.466
ORD-10079,CUST_1242,41,Male,59384.22,Texas,2024-04-18,Clothing,5,0.0,0.2,Unknown,0.0,0.0
ORD-11303,CUST_1153,44,Male,64099.61,Illinois,2024-08-16,Electronics,4,308.51,0.2,Unknown,1234.04,987.232
ORD-10033,CUST_1373,35,Male,32478.61,Washington,2023-10-02,Electronics,1,136.7,0.15,Credit Card,136.7,116.195
ORD-10760,CUST_1262,16,Female,62766.64,Texas,2023-10-02,Beauty & Personal Care,2,142.29,0.0,Credit Card,284.58,284.58
ORD-10890,CUST_1428,46,Female,60087.03,Unknown,2023-08-18,Clothing,2,157.73,0.0,PayPal,315.46,315.46
ORD-11476,CUST_1119,31,Male,55106.81,Washington,2024-02-06,Home & Kitchen,1,83.23,0.0,PayPal,83.23,83.23
ORD-10164,CUST_1329,38,Male,61753.9,Washington,2024-02-06,Books,1,419.23,0.05,Cash,419.23,398.2685
ORD-10204,CUST_1331,17,Female,37846.07,Florida,2024-02-06,Clothing,2,335.99,0.05,Credit Card,671.98,638.381
ORD-11920,CUST_1376,23,Male,66889.48,Texas,2023-12-01,Sports & Outdoors,1,296.63,0.0,Cash,296.63,296.63
ORD-10807,CUST_1147,46,Male,63336.86,Florida,2023-08-19,Electronics,1,211.22,0.1,Cash,211.22,190.098
ORD-11748,CUST_1350,48,Female,64284.32,Unknown,2024-06-24,Clothing,1,409.31,0.05,Credit Card,409.31,388.8445
ORD-11491,CUST_1399,32,Male,75028.74,Illinois,2024-06-24,Clothing,2,205.04,0.2,UPI / Digital Wallet,410.08,328.064
ORD-10306,CUST_1291,20,Female,54917.27,Florida,2023-10-05,Home & Kitchen,2,150.53,0.15,Credit Card,301.06,255.90099999999998
ORD-10863,CUST_1137,40,Female,88187.35,California,2023-08-16,Clothing,1,205.04,0.2,PayPal,205.04,164.032
ORD-11876,CUST_1203,32,Female,67076.63,California,2024-01-22,Clothing,5,21.03,0.15,PayPal,105.15,89.3775
ORD-10758,CUST_1113,65,Male,81576.33,Florida,2024-04-10,Clothing,1,248.55,0.0,Credit Card,248.55,248.55
ORD-10193,CUST_1088,34,Male,70289.16,Illinois,2024-08-15,Clothing,1,205.04,0.0,Credit Card,205.04,205.04
ORD-11318,CUST_1586,16,Female,82471.37,New York,2023-05-10,Electronics,1,211.22,0.15,Credit Card,211.22,179.537
ORD-11462,CUST_1509,38,Male,25785.43,Texas,2023-05-10,Home & Kitchen,1,31.66,0.0,PayPal,31.66,31.66
ORD-10219,CUST_1300,67,Male,99110.79,New York,2024-10-19,Electronics,1,291.99,0.0,Unknown,291.99,291.99
ORD-10603,CUST_1513,16,Female,52931.15,California,2024-06-22,Clothing,1,445.3,0.0,PayPal,445.3,445.3
ORD-10934,CUST_1323,80,Other / Unspecified,59317.73,Texas,2023-03-06,Books,1,193.76,0.05,PayPal,193.76,184.07199999999997
ORD-10352,CUST_1450,42,Male,66100.91,Unknown,2023-09-09,Books,1,229.06,0.05,Unknown,229.06,217.607
ORD-11883,CUST_1344,34,Female,90472.26,Texas,2023-11-15,Books,1,47.01,0.1,PayPal,47.01,42.309
ORD-11663,CUST_1016,64,Other / Unspecified,54817.01,California,2023-09-30,Home & Kitchen,1,289.58,0.1,Debit Card,289.58,260.622
ORD-11556,CUST_1421,55,Female,65351.65,Illinois,2023-01-25,Sports & Outdoors,3,0.0,0.0,Credit Card,0.0,0.0
ORD-11859,CUST_1571,40,Male,46582.3,California,2023-01-25,Home & Kitchen,3,98.65,0.15,UPI / Digital Wallet,295.95000000000005,251.55750000000003
ORD-11107,CUST_1312,44,Female,52064.59,New York,2023-01-25,Sports & Outdoors,1,179.66,0.0,Debit Card,179.66,179.66
ORD-10060,CUST_1151,57,Female,87998.09,California,2024-01-21,Books,3,210.47,0.2,Unknown,631.41,505.128
ORD-11030,CUST_1050,48,Male,81125.03,Texas,2024-01-21,Books,2,284.52,0.15,PayPal,569.04,483.68399999999997
ORD-11911,CUST_1326,47,Male,81869.13,California,2024-01-21,Books,1,140.02,0.1,Credit Card,140.02,126.01800000000001
ORD-11353,CUST_1340,31,Male,62652.92,Texas,2024-01-21,Clothing,3,0.0,0.1,PayPal,0.0,0.0
ORD-10074,CUST_1089,26,Female,68952.75,Texas,2024-06-24,Clothing,3,205.04,0.1,Credit Card,615.12,553.6080000000001
ORD-11691,CUST_1087,75,Male,98253.33,New York,2023-11-15,Electronics,4,141.58,0.0,Credit Card,566.32,566.32
ORD-10163,CUST_1587,29,Female,97986.51,Unknown,2024-04-09,Home & Kitchen,1,374.97,0.2,Credit Card,374.97,299.97600000000006
ORD-10650,CUST_1321,59,Female,73090.1,New York,2023-08-02,Clothing,3,215.19,0.15,PayPal,645.5699999999999,548.7344999999999
ORD-11781,CUST_1534,22,Female,49990.17,Washington,2024-05-13,Clothing,2,328.18,0.1,PayPal,656.36,590.724
ORD-11413,CUST_1359,38,Male,71610.83,Texas,2024-05-13,Beauty & Personal Care,1,209.45999999999998,0.15,Credit Card,209.45999999999998,178.04099999999997
ORD-11698,CUST_1217,48,Female,58506.09,Florida,2024-05-13,Beauty & Personal Care,3,226.76,0.15,PayPal,680.28,578.2379999999999
ORD-10809,CUST_1258,27,Other / Unspecified,55316.05,Texas,2023-09-06,Home & Kitchen,5,188.35,0.15,Credit Card,941.75,800.4875
ORD-11135,CUST_1205,39,Male,76241.97,California,2023-05-28,Electronics,2,211.22,0.15,Cash,422.44,359.074
ORD-10963,CUST_1530,36,Female,60203.38,California,2024-07-08,Clothing,1,205.04,0.05,PayPal,205.04,194.78799999999998
ORD-11115,CUST_1593,32,Male,53535.44,New York,2024-07-08,Electronics,1,273.63,0.05,UPI / Digital Wallet,273.63,259.94849999999997
ORD-11183,CUST_1010,61,Male,67534.24,California,2023-02-11,Beauty & Personal Care,1,297.83,0.05,PayPal,297.83,282.9385
ORD-10894,CUST_1334,44,Male,75910.34,New York,2024-08-17,Electronics,3,68.19,0.15,Cash,204.57,173.8845
ORD-10046,CUST_1392,31,Other / Unspecified,76869.6,Washington,2023-08-13,Electronics,2,348.98,0.1,Debit Card,697.96,628.1640000000001
ORD-11688,CUST_1467,31,Male,64101.24,California,2023-05-15,Clothing,1,0.0,0.2,Unknown,0.0,0.0
ORD-10439,CUST_1104,23,Male,71171.32,New York,2023-05-15,Books,3,385.0,0.05,PayPal,1155.0,1097.25
ORD-11023,CUST_1400,32,Male,58108.88,Texas,2024-10-13,Electronics,2,421.87,0.0,Credit Card,843.74,843.74
ORD-10618,CUST_1191,19,Female,15000.0,California,2024-04-19,Clothing,2,374.63,0.05,Debit Card,749.26,711.7969999999999
ORD-10077,CUST_1007,53,Other / Unspecified,51994.42,California,2023-03-23,Clothing,1,205.04,0.0,Cash,205.04,205.04
ORD-11650,CUST_1213,31,Female,65033.11,Texas,2023-08-13,Electronics,1,333.15,0.15,Debit Card,333.15,283.17749999999995
ORD-11509,CUST_1594,38,Female,80673.83,Texas,2023-08-13,Sports & Outdoors,1,258.9,0.1,PayPal,258.9,233.01
ORD-10608,CUST_1213,27,Male,67418.31,New York,2024-05-30,Clothing,3,19.8,0.0,Debit Card,59.400000000000006,59.400000000000006
ORD-10747,CUST_1532,29,Male,93305.9,New York,2024-02-27,Electronics,3,67.86,0.15,Credit Card,203.57999999999998,173.04299999999998
ORD-10555,CUST_1256,38,Female,81076.61,New York,2024-11-17,Clothing,2,276.6,0.1,UPI / Digital Wallet,553.2,497.88000000000005
ORD-11507,CUST_1065,24,Female,81325.83,Illinois,2024-08-09,Electronics,1,401.99,0.2,Cash,401.99,321.59200000000004
ORD-11561,CUST_1072,28,Female,52877.1,Washington,2023-08-15,Clothing,4,161.55,0.2,Cash,646.2,516.96
ORD-10612,CUST_1253,16,Male,35324.52,Texas,2023-08-15,Beauty & Personal Care,3,430.27,0.2,PayPal,1290.81,1032.648
ORD-10394,CUST_1523,35,Male,64220.58500000001,Florida,2023-01-16,Clothing,4,179.15,0.1,Debit Card,716.6,644.94
ORD-10927,CUST_1550,27,Male,15000.0,Unknown,2024-04-11,Beauty & Personal Care,1,199.23,0.05,PayPal,199.23,189.2685
ORD-10031,CUST_1058,47,Female,77864.64,Texas,2023-07-09,Books,1,244.84,0.15,Debit Card,244.84,208.114
ORD-11984,CUST_1160,39,Other / Unspecified,69538.39,Illinois,2023-07-09,Beauty & Personal Care,5,0.0,0.2,Cash,0.0,0.0
ORD-11611,CUST_1518,42,Male,64359.65,Florida,2023-03-18,Home & Kitchen,2,59.11,0.2,Cash,118.22,94.57600000000001
ORD-11473,CUST_1582,36,Male,86462.97,Texas,2023-02-01,Beauty & Personal Care,1,313.07,0.0,PayPal,313.07,313.07
ORD-10711,CUST_1409,61,Female,63381.28,Illinois,2023-02-01,Books,1,74.99,0.1,Cash,74.99,67.491
ORD-10910,CUST_1301,23,Male,64101.24,California,2023-05-06,Electronics,3,211.22,0.2,UPI / Digital Wallet,633.66,506.928
ORD-11553,CUST_1156,30,Male,59118.44,New York,2024-02-28,Beauty & Personal Care,1,226.06,0.05,Credit Card,226.06,214.757
ORD-11750,CUST_1024,23,Male,15000.0,Texas,2024-08-17,Beauty & Personal Care,1,427.98,0.05,Cash,427.98,406.581
ORD-11666,CUST_1146,21,Male,85121.43,Texas,2023-12-03,Clothing,1,264.63,0.0,Credit Card,264.63,264.63
ORD-11744,CUST_1276,73,Female,65127.44,Unknown,2024-06-25,Books,2,434.69,0.1,PayPal,869.38,782.442
ORD-10463,CUST_1351,40,Female,72162.84,New York,2023-12-19,Clothing,4,0.0,0.1,PayPal,0.0,0.0
ORD-11672,CUST_1411,27,Female,68167.17,New York,2024-04-01,Sports & Outdoors,3,30.98,0.15,Credit Card,92.94,78.999
ORD-10345,CUST_1025,51,Male,41347.05,New York,2024-04-01,Clothing,1,82.22,0.2,PayPal,82.22,65.776
ORD-10045,CUST_1243,38,Female,64484.6,California,2023-11-18,Beauty & Personal Care,1,439.15,0.1,Cash,439.15,395.235
ORD-10675,CUST_1350,32,Male,80688.05,Florida,2024-05-31,Beauty & Personal Care,5,306.6,0.1,PayPal,1533.0,1379.7
ORD-10483,CUST_1233,26,Female,72711.0,Washington,2023-10-21,Electronics,1,211.22,0.0,PayPal,211.22,211.22
ORD-10169,CUST_1014,41,Male,77570.51,Florida,2023-07-24,Books,1,84.0,0.05,UPI / Digital Wallet,84.0,79.8
ORD-10304,CUST_1050,30,Male,59999.86,Washington,2024-08-13,Sports & Outdoors,1,179.66,0.15,Credit Card,179.66,152.71099999999998
ORD-11867,CUST_1577,52,Female,40533.76,Texas,2024-08-13,Beauty & Personal Care,1,253.24,0.05,Cash,253.24,240.578
ORD-11069,CUST_1567,38,Male,58910.97,Texas,2024-08-13,Beauty & Personal Care,4,415.7,0.2,Cash,1662.8,1330.24
ORD-10353,CUST_1078,16,Other / Unspecified,47077.1,Texas,2024-08-13,Electronics,1,396.8,0.0,Debit Card,396.8,396.8
ORD-10092,CUST_1145,19,Female,92859.84,New York,2023-10-30,Clothing,1,241.1,0.0,Credit Card,241.1,241.1
ORD-10999,CUST_1160,76,Male,58480.41,Florida,2024-04-01,Books,1,88.76,0.15,PayPal,88.76,75.446
ORD-11510,CUST_1192,38,Male,93916.93,California,2023-11-09,Home & Kitchen,5,366.74,0.2,Credit Card,1833.7,1466.96
ORD-10753,CUST_1466,45,Male,79833.64,Florida,2023-11-09,Sports & Outdoors,3,179.66,0.1,PayPal,538.98,485.08200000000005
ORD-10487,CUST_1503,37,Male,102655.28,California,2024-04-10,Clothing,2,432.21,0.1,Credit Card,864.42,777.978
ORD-10651,CUST_1290,44,Female,53909.51,California,2024-04-10,Electronics,1,211.22,0.1,PayPal,211.22,190.098
ORD-11579,CUST_1513,21,Female,60565.12,Florida,2023-02-12,Home & Kitchen,1,127.08,0.0,Debit Card,127.08,127.08
ORD-10716,CUST_1271,38,Male,67418.31,New York,2024-05-17,Clothing,1,435.21,0.15,Credit Card,435.21,369.9285
ORD-10860,CUST_1544,59,Male,82963.58,Washington,2024-05-17,Home & Kitchen,1,188.35,0.2,PayPal,188.35,150.68
ORD-10535,CUST_1327,37,Male,97563.06,California,2024-11-18,Clothing,1,279.83,0.0,PayPal,279.83,279.83
ORD-10354,CUST_1325,38,Male,59176.91,Washington,2024-04-27,Beauty & Personal Care,1,152.85,0.0,PayPal,152.85,152.85
ORD-10979,CUST_1184,20,Male,64101.24,California,2024-07-02,Books,1,338.15,0.0,Credit Card,338.15,338.15
ORD-11161,CUST_1092,27,Male,67418.31,New York,2024-08-14,Electronics,1,34.57,0.2,Cash,34.57,27.656000000000002
ORD-11574,CUST_1531,50,Male,91076.79,Illinois,2024-08-14,Books,3,210.47,0.25,PayPal,631.41,473.5575
ORD-10186,CUST_1017,43,Male,27089.23,California,2023-02-27,Home & Kitchen,1,380.32,0.0,Credit Card,380.32,380.32
ORD-10722,CUST_1453,42,Male,36979.54,Unknown,2023-04-20,Clothing,1,247.27,0.1,Cash,247.27,222.543
ORD-11482,CUST_1159,26,Female,54542.0,New York,2024-10-13,Sports & Outdoors,1,188.39,0.05,PayPal,188.39,178.9705
ORD-11248,CUST_1084,28,Female,69306.31,Texas,2024-07-22,Sports & Outdoors,5,179.66,0.05,PayPal,898.3,853.3849999999999
ORD-11279,CUST_1032,35,Male,70801.2,California,2024-03-11,Books,1,82.95,0.1,PayPal,82.95,74.655
ORD-10301,CUST_1152,73,Male,64655.49,Texas,2023-01-21,Electronics,1,355.7,0.0,PayPal,355.7,355.7
ORD-11302,CUST_1324,40,Female,53181.34,Washington,2024-12-05,Clothing,2,417.3,0.1,Credit Card,834.6,751.14
ORD-11942,CUST_1310,44,Male,67885.78,New York,2023-07-02,Clothing,1,51.11,0.05,PayPal,51.11,48.5545
ORD-11300,CUST_1484,17,Male,64936.11,New York,2024-06-25,Home & Kitchen,1,0.0,0.0,Cash,0.0,0.0
ORD-11980,CUST_1401,80,Female,56878.28,Florida,2024-01-10,Clothing,1,113.62,0.05,PayPal,113.62,107.939
ORD-11857,CUST_1239,38,Female,65351.65,Illinois,2023-11-06,Books,2,210.47,0.0,UPI / Digital Wallet,420.94,420.94
ORD-10316,CUST_1010,67,Female,41766.9,Washington,2024-09-18,Clothing,2,317.79,0.15,Credit Card,635.58,540.243
ORD-11454,CUST_1519,44,Male,57189.89,Texas,2024-11-25,Electronics,1,210.03,0.0,Credit Card,210.03,210.03
ORD-11104,CUST_1034,45,Male,83177.43,Washington,2024-11-25,Electronics,4,211.22,0.0,Debit Card,844.88,844.88
ORD-11062,CUST_1267,68,Other / Unspecified,67020.16,California,2024-02-03,Electronics,1,403.18,0.1,UPI / Digital Wallet,403.18,362.862
ORD-10176,CUST_1188,49,Female,44219.21,California,2024-11-28,Clothing,1,181.42,0.2,Cash,181.42,145.136
ORD-11091,CUST_1151,34,Female,81933.22,California,2024-10-01,Clothing,2,423.21,0.15,UPI / Digital Wallet,846.42,719.457
ORD-11090,CUST_1014,48,Male,47124.72,Texas,2024-10-01,Clothing,3,236.7,0.2,Credit Card,710.0999999999999,568.0799999999999
ORD-10781,CUST_1490,27,Female,78522.6,New York,2024-10-01,Clothing,2,290.87,0.1,Credit Card,581.74,523.566
ORD-11710,CUST_1189,57,Other / Unspecified,83508.61,Florida,2024-06-10,Home & Kitchen,2,188.35,0.2,Debit Card,376.7,301.36
ORD-10124,CUST_1515,28,Female,72887.65,California,2023-08-17,Clothing,1,337.64,0.1,Cash,337.64,303.876
ORD-10465,CUST_1122,41,Female,64708.56,Florida,2023-09-30,Beauty & Personal Care,1,226.19,0.05,Cash,226.19,214.88049999999998
ORD-11477,CUST_1148,38,Male,94479.87,Florida,2023-09-30,Electronics,1,129.3,0.0,Unknown,129.3,129.3
ORD-10395,CUST_1066,20,Female,20858.95,Illinois,2023-09-30,Books,3,101.22,0.05,PayPal,303.65999999999997,288.477
ORD-11354,CUST_1517,40,Female,65461.61,Florida,2024-05-28,Sports & Outdoors,1,140.68,0.15,Unknown,140.68,119.578
ORD-11581,CUST_1231,16,Female,79694.65,Texas,2024-05-28,Clothing,3,381.71,0.2,Cash,1145.1299999999999,916.1039999999999
ORD-11469,CUST_1343,63,Female,88088.18,Florida,2024-05-28,Electronics,2,281.07,0.25,Cash,562.14,421.605
ORD-10562,CUST_1306,37,Male,9999999.0,California,2023-04-11,Electronics,2,129.76,0.0,Cash,259.52,259.52
ORD-10332,CUST_1343,41,Female,89386.24,California,2023-04-11,Clothing,1,205.04,0.0,PayPal,205.04,205.04
ORD-10746,CUST_1380,45,Other / Unspecified,78566.14,Illinois,2024-06-11,Clothing,2,205.04,0.0,Credit Card,410.08,410.08
ORD-10409,CUST_1302,32,Male,75537.65,Florida,2023-09-30,Books,2,152.66,0.2,Debit Card,305.32,244.256
ORD-10195,CUST_1315,42,Female,109219.5,Texas,2023-09-30,Clothing,1,397.51,0.15,Unknown,397.51,337.88349999999997
ORD-10728,CUST_1046,62,Female,75295.23,Illinois,2023-09-30,Electronics,3,134.47,0.1,Unknown,403.40999999999997,363.06899999999996
ORD-11591,CUST_1059,36,Female,66603.13,Washington,2024-04-30,Beauty & Personal Care,2,323.22,0.1,Debit Card,646.44,581.796
ORD-11897,CUST_1454,38,Male,70568.32,California,2024-04-30,Books,1,210.47,0.15,Cash,210.47,178.8995
ORD-10323,CUST_1556,73,Female,68299.43,Washington,2024-07-31,Electronics,1,211.22,0.15,UPI / Digital Wallet,211.22,179.537
ORD-10528,CUST_1582,45,Female,59813.5,Texas,2024-08-15,Sports & Outdoors,1,369.97,0.1,PayPal,369.97,332.973
ORD-11270,CUST_1122,34,Male,75266.45,Texas,2023-02-03,Sports & Outdoors,1,179.66,0.1,Cash,179.66,161.694
ORD-10267,CUST_1408,61,Female,95143.35,Illinois,2023-05-06,Home & Kitchen,1,45.19,0.05,Cash,45.19,42.930499999999995
ORD-10580,CUST_1502,16,Female,65719.86,California,2023-05-06,Books,1,210.47,0.2,Debit Card,210.47,168.376
ORD-11525,CUST_1544,27,Male,70079.97,Illinois,2023-06-14,Electronics,3,425.99,0.0,Debit Card,1277.97,1277.97
ORD-10068,CUST_1335,37,Male,92097.67,Illinois,2024-02-06,Clothing,2,205.04,0.1,Debit Card,410.08,369.072
ORD-11048,CUST_1480,30,Female,68791.1,Washington,2024-09-28,Books,2,210.47,0.1,Debit Card,420.94,378.846
ORD-11671,CUST_1573,26,Female,9999999.0,Washington,2024-01-29,Electronics,1,211.22,0.1,Debit Card,211.22,190.098
ORD-11403,CUST_1515,34,Male,17380.93,New York,2024-01-29,Books,1,210.47,0.1,Credit Card,210.47,189.423
ORD-10766,CUST_1183,26,Male,63618.76,Texas,2024-09-09,Sports & Outdoors,2,393.77,0.05,Cash,787.54,748.1629999999999
ORD-11583,CUST_1590,38,Male,70114.4,New York,2024-08-01,Books,2,162.61,0.05,UPI / Digital Wallet,325.22,308.959
ORD-11011,CUST_1358,20,Male,56221.26,Unknown,2024-03-03,Clothing,3,205.04,0.2,Credit Card,615.12,492.096
ORD-11506,CUST_1367,30,Male,64101.24,California,2023-10-17,Clothing,2,200.31,0.1,Credit Card,400.62,360.558
ORD-11823,CUST_1393,43,Male,64302.8,Florida,2023-05-26,Home & Kitchen,1,354.57,0.05,Cash,354.57,336.8415
ORD-10615,CUST_1118,62,Female,67924.27,California,2023-10-21,Electronics,1,251.87,0.05,Credit Card,251.87,239.2765
ORD-11010,CUST_1582,40,Female,15000.0,Illinois,2024-11-28,Beauty & Personal Care,1,209.45999999999998,0.05,Credit Card,209.45999999999998,198.98699999999997
ORD-10744,CUST_1222,47,Male,64323.96,California,2024-11-13,Electronics,1,188.39,0.2,Credit Card,188.39,150.712
ORD-11737,CUST_1361,55,Male,76215.81,New York,2024-06-08,Electronics,3,55.95,0.15,Debit Card,167.85000000000002,142.6725
ORD-10789,CUST_1005,18,Male,65033.11,Texas,2024-10-10,Books,1,283.35,0.1,Credit Card,283.35,255.01500000000001
ORD-11979,CUST_1194,52,Female,104629.62,Texas,2023-01-18,Clothing,2,205.04,0.2,PayPal,410.08,328.064
ORD-10586,CUST_1566,22,Female,55630.19,Washington,2023-02-15,Books,3,210.47,0.05,PayPal,631.41,599.8394999999999
ORD-11977,CUST_1460,21,Male,64945.78,Texas,2023-03-28,Electronics,3,0.0,0.1,PayPal,0.0,0.0
ORD-10530,CUST_1010,38,Male,57579.07,New York,2023-03-28,Electronics,1,98.21,0.2,Cash,98.21,78.568
ORD-10693,CUST_1366,26,Female,72976.94,California,2024-01-05,Electronics,1,211.22,0.0,Cash,211.22,211.22
ORD-11629,CUST_1529,40,Male,63544.94,Washington,2023-09-22,Beauty & Personal Care,2,180.66,0.15,PayPal,361.32,307.122
ORD-11678,CUST_1399,60,Male,64101.24,California,2023-09-22,Home & Kitchen,4,188.35,0.1,UPI / Digital Wallet,753.4,678.06
ORD-11764,CUST_1015,42,Female,83219.01,Florida,2023-05-02,Clothing,1,152.61,0.0,Credit Card,152.61,152.61
ORD-11386,CUST_1412,41,Female,36158.42,Illinois,2023-09-27,Clothing,1,116.21,0.1,PayPal,116.21,104.589
ORD-11836,CUST_1151,45,Male,40827.81,California,2023-04-08,Books,1,440.76,0.1,Debit Card,440.76,396.684
ORD-11450,CUST_1382,47,Female,56171.28,California,2024-11-27,Electronics,1,91.29,0.05,Credit Card,91.29,86.7255
ORD-10737,CUST_1317,38,Female,61885.47,Florida,2024-11-27,Sports & Outdoors,1,347.18,0.2,PayPal,347.18,277.744
ORD-10450,CUST_1158,34,Female,48979.64,California,2023-09-21,Clothing,3,293.95,0.1,Credit Card,881.8499999999999,793.665
ORD-10262,CUST_1288,48,Male,46275.22,New York,2023-10-27,Home & Kitchen,1,444.96,0.1,Cash,444.96,400.464
ORD-10539,CUST_1511,31,Female,41306.0,New York,2024-11-15,Electronics,4,342.55,0.05,Unknown,1370.2,1301.69
ORD-11719,CUST_1266,52,Female,38696.18,California,2024-11-15,Clothing,2,203.85,0.05,Credit Card,407.7,387.315
ORD-10731,CUST_1320,26,Female,22849.58,Texas,2023-01-02,Clothing,2,137.83,0.15,Debit Card,275.66,234.311
ORD-10241,CUST_1273,29,Female,42996.37,Florida,2024-08-02,Electronics,4,211.22,0.15,Credit Card,844.88,718.148
ORD-11106,CUST_1423,44,Female,70677.01,California,2023-06-19,Electronics,3,211.22,0.0,Credit Card,633.66,633.66
ORD-11850,CUST_1562,26,Male,71744.02,California,2023-06-19,Electronics,3,0.0,0.25,Debit Card,0.0,0.0
ORD-11481,CUST_1085,38,Male,105737.89,Florida,2024-10-10,Home & Kitchen,1,188.35,0.05,Debit Card,188.35,178.93249999999998
ORD-11620,CUST_1542,60,Male,53873.03,Illinois,2024-10-10,Clothing,1,139.26,0.2,Credit Card,139.26,111.408
ORD-10621,CUST_1408,22,Female,65715.11,California,2024-01-01,Home & Kitchen,1,188.35,0.2,PayPal,188.35,150.68
ORD-10366,CUST_1014,16,Other / Unspecified,73184.92,Illinois,2024-01-01,Clothing,1,69.86,0.0,Debit Card,69.86,69.86
ORD-10882,CUST_1396,31,Male,57357.24,Texas,2023-08-02,Books,2,210.47,0.0,Credit Card,420.94,420.94
ORD-11092,CUST_1453,39,Female,63602.73,Washington,2024-08-10,Books,2,302.9,0.2,Unknown,605.8,484.64
ORD-11617,CUST_1293,23,Other / Unspecified,120036.94,New York,2024-08-10,Clothing,1,197.11,0.15,Debit Card,197.11,167.5435
ORD-10694,CUST_1189,47,Male,54027.82,California,2024-09-30,Beauty & Personal Care,1,277.69,0.0,Cash,277.69,277.69
ORD-11324,CUST_1547,30,Female,59083.38,Texas,2023-01-02,Sports & Outdoors,1,179.66,0.15,Credit Card,179.66,152.71099999999998
ORD-11447,CUST_1126,38,Female,87399.7,Texas,2024-02-02,Clothing,1,78.78,0.1,Cash,78.78,70.902
ORD-10987,CUST_1532,56,Male,47880.54,Florida,2023-02-19,Books,1,282.66,0.1,Credit Card,282.66,254.39400000000003
ORD-10533,CUST_1069,54,Female,34512.59,California,2023-02-19,Clothing,2,205.04,0.15,Debit Card,410.08,348.568
ORD-10924,CUST_1001,60,Female,76397.54,California,2024-08-05,Beauty & Personal Care,1,117.63,0.1,Cash,117.63,105.867
ORD-10319,CUST_1152,34,Female,84357.97,Unknown,2023-03-14,Home & Kitchen,4,0.0,0.0,UPI / Digital Wallet,0.0,0.0
ORD-10549,CUST_1573,37,Male,65386.99,Texas,2024-03-24,Clothing,1,137.08,0.1,UPI / Digital Wallet,137.08,123.37200000000001
ORD-10793,CUST_1428,19,Male,81207.76,New York,2024-04-04,Electronics,2,297.04,0.05,Cash,594.08,564.376
ORD-11317,CUST_1131,35,Female,105441.54,Florida,2024-01-19,Sports & Outdoors,3,0.0,0.15,Cash,0.0,0.0
ORD-10708,CUST_1370,28,Other / Unspecified,82217.94,New York,2023-11-27,Sports & Outdoors,1,50.17,0.0,UPI / Digital Wallet,50.17,50.17
ORD-11997,CUST_1534,65,Female,58713.06,New York,2024-03-14,Clothing,1,0.0,0.0,Credit Card,0.0,0.0
ORD-10344,CUST_1296,33,Male,61162.02,Texas,2024-01-13,Clothing,3,356.56,0.15,Debit Card,1069.68,909.2280000000001
ORD-10399,CUST_1483,46,Female,66021.69,Texas,2023-10-22,Home & Kitchen,5,304.56,0.15,Credit Card,1522.8,1294.3799999999999
ORD-11700,CUST_1207,16,Male,40538.06,Illinois,2023-03-09,Clothing,1,305.25,0.1,PayPal,305.25,274.725
ORD-10293,CUST_1101,37,Male,51671.78,California,2023-05-14,Electronics,1,153.63,0.2,Credit Card,153.63,122.904
ORD-10702,CUST_1303,38,Male,62096.96,Unknown,2023-04-23,Books,1,210.47,0.05,Unknown,210.47,199.9465
ORD-11045,CUST_1576,39,Other / Unspecified,35792.01,Florida,2024-07-02,Beauty & Personal Care,1,146.45,0.05,PayPal,146.45,139.12749999999997
ORD-11041,CUST_1522,27,Male,54387.98,Washington,2023-09-06,Clothing,3,250.63,0.1,Cash,751.89,676.701
ORD-10142,CUST_1279,37,Male,74689.52,Illinois,2023-10-16,Home & Kitchen,1,0.0,0.0,Debit Card,0.0,0.0
ORD-10817,CUST_1184,23,Male,46176.3,Washington,2023-08-18,Electronics,2,136.14,0.05,Cash,272.28,258.66599999999994
ORD-10003,CUST_1505,38,Female,101929.16,Texas,2023-01-10,Electronics,3,147.51,0.15,Unknown,442.53,376.15049999999997
ORD-11232,CUST_1479,31,Other / Unspecified,65132.48,Florida,2023-10-17,Sports & Outdoors,1,0.0,0.0,UPI / Digital Wallet,0.0,0.0
ORD-10340,CUST_1199,38,Female,99574.04,California,2024-09-01,Beauty & Personal Care,1,327.05,0.15,Debit Card,327.05,277.9925
ORD-11950,CUST_1594,61,Female,51816.31,California,2024-09-01,Home & Kitchen,1,188.35,0.15,Debit Card,188.35,160.0975
ORD-10266,CUST_1534,33,Female,26736.12,Illinois,2024-08-10,Electronics,3,381.28,0.0,Credit Card,1143.84,1143.84
ORD-10377,CUST_1172,48,Female,68280.12,Florida,2023-04-16,Clothing,1,172.13,0.1,Credit Card,172.13,154.917
ORD-11902,CUST_1483,79,Female,33385.11,Illinois,2024-09-13,Clothing,1,87.58,0.1,Debit Card,87.58,78.822
ORD-10440,CUST_1065,22,Male,85806.71,Florida,2024-09-10,Electronics,2,0.0,0.0,Cash,0.0,0.0
ORD-10272,CUST_1008,16,Male,70199.0,Florida,2024-09-10,Books,1,332.66,0.2,Unknown,332.66,266.12800000000004
ORD-10245,CUST_1302,16,Male,64220.58500000001,Florida,2023-10-30,Clothing,3,261.47,0.05,Cash,784.4100000000001,745.1895000000001
ORD-10591,CUST_1430,17,Female,34511.31,Unknown,2023-01-27,Electronics,1,433.31,0.1,PayPal,433.31,389.979
ORD-11996,CUST_1025,43,Female,59088.37,Unknown,2024-09-14,Clothing,1,39.69,0.0,Cash,39.69,39.69
ORD-10870,CUST_1236,62,Male,69389.95,New York,2023-04-20,Home & Kitchen,2,387.11,0.05,Cash,774.22,735.509
ORD-10416,CUST_1444,20,Male,54465.58,California,2023-04-13,Books,5,217.4,0.0,Debit Card,1087.0,1087.0
ORD-10274,CUST_1439,27,Female,64942.31,Washington,2024-01-04,Beauty & Personal Care,3,268.66,0.1,PayPal,805.98,725.3820000000001
ORD-11475,CUST_1312,62,Other / Unspecified,15000.0,Unknown,2023-05-17,Electronics,1,182.02,0.2,Cash,182.02,145.616
ORD-10251,CUST_1337,20,Male,49716.17,Illinois,2023-12-29,Electronics,2,211.22,0.15,PayPal,422.44,359.074
ORD-10414,CUST_1031,45,Female,43035.05,California,2024-02-26,Sports & Outdoors,1,260.75,0.15,UPI / Digital Wallet,260.75,221.6375
ORD-11331,CUST_1150,49,Male,78313.57,New York,2024-09-21,Electronics,2,45.59,0.05,Credit Card,91.18,86.62100000000001
ORD-11392,CUST_1161,37,Female,51602.21,Florida,2023-12-08,Electronics,3,383.2,0.05,PayPal,1149.6,1092.12
ORD-10311,CUST_1286,41,Female,105598.45,Illinois,2023-05-02,Sports & Outdoors,1,355.68,0.1,Cash,355.68,320.112
ORD-11654,CUST_1518,31,Male,33332.91,Illinois,2023-05-02,Clothing,2,39.65,0.2,Debit Card,79.3,63.44
ORD-10631,CUST_1334,58,Male,46717.75,New York,2024-09-25,Clothing,1,120.58,0.0,Cash,120.58,120.58
ORD-10426,CUST_1149,47,Female,60345.95,Florida,2023-03-20,Clothing,1,219.75,0.2,UPI / Digital Wallet,219.75,175.8
ORD-11998,CUST_1100,67,Female,86587.2,California,2023-12-17,Beauty & Personal Care,1,91.61,0.15,PayPal,91.61,77.8685
ORD-10600,CUST_1325,27,Male,115073.01,New York,2024-07-21,Beauty & Personal Care,1,25.32,0.15,PayPal,25.32,21.522
ORD-11934,CUST_1014,54,Male,80514.78,Texas,2024-08-29,Sports & Outdoors,1,114.49,0.15,Cash,114.49,97.31649999999999
ORD-11443,CUST_1037,32,Female,65041.27,Washington,2024-08-29,Electronics,1,211.22,0.05,PayPal,211.22,200.659
ORD-10787,CUST_1568,18,Female,57709.11,California,2024-07-20,Electronics,3,240.57,0.0,Credit Card,721.71,721.71
ORD-11472,CUST_1571,28,Male,57779.95,Illinois,2023-08-20,Electronics,2,103.29,0.15,Unknown,206.58,175.59300000000002
ORD-10619,CUST_1341,41,Male,93022.83,Unknown,2024-04-18,Clothing,1,373.75,0.05,Credit Card,373.75,355.0625
ORD-10527,CUST_1318,74,Male,59405.67,New York,2023-07-06,Clothing,1,0.0,0.05,Credit Card,0.0,0.0
ORD-11687,CUST_1539,42,Male,86131.31,New York,2024-07-21,Books,2,315.37,0.1,Credit Card,630.74,567.666
ORD-11860,CUST_1448,59,Female,76692.71,Texas,2024-08-29,Clothing,1,84.16,0.15,Cash,84.16,71.536
ORD-10183,CUST_1571,26,Other / Unspecified,102997.41,Texas,2023-05-21,Electronics,1,115.94,0.1,Debit Card,115.94,104.346
ORD-10171,CUST_1141,40,Male,47019.03,California,2023-05-21,Beauty & Personal Care,2,16.9,0.1,Debit Card,33.8,30.419999999999998
ORD-10679,CUST_1069,38,Female,64101.24,California,2023-07-23,Home & Kitchen,1,188.35,0.1,Cash,188.35,169.515
ORD-11456,CUST_1030,38,Female,70953.55,Washington,2023-09-10,Sports & Outdoors,1,213.33,0.2,Cash,213.33,170.66400000000002
ORD-12000,CUST_1187,30,Female,84690.52,Texas,2023-09-10,Electronics,1,30.64,0.15,PayPal,30.64,26.044
ORD-11756,CUST_1189,17,Male,75049.81,Florida,2023-09-20,Sports & Outdoors,2,45.38,0.1,Credit Card,90.76,81.68400000000001
ORD-11006,CUST_1463,36,Male,28833.86,Texas,2023-09-20,Sports & Outdoors,1,95.05,0.2,PayPal,95.05,76.04
ORD-11808,CUST_1181,36,Female,15265.54,California,2023-03-30,Electronics,4,0.0,0.0,UPI / Digital Wallet,0.0,0.0
ORD-10273,CUST_1086,23,Male,47255.59,Unknown,2024-09-18,Books,1,52.42,0.1,Unknown,52.42,47.178000000000004
ORD-11648,CUST_1523,35,Male,33358.17,Unknown,2024-03-11,Clothing,1,205.04,0.0,PayPal,205.04,205.04
ORD-10783,CUST_1566,62,Male,98806.87,Washington,2023-03-05,Sports & Outdoors,3,82.1,0.1,Debit Card,246.29999999999998,221.67
ORD-10372,CUST_1039,34,Female,35274.48,New York,2023-03-05,Beauty & Personal Care,1,441.28,0.05,Credit Card,441.28,419.21599999999995
ORD-10223,CUST_1598,38,Female,74283.4,Washington,2023-03-05,Home & Kitchen,2,445.95,0.05,Cash,891.9,847.305
ORD-11693,CUST_1107,46,Male,53343.55,Florida,2024-01-13,Clothing,1,386.72,0.1,Unknown,386.72,348.04800000000006
ORD-11885,CUST_1546,28,Female,27601.9,Illinois,2024-01-13,Books,5,103.74,0.0,PayPal,518.6999999999999,518.6999999999999
ORD-11306,CUST_1123,29,Male,36782.37,California,2024-01-11,Electronics,2,275.15,0.2,Debit Card,550.3,440.24
ORD-10519,CUST_1502,49,Female,74670.67,California,2023-12-27,Clothing,3,0.0,0.15,Credit Card,0.0,0.0
ORD-10335,CUST_1143,35,Male,103875.79,Texas,2023-12-27,Electronics,1,383.56,0.2,Debit Card,383.56,306.848
ORD-10788,CUST_1129,20,Female,112535.63,Illinois,2024-10-07,Sports & Outdoors,1,179.66,0.2,Cash,179.66,143.728
ORD-11240,CUST_1290,49,Male,86435.55,California,2024-03-31,Home & Kitchen,2,376.63,0.05,UPI / Digital Wallet,753.26,715.597
ORD-11122,CUST_1562,25,Female,88196.97,New York,2023-10-01,Clothing,1,205.04,0.1,Credit Card,205.04,184.536
ORD-10681,CUST_1028,48,Male,73996.35,Washington,2023-04-09,Sports & Outdoors,3,28.39,0.05,Debit Card,85.17,80.9115
ORD-10016,CUST_1283,56,Female,32755.43,California,2024-10-20,Clothing,1,447.63,0.2,PayPal,447.63,358.10400000000004
ORD-10782,CUST_1197,30,Female,40828.85,California,2024-02-06,Sports & Outdoors,1,179.66,0.2,Cash,179.66,143.728
ORD-10950,CUST_1588,38,Female,57019.53,Texas,2023-03-06,Electronics,1,131.97,0.1,UPI / Digital Wallet,131.97,118.773
ORD-11638,CUST_1215,47,Male,62845.06,California,2024-11-05,Electronics,3,127.87,0.1,Debit Card,383.61,345.249
ORD-11792,CUST_1014,40,Male,79079.0,Unknown,2024-03-25,Electronics,1,0.0,0.1,PayPal,0.0,0.0
ORD-10571,CUST_1545,21,Female,20875.55,Texas,2024-06-19,Electronics,1,185.28,0.1,Unknown,185.28,166.752
ORD-11739,CUST_1343,29,Male,93634.28,Illinois,2024-07-31,Beauty & Personal Care,2,256.09,0.1,Credit Card,512.18,460.962
ORD-11133,CUST_1084,35,Male,76973.95,Texas,2024-03-09,Beauty & Personal Care,1,290.75,0.0,PayPal,290.75,290.75
ORD-10466,CUST_1433,49,Female,84107.21,California,2024-11-07,Books,4,175.52,0.0,Cash,702.08,702.08
ORD-10868,CUST_1588,22,Male,64101.24,California,2024-01-23,Books,2,316.92,0.15,Credit Card,633.84,538.764
ORD-10200,CUST_1295,62,Male,49930.8,New York,2024-01-23,Sports & Outdoors,1,309.07,0.0,UPI / Digital Wallet,309.07,309.07
ORD-11282,CUST_1452,46,Female,76169.22,New York,2024-10-15,Electronics,1,0.0,0.05,Credit Card,0.0,0.0
ORD-11126,CUST_1538,33,Female,90037.37,Texas,2024-10-15,Electronics,2,416.02,0.15,Credit Card,832.04,707.2339999999999
ORD-11205,CUST_1573,46,Female,51710.2,California,2024-04-21,Home & Kitchen,1,188.35,0.1,PayPal,188.35,169.515
ORD-11385,CUST_1369,31,Other / Unspecified,55434.9,New York,2024-06-18,Home & Kitchen,3,274.42,0.1,Unknown,823.26,740.934
ORD-11537,CUST_1113,26,Female,36125.01,California,2023-12-06,Clothing,1,172.23,0.15,Debit Card,172.23,146.3955
ORD-10592,CUST_1446,54,Male,60100.89,Florida,2023-12-19,Home & Kitchen,2,106.55,0.2,Credit Card,213.1,170.48000000000002
ORD-11948,CUST_1517,21,Female,67733.4,New York,2023-12-19,Electronics,1,197.21,0.05,Credit Card,197.21,187.3495
ORD-11492,CUST_1576,25,Female,9999999.0,New York,2024-07-19,Clothing,1,356.81,0.0,Debit Card,356.81,356.81
ORD-11508,CUST_1364,44,Female,53395.7,Florida,2024-06-04,Beauty & Personal Care,2,209.45999999999998,0.05,PayPal,418.91999999999996,397.97399999999993
ORD-11465,CUST_1034,31,Other / Unspecified,40326.37,Texas,2024-06-04,Electronics,1,136.51,0.15,Cash,136.51,116.03349999999999
ORD-10757,CUST_1172,54,Male,33500.78,California,2024-10-25,Beauty & Personal Care,1,0.0,0.2,Unknown,0.0,0.0
ORD-11872,CUST_1274,27,Male,9999999.0,Texas,2024-09-05,Electronics,2,270.91,0.2,Cash,541.82,433.4560000000001
ORD-10044,CUST_1518,32,Female,15100.93,California,2024-09-05,Home & Kitchen,1,84.9,0.0,PayPal,84.9,84.9
ORD-11421,CUST_1101,35,Male,83193.58,Unknown,2023-08-22,Books,1,210.47,0.2,Unknown,210.47,168.376
ORD-10275,CUST_1324,29,Female,81945.89,Washington,2024-08-22,Home & Kitchen,2,159.14,0.0,PayPal,318.28,318.28
ORD-11170,CUST_1146,27,Male,79653.54,Illinois,2024-07-13,Clothing,1,413.09,0.2,Cash,413.09,330.472
ORD-10102,CUST_1459,42,Male,74475.82,Unknown,2024-03-20,Electronics,1,365.61,0.2,Cash,365.61,292.488
ORD-10985,CUST_1379,29,Male,105181.86,California,2024-04-09,Books,1,268.44,0.2,Credit Card,268.44,214.752
ORD-11290,CUST_1083,26,Male,74972.24,California,2024-04-09,Home & Kitchen,2,50.09,0.2,Cash,100.18,80.144
ORD-11901,CUST_1137,30,Female,58562.48,New York,2024-11-30,Books,1,365.61,0.0,PayPal,365.61,365.61
ORD-10108,CUST_1477,40,Male,31070.85,Texas,2023-01-12,Electronics,2,418.32,0.1,PayPal,836.64,752.976
ORD-11713,CUST_1160,32,Male,69942.9,New York,2023-09-21,Electronics,3,211.22,0.15,Debit Card,633.66,538.611
ORD-10498,CUST_1449,44,Female,70006.37,New York,2023-09-21,Electronics,1,448.56,0.15,PayPal,448.56,381.276
ORD-11000,CUST_1525,41,Female,84197.29,Illinois,2024-09-20,Clothing,1,236.23,0.15,Unknown,236.23,200.79549999999998
ORD-11304,CUST_1002,39,Male,98704.19,Illinois,2024-06-26,Clothing,2,0.0,0.05,PayPal,0.0,0.0
ORD-11108,CUST_1246,39,Female,76964.72,Texas,2024-06-26,Electronics,1,429.46,0.1,Credit Card,429.46,386.514
ORD-10916,CUST_1474,32,Female,58540.4,California,2024-04-11,Clothing,1,205.04,0.0,Credit Card,205.04,205.04
ORD-11180,CUST_1199,31,Male,27111.38,California,2023-10-17,Electronics,1,237.91,0.1,UPI / Digital Wallet,237.91,214.119
ORD-11380,CUST_1164,51,Male,68987.94,Texas,2024-03-11,Books,2,191.85,0.05,Credit Card,383.7,364.515
ORD-11898,CUST_1153,43,Male,67418.31,New York,2024-09-14,Clothing,1,207.34,0.15,Debit Card,207.34,176.239
ORD-10820,CUST_1043,28,Male,57668.01,Unknown,2024-09-14,Clothing,1,347.04,0.2,Credit Card,347.04,277.632
ORD-10073,CUST_1517,38,Female,49174.08,Washington,2024-07-26,Clothing,1,448.41,0.2,PayPal,448.41,358.72800000000007
ORD-10850,CUST_1329,23,Female,54221.04,Texas,2024-07-26,Electronics,2,194.2,0.15,PayPal,388.4,330.14
ORD-11573,CUST_1136,46,Female,48872.57,Texas,2023-12-08,Beauty & Personal Care,1,427.65,0.1,PayPal,427.65,384.885
ORD-11274,CUST_1199,37,Male,73714.36,Texas,2023-12-08,Beauty & Personal Care,1,209.45999999999998,0.2,PayPal,209.45999999999998,167.56799999999998
ORD-10713,CUST_1372,40,Female,65351.65,Illinois,2023-07-12,Electronics,1,133.72,0.0,Unknown,133.72,133.72
ORD-10482,CUST_1501,43,Female,73468.2,New York,2024-02-21,Home & Kitchen,2,211.06,0.1,PayPal,422.12,379.908
ORD-11139,CUST_1042,25,Female,49532.58,New York,2023-04-18,Sports & Outdoors,1,88.52,0.0,Debit Card,88.52,88.52
ORD-10507,CUST_1267,25,Male,68179.93,Florida,2023-04-18,Books,2,315.96,0.0,Credit Card,631.92,631.92
ORD-10765,CUST_1285,16,Female,89843.04,Texas,2024-11-22,Home & Kitchen,1,188.35,0.1,Debit Card,188.35,169.515
ORD-11310,CUST_1037,16,Female,83109.98,Washington,2024-09-23,Clothing,1,216.94,0.2,Cash,216.94,173.55200000000002
ORD-11484,CUST_1571,57,Female,47052.36,Texas,2023-10-12,Sports & Outdoors,3,114.15,0.15,Credit Card,342.45000000000005,291.08250000000004
ORD-10837,CUST_1053,16,Male,41838.91,Texas,2023-01-24,Electronics,2,255.7,0.1,Debit Card,511.4,460.26
ORD-10975,CUST_1468,19,Male,57050.26,New York,2024-01-02,Electronics,1,300.07,0.1,Unknown,300.07,270.063
ORD-10312,CUST_1482,44,Female,64101.24,California,2024-01-02,Electronics,3,211.22,0.05,UPI / Digital Wallet,633.66,601.977
ORD-11585,CUST_1259,27,Female,88337.44,Unknown,2023-11-14,Clothing,1,323.97,0.15,PayPal,323.97,275.3745
ORD-10406,CUST_1284,43,Female,65075.55,California,2024-09-10,Electronics,4,306.83,0.0,Cash,1227.32,1227.32
ORD-10917,CUST_1322,48,Male,55630.53,Texas,2023-07-23,Books,3,420.54,0.0,Debit Card,1261.6200000000001,1261.6200000000001
ORD-11217,CUST_1131,45,Male,86097.5,California,2024-01-26,Books,2,43.87,0.0,Credit Card,87.74,87.74
ORD-10310,CUST_1198,16,Female,63544.94,Washington,2024-11-24,Electronics,1,96.4,0.15,Credit Card,96.4,81.94
ORD-10227,CUST_1538,16,Male,55883.67,Texas,2024-01-10,Beauty & Personal Care,2,209.45999999999998,0.1,Debit Card,418.91999999999996,377.02799999999996
ORD-11929,CUST_1215,38,Male,60094.53,Washington,2024-01-10,Electronics,1,304.72,0.1,PayPal,304.72,274.24800000000005
ORD-11570,CUST_1109,35,Male,74213.47,Illinois,2024-01-10,Sports & Outdoors,2,225.5,0.2,Cash,451.0,360.8
ORD-11627,CUST_1459,42,Male,106236.84,New York,2024-01-13,Electronics,1,329.81,0.15,Debit Card,329.81,280.3385
ORD-11806,CUST_1042,37,Male,97537.82,California,2024-03-17,Sports & Outdoors,1,179.66,0.1,PayPal,179.66,161.694
ORD-11051,CUST_1308,51,Female,98266.6,Illinois,2024-03-17,Home & Kitchen,5,177.98,0.2,Cash,889.9,711.9200000000001
ORD-10149,CUST_1505,39,Male,26552.82,California,2024-01-08,Clothing,1,0.0,0.0,Credit Card,0.0,0.0
ORD-10706,CUST_1439,38,Female,9999999.0,Texas,2024-06-11,Sports & Outdoors,1,179.66,0.05,Credit Card,179.66,170.677
ORD-10808,CUST_1197,28,Female,70581.21,Unknown,2024-02-13,Electronics,2,380.43,0.15,Debit Card,760.86,646.731
ORD-10940,CUST_1449,45,Male,56026.06,Washington,2023-05-15,Electronics,2,211.22,0.0,Credit Card,422.44,422.44
ORD-10983,CUST_1588,53,Male,67721.96,Illinois,2023-01-31,Clothing,3,423.41,0.05,PayPal,1270.23,1206.7185
ORD-11429,CUST_1306,41,Male,75213.59,Florida,2023-01-31,Electronics,1,96.4,0.2,PayPal,96.4,77.12
ORD-10576,CUST_1568,67,Male,83844.44,Illinois,2023-01-21,Electronics,1,23.92,0.1,PayPal,23.92,21.528000000000002
ORD-10558,CUST_1564,49,Female,53907.42,Florida,2023-04-21,Sports & Outdoors,1,440.62,0.1,Credit Card,440.62,396.558
ORD-11179,CUST_1146,36,Female,51730.28,New York,2023-06-16,Clothing,3,58.02,0.0,UPI / Digital Wallet,174.06,174.06
ORD-11552,CUST_1350,38,Female,50493.73,Florida,2023-02-02,Beauty & Personal Care,1,209.45999999999998,0.1,Unknown,209.45999999999998,188.51399999999998
ORD-11229,CUST_1029,21,Male,69628.87,New York,2023-11-02,Clothing,2,205.04,0.1,UPI / Digital Wallet,410.08,369.072
ORD-11434,CUST_1553,55,Male,44199.71,Texas,2023-05-01,Books,2,141.52,0.15,PayPal,283.04,240.584
ORD-11235,CUST_1366,38,Male,121547.1,Washington,2023-06-08,Home & Kitchen,1,93.32,0.15,Credit Card,93.32,79.32199999999999
ORD-11555,CUST_1019,18,Male,83204.86,New York,2023-08-23,Electronics,1,211.22,0.05,Cash,211.22,200.659
ORD-10168,CUST_1231,16,Male,66438.38,California,2023-11-09,Sports & Outdoors,2,392.12,0.15,Debit Card,784.24,666.604
ORD-11259,CUST_1555,38,Male,80357.51,New York,2023-12-18,Clothing,2,205.04,0.05,Debit Card,410.08,389.57599999999996
ORD-10287,CUST_1134,51,Male,64101.24,California,2023-04-02,Electronics,1,211.22,0.0,Credit Card,211.22,211.22
ORD-11704,CUST_1504,58,Female,44362.69,Illinois,2023-06-09,Electronics,1,156.74,0.1,Cash,156.74,141.066
ORD-10835,CUST_1311,16,Male,53703.82,New York,2023-07-26,Clothing,1,389.4,0.15,PayPal,389.4,330.98999999999995
ORD-10629,CUST_1178,29,Male,77786.8,Illinois,2023-10-12,Clothing,1,205.04,0.05,PayPal,205.04,194.78799999999998
ORD-10599,CUST_1279,55,Male,37463.8,Illinois,2024-06-22,Electronics,1,235.51,0.0,Credit Card,235.51,235.51
ORD-11512,CUST_1404,37,Male,72521.89,California,2024-11-10,Clothing,2,93.17,0.05,PayPal,186.34,177.023
ORD-11056,CUST_1368,16,Female,67192.83,Washington,2023-02-05,Electronics,1,442.53,0.1,Debit Card,442.53,398.277
ORD-11740,CUST_1035,40,Female,90703.99,Illinois,2023-04-25,Electronics,3,0.0,0.0,PayPal,0.0,0.0
ORD-11871,CUST_1215,21,Female,44635.1,Unknown,2023-04-25,Electronics,4,194.83,0.0,UPI / Digital Wallet,779.32,779.32
ORD-10888,CUST_1059,58,Male,9999999.0,Texas,2024-07-23,Electronics,1,88.63,0.2,Cash,88.63,70.904
ORD-11545,CUST_1424,39,Female,38062.18,Texas,2024-07-23,Clothing,4,103.61,0.0,Unknown,414.44,414.44
ORD-11543,CUST_1456,20,Female,54565.67,Florida,2023-04-13,Beauty & Personal Care,1,85.6,0.15,Unknown,85.6,72.75999999999999
ORD-11533,CUST_1430,28,Male,81658.32,Texas,2024-05-13,Home & Kitchen,1,188.35,0.25,Credit Card,188.35,141.2625
ORD-10042,CUST_1312,50,Female,65033.11,Texas,2024-05-20,Clothing,1,179.12,0.0,PayPal,179.12,179.12
ORD-11095,CUST_1216,60,Male,66032.59,Texas,2024-08-02,Books,1,0.0,0.0,Debit Card,0.0,0.0
ORD-11661,CUST_1091,38,Female,65101.05,Illinois,2023-11-27,Clothing,1,277.74,0.25,UPI / Digital Wallet,277.74,208.305
ORD-10866,CUST_1368,48,Female,54477.74,California,2023-12-27,Electronics,2,406.21,0.1,Debit Card,812.42,731.178
ORD-10610,CUST_1316,33,Female,74619.76,Texas,2024-03-02,Electronics,1,143.91,0.15,PayPal,143.91,122.3235
ORD-11114,CUST_1357,57,Female,72515.43,California,2024-03-02,Electronics,2,303.6,0.15,UPI / Digital Wallet,607.2,516.12
ORD-11835,CUST_1127,34,Female,54197.04,California,2023-01-19,Electronics,1,211.22,0.15,Debit Card,211.22,179.537
ORD-11517,CUST_1460,36,Male,90896.23,Illinois,2023-01-19,Electronics,2,211.22,0.0,PayPal,422.44,422.44
ORD-11640,CUST_1284,45,Male,53771.37,Illinois,2023-07-27,Clothing,4,302.17,0.2,Debit Card,1208.68,966.9440000000001
ORD-10303,CUST_1484,34,Female,18554.47,California,2024-01-07,Beauty & Personal Care,2,416.15,0.15,PayPal,832.3,707.4549999999999
ORD-10494,CUST_1377,23,Male,56370.31,Illinois,2024-01-07,Electronics,5,305.3,0.05,PayPal,1526.5,1450.175
ORD-11405,CUST_1130,20,Male,66912.66,Texas,2024-04-17,Books,1,417.34,0.25,PayPal,417.34,313.005
ORD-10278,CUST_1441,58,Female,44999.03,Washington,2023-07-07,Beauty & Personal Care,1,40.48,0.0,Cash,40.48,40.48
ORD-11969,CUST_1289,30,Female,61173.86,Florida,2024-09-21,Books,1,304.8,0.15,PayPal,304.8,259.08
ORD-10359,CUST_1016,16,Male,15000.0,Texas,2024-10-01,Home & Kitchen,2,294.75,0.1,Cash,589.5,530.5500000000001
ORD-11766,CUST_1172,38,Female,75349.03,Illinois,2024-04-17,Books,2,210.47,0.0,Debit Card,420.94,420.94
ORD-10237,CUST_1328,45,Male,49251.3,Washington,2023-08-17,Beauty & Personal Care,1,226.96,0.2,Credit Card,226.96,181.568
ORD-10552,CUST_1076,52,Female,71671.68,New York,2024-03-07,Books,1,56.63,0.1,Credit Card,56.63,50.967000000000006
ORD-11990,CUST_1081,39,Female,76919.42,California,2024-06-26,Beauty & Personal Care,3,85.91,0.0,Debit Card,257.73,257.73
ORD-11468,CUST_1399,27,Female,65502.3,Illinois,2023-01-29,Electronics,1,52.21,0.1,PayPal,52.21,46.989000000000004
ORD-10209,CUST_1425,50,Female,76584.51,New York,2023-01-29,Home & Kitchen,2,0.0,0.2,Credit Card,0.0,0.0
ORD-11478,CUST_1535,29,Male,92618.61,Washington,2023-02-13,Beauty & Personal Care,1,164.82,0.15,PayPal,164.82,140.09699999999998
ORD-10721,CUST_1479,56,Male,40347.85,Unknown,2023-06-21,Sports & Outdoors,3,85.48,0.05,Credit Card,256.44,243.618
ORD-11659,CUST_1287,43,Male,19164.59,Washington,2023-01-07,Home & Kitchen,1,222.08,0.05,Debit Card,222.08,210.976
ORD-10059,CUST_1239,40,Female,88479.03,Florida,2023-03-19,Electronics,2,104.17,0.05,PayPal,208.34,197.923
ORD-10632,CUST_1201,38,Female,57807.29,California,2023-11-27,Electronics,2,443.92,0.0,UPI / Digital Wallet,887.84,887.84
ORD-11761,CUST_1368,45,Male,65433.76,Illinois,2024-10-10,Clothing,1,0.0,0.0,Unknown,0.0,0.0
ORD-11522,CUST_1251,48,Female,64138.37,Florida,2023-07-01,Electronics,2,352.17,0.0,Cash,704.34,704.34
ORD-10673,CUST_1586,34,Male,30384.8,Texas,2023-02-13,Electronics,2,187.0,0.1,Credit Card,374.0,336.6
ORD-11937,CUST_1458,43,Female,69828.97,Texas,2024-04-03,Sports & Outdoors,1,234.64,0.1,PayPal,234.64,211.176
ORD-10364,CUST_1438,76,Male,65952.6,Florida,2024-04-03,Electronics,1,289.51,0.15,PayPal,289.51,246.0835
ORD-10506,CUST_1402,39,Male,27449.07,California,2023-08-23,Books,1,194.16,0.1,Unknown,194.16,174.744
ORD-10857,CUST_1596,38,Male,76117.39,Washington,2023-06-19,Electronics,1,0.0,0.2,Credit Card,0.0,0.0
ORD-11918,CUST_1181,47,Male,64648.61,Illinois,2023-04-05,Books,3,342.57,0.2,PayPal,1027.71,822.1680000000001
ORD-11703,CUST_1245,36,Male,90344.02,Illinois,2023-05-08,Books,2,67.36,0.2,PayPal,134.72,107.77600000000001
ORD-10734,CUST_1018,16,Male,27681.23,Florida,2023-03-16,Clothing,4,78.03,0.2,Credit Card,312.12,249.69600000000003
ORD-11294,CUST_1323,23,Male,30520.36,Illinois,2024-04-21,Sports & Outdoors,1,64.02,0.05,Cash,64.02,60.818999999999996
ORD-11848,CUST_1450,33,Female,58032.72,California,2024-04-21,Sports & Outdoors,1,179.66,0.15,Cash,179.66,152.71099999999998
ORD-11495,CUST_1037,31,Male,81188.12,New York,2023-08-14,Books,2,422.65,0.05,PayPal,845.3,803.035
ORD-10922,CUST_1227,56,Female,63094.97,Texas,2023-09-09,Clothing,1,0.0,0.0,Credit Card,0.0,0.0
ORD-10119,CUST_1008,38,Male,45740.17,Texas,2023-08-16,Beauty & Personal Care,2,95.56,0.2,PayPal,191.12,152.89600000000002
ORD-11771,CUST_1191,38,Female,26583.61,California,2024-11-03,Home & Kitchen,2,188.35,0.0,Credit Card,376.7,376.7
ORD-10707,CUST_1227,36,Female,80525.71,Texas,2023-04-03,Home & Kitchen,3,224.12,0.0,UPI / Digital Wallet,672.36,672.36
ORD-11794,CUST_1058,29,Female,45271.94,California,2023-04-03,Electronics,1,70.85,0.15,Credit Card,70.85,60.2225
ORD-10523,CUST_1042,26,Male,54756.7,Florida,2024-07-13,Electronics,3,114.92,0.15,PayPal,344.76,293.046
ORD-11262,CUST_1355,38,Male,106911.01,Washington,2023-11-13,Electronics,1,346.15,0.15,Debit Card,346.15,294.22749999999996
ORD-10514,CUST_1464,38,Female,54080.71,Unknown,2024-11-15,Sports & Outdoors,2,165.39,0.1,PayPal,330.78,297.702
ORD-10082,CUST_1387,54,Female,42696.03,Unknown,2024-06-07,Books,1,84.27,0.2,PayPal,84.27,67.416
ORD-11669,CUST_1170,65,Other / Unspecified,64101.24,California,2023-09-04,Home & Kitchen,1,318.17,0.05,UPI / Digital Wallet,318.17,302.2615
ORD-10819,CUST_1161,40,Other / Unspecified,69523.8,Washington,2023-11-04,Clothing,3,204.26,0.15,PayPal,612.78,520.8629999999999
ORD-11088,CUST_1524,31,Male,68793.75,Florida,2023-09-23,Books,2,27.61,0.15,Cash,55.22,46.937
ORD-10381,CUST_1269,38,Female,63544.94,Washington,2023-04-27,Electronics,1,207.05,0.0,PayPal,207.05,207.05
ORD-11474,CUST_1317,35,Male,52470.95,New York,2023-04-27,Home & Kitchen,2,28.96,0.15,Cash,57.92,49.232
ORD-10085,CUST_1214,37,Male,57239.45,Washington,2023-03-27,Beauty & Personal Care,2,424.44,0.0,Cash,848.88,848.88
ORD-11784,CUST_1304,42,Male,17800.67,New York,2023-11-16,Beauty & Personal Care,1,440.92,0.05,Credit Card,440.92,418.874
ORD-10330,CUST_1057,16,Male,49882.77,New York,2023-10-25,Clothing,2,41.95,0.05,Cash,83.9,79.705
ORD-10007,CUST_1218,29,Male,72989.42,Washington,2023-08-29,Home & Kitchen,3,123.44,0.2,Debit Card,370.32,296.25600000000003
ORD-11432,CUST_1286,30,Female,9999999.0,Texas,2023-08-29,Home & Kitchen,1,218.67,0.2,Credit Card,218.67,174.936
ORD-10941,CUST_1575,16,Female,113637.81,Florida,2023-08-29,Books,3,211.28,0.1,PayPal,633.84,570.456
ORD-11840,CUST_1024,16,Male,69283.22,Texas,2023-04-12,Electronics,1,276.09,0.2,Cash,276.09,220.87199999999999
ORD-10165,CUST_1277,52,Female,87875.0,Florida,2024-06-25,Electronics,2,45.03,0.2,Unknown,90.06,72.048
ORD-11231,CUST_1406,38,Female,67841.02,Texas,2024-08-16,Home & Kitchen,2,44.95,0.15,Unknown,89.9,76.415
ORD-10452,CUST_1587,32,Male,74302.36,Texas,2023-01-20,Electronics,1,220.57,0.0,PayPal,220.57,220.57
ORD-10491,CUST_1184,42,Female,36161.88,California,2023-04-07,Home & Kitchen,2,188.35,0.05,UPI / Digital Wallet,376.7,357.86499999999995
ORD-11936,CUST_1145,68,Male,69169.08,Texas,2023-05-21,Sports & Outdoors,1,378.45,0.0,Debit Card,378.45,378.45
ORD-10288,CUST_1518,16,Male,57151.58,Illinois,2024-01-02,Clothing,1,0.0,0.0,PayPal,0.0,0.0
ORD-11134,CUST_1463,41,Other / Unspecified,101500.43,California,2024-01-02,Clothing,1,105.02,0.05,PayPal,105.02,99.76899999999999
ORD-10088,CUST_1014,45,Male,40242.17,Florida,2023-11-05,Beauty & Personal Care,2,209.45999999999998,0.1,Unknown,418.91999999999996,377.02799999999996
ORD-11457,CUST_1244,22,Male,103577.71,New York,2023-01-25,Sports & Outdoors,3,243.4,0.2,PayPal,730.2,584.1600000000001
ORD-11551,CUST_1102,46,Female,34482.94,Illinois,2023-01-25,Electronics,3,159.91,0.0,Unknown,479.73,479.73
ORD-11865,CUST_1032,46,Male,70103.85,Texas,2024-03-30,Clothing,1,109.03,0.0,UPI / Digital Wallet,109.03,109.03
ORD-10904,CUST_1572,44,Female,64101.24,California,2024-04-13,Home & Kitchen,1,188.35,0.15,Unknown,188.35,160.0975
ORD-11810,CUST_1119,29,Male,83384.08,California,2024-02-08,Electronics,3,334.25,0.05,Debit Card,1002.75,952.6125
ORD-10901,CUST_1256,38,Female,62555.03,California,2024-09-19,Clothing,2,160.58,0.1,Credit Card,321.16,289.04400000000004
ORD-11281,CUST_1223,61,Female,54893.54,New York,2024-09-19,Electronics,4,211.22,0.1,Credit Card,844.88,760.392
ORD-11912,CUST_1039,54,Female,64097.62,Illinois,2024-09-19,Electronics,1,145.93,0.0,Cash,145.93,145.93
ORD-11190,CUST_1545,38,Female,66871.39,Illinois,2024-05-07,Books,3,210.47,0.2,Credit Card,631.41,505.128
ORD-11755,CUST_1451,28,Male,85321.74,California,2023-09-27,Electronics,1,165.14,0.2,Debit Card,165.14,132.112
ORD-10328,CUST_1469,46,Male,9999999.0,Texas,2023-09-27,Electronics,1,257.8,0.15,PayPal,257.8,219.13
ORD-11227,CUST_1169,37,Male,64101.24,California,2023-09-27,Books,3,0.0,0.0,Cash,0.0,0.0
ORD-10443,CUST_1299,28,Female,33063.08,Washington,2023-11-22,Clothing,1,315.07,0.25,UPI / Digital Wallet,315.07,236.3025
ORD-11377,CUST_1210,43,Male,51994.68,California,2024-05-23,Home & Kitchen,2,34.35,0.05,UPI / Digital Wallet,68.7,65.265
ORD-10874,CUST_1329,30,Male,47194.18,Illinois,2023-06-26,Sports & Outdoors,1,323.4,0.0,PayPal,323.4,323.4
ORD-11989,CUST_1120,37,Male,37749.79,New York,2023-05-01,Home & Kitchen,5,59.91,0.0,Credit Card,299.54999999999995,299.54999999999995
ORD-10349,CUST_1419,53,Male,51876.61,Illinois,2024-06-05,Clothing,1,205.04,0.15,Credit Card,205.04,174.284
ORD-10995,CUST_1202,24,Male,46511.52,Texas,2024-02-10,Books,1,360.55,0.0,Cash,360.55,360.55
ORD-10178,CUST_1489,38,Female,69142.26,Illinois,2024-08-24,Books,5,251.85,0.0,Credit Card,1259.25,1259.25
ORD-11327,CUST_1124,38,Female,68965.02,California,2023-02-24,Electronics,1,122.04,0.15,Unknown,122.04,103.73400000000001
ORD-11035,CUST_1398,38,Female,45863.18,Unknown,2024-05-29,Clothing,2,434.89,0.0,Debit Card,869.78,869.78
ORD-10087,CUST_1359,46,Male,68509.95,Illinois,2023-11-14,Books,3,253.2,0.1,Cash,759.5999999999999,683.64
ORD-11502,CUST_1027,34,Female,107127.47,New York,2023-04-14,Beauty & Personal Care,4,209.45999999999998,0.0,Credit Card,837.8399999999999,837.8399999999999
ORD-10458,CUST_1283,36,Female,64101.24,California,2023-04-14,Home & Kitchen,2,292.27,0.15,Unknown,584.54,496.859
ORD-10778,CUST_1526,28,Female,65592.51,Texas,2023-04-14,Sports & Outdoors,1,0.0,0.05,Debit Card,0.0,0.0
ORD-11949,CUST_1098,35,Female,108044.06,Texas,2023-04-14,Electronics,1,116.72,0.2,Cash,116.72,93.376
ORD-10055,CUST_1575,32,Female,27662.0,California,2024-06-12,Clothing,1,91.73,0.2,PayPal,91.73,73.384
ORD-11600,CUST_1231,19,Male,45323.78,Illinois,2023-05-01,Electronics,1,137.02,0.0,PayPal,137.02,137.02
ORD-10644,CUST_1034,30,Male,40295.3,Texas,2024-08-26,Clothing,2,0.0,0.0,UPI / Digital Wallet,0.0,0.0
ORD-10678,CUST_1290,52,Female,74270.89,Washington,2024-05-21,Electronics,1,431.98,0.1,PayPal,431.98,388.78200000000004
ORD-10222,CUST_1299,46,Male,90004.45,California,2024-05-21,Electronics,3,384.39,0.15,Debit Card,1153.17,980.1945000000001
ORD-10114,CUST_1382,40,Other / Unspecified,56909.94,Texas,2023-05-29,Beauty & Personal Care,1,209.45999999999998,0.0,Debit Card,209.45999999999998,209.45999999999998
ORD-11415,CUST_1444,35,Male,76011.14,Texas,2023-07-22,Clothing,1,120.78,0.0,Debit Card,120.78,120.78
ORD-11732,CUST_1329,44,Male,88079.17,Florida,2023-09-02,Electronics,1,214.76,0.05,PayPal,214.76,204.022
ORD-11076,CUST_1243,19,Female,76214.34,California,2024-03-03,Clothing,1,56.75,0.0,Credit Card,56.75,56.75
ORD-10175,CUST_1053,33,Male,77078.83,Florida,2023-05-18,Electronics,1,211.22,0.0,Debit Card,211.22,211.22
ORD-11158,CUST_1355,43,Female,61998.07,Washington,2024-10-11,Home & Kitchen,1,380.7,0.15,PayPal,380.7,323.59499999999997
ORD-10590,CUST_1062,27,Female,50686.88,New York,2024-10-11,Sports & Outdoors,1,0.0,0.0,Debit Card,0.0,0.0
ORD-10915,CUST_1206,63,Male,57875.48,New York,2023-07-02,Clothing,2,248.75,0.1,UPI / Digital Wallet,497.5,447.75
ORD-11658,CUST_1573,16,Male,52651.81,Washington,2023-07-02,Beauty & Personal Care,1,212.2,0.15,Credit Card,212.2,180.36999999999998
ORD-10019,CUST_1036,56,Female,88716.86,Florida,2023-05-23,Clothing,2,30.63,0.2,PayPal,61.26,49.008
ORD-10424,CUST_1324,37,Male,22885.07,Washington,2024-06-13,Beauty & Personal Care,1,225.42,0.0,Cash,225.42,225.42
ORD-11428,CUST_1499,34,Female,9999999.0,California,2023-07-04,Clothing,2,205.04,0.15,Credit Card,410.08,348.568
ORD-10286,CUST_1334,67,Male,79313.53,Illinois,2024-01-04,Clothing,1,205.04,0.0,PayPal,205.04,205.04
ORD-11682,CUST_1023,51,Male,101676.51,Florida,2023-12-04,Books,4,392.48,0.2,Credit Card,1569.92,1255.9360000000001
ORD-10429,CUST_1253,47,Other / Unspecified,82593.44,Texas,2023-09-25,Clothing,1,75.2,0.0,Cash,75.2,75.2
ORD-11608,CUST_1524,67,Male,69457.65,Illinois,2024-01-30,Books,1,34.03,0.0,Credit Card,34.03,34.03
ORD-11178,CUST_1165,47,Female,60244.22,Texas,2024-01-30,Beauty & Personal Care,1,96.61,0.0,Credit Card,96.61,96.61
ORD-10670,CUST_1055,51,Female,89243.3,Illinois,2024-02-26,Books,3,210.47,0.0,Cash,631.41,631.41
ORD-10032,CUST_1213,39,Other / Unspecified,46447.77,Illinois,2023-11-01,Home & Kitchen,1,335.64,0.15,PayPal,335.64,285.294
ORD-11044,CUST_1435,37,Male,75494.28,Texas,2024-05-01,Electronics,4,193.97,0.05,PayPal,775.88,737.086
ORD-10723,CUST_1577,49,Other / Unspecified,67036.77,Texas,2024-05-01,Books,1,290.71,0.1,Cash,290.71,261.639
ORD-11455,CUST_1136,28,Female,81523.96,Florida,2024-05-01,Electronics,1,211.22,0.15,UPI / Digital Wallet,211.22,179.537
ORD-10215,CUST_1292,43,Male,65819.17,Washington,2023-01-12,Electronics,1,209.18,0.1,PayPal,209.18,188.262
ORD-11985,CUST_1390,30,Female,95982.86,Texas,2023-05-27,Beauty & Personal Care,1,209.45999999999998,0.0,Credit Card,209.45999999999998,209.45999999999998
ORD-11379,CUST_1189,27,Female,47114.79,New York,2023-05-27,Clothing,1,98.1,0.15,Unknown,98.1,83.38499999999999
ORD-10893,CUST_1569,26,Female,66988.76,Unknown,2024-09-17,Clothing,1,435.17,0.0,Cash,435.17,435.17
ORD-10327,CUST_1106,48,Female,44976.49,Florida,2023-11-03,Books,1,210.47,0.2,Debit Card,210.47,168.376
ORD-10561,CUST_1541,40,Male,29107.0,Texas,2023-02-24,Clothing,1,205.04,0.1,Credit Card,205.04,184.536
ORD-11186,CUST_1083,36,Other / Unspecified,63544.94,Washington,2023-02-24,Home & Kitchen,1,20.29,0.0,Cash,20.29,20.29
ORD-10701,CUST_1498,39,Female,76294.37,California,2023-12-26,Electronics,1,211.22,0.05,Credit Card,211.22,200.659
ORD-10846,CUST_1292,21,Male,57994.89,Texas,2023-12-26,Books,2,412.89,0.0,Credit Card,825.78,825.78
ORD-11526,CUST_1542,57,Male,65033.11,Texas,2024-04-07,Books,1,413.17,0.1,Credit Card,413.17,371.853
ORD-10342,CUST_1333,21,Female,74809.45,Florida,2023-12-31,Books,1,159.74,0.05,Cash,159.74,151.75300000000001
ORD-10630,CUST_1075,26,Male,79840.65,Texas,2023-12-31,Books,2,210.47,0.2,Cash,420.94,336.752
ORD-10148,CUST_1201,51,Female,77026.26,Texas,2023-09-12,Sports & Outdoors,2,276.84,0.2,Credit Card,553.68,442.94399999999996
ORD-11271,CUST_1413,34,Female,76107.36,Texas,2023-06-06,Home & Kitchen,3,271.71,0.05,Credit Card,815.1299999999999,774.3734999999998
ORD-10361,CUST_1442,16,Male,71541.66,California,2024-03-22,Clothing,5,411.64,0.1,Credit Card,2058.2,1852.3799999999999
ORD-10084,CUST_1501,56,Female,58354.43,Illinois,2023-11-16,Sports & Outdoors,2,300.79,0.0,PayPal,601.58,601.58
ORD-10049,CUST_1132,35,Female,107537.07,Texas,2023-11-16,Electronics,1,116.01,0.05,Debit Card,116.01,110.2095
ORD-10469,CUST_1442,38,Female,57641.74,Illinois,2023-04-01,Electronics,3,412.74,0.1,Cash,1238.22,1114.3980000000001
ORD-10156,CUST_1451,17,Female,63121.5,Washington,2024-11-09,Electronics,2,34.48,0.15,Credit Card,68.96,58.61599999999999
ORD-10931,CUST_1065,57,Female,54001.46,Florida,2023-03-30,Sports & Outdoors,2,179.66,0.2,Credit Card,359.32,287.456
ORD-11101,CUST_1070,41,Male,78867.97,Texas,2024-07-05,Books,1,383.94,0.0,UPI / Digital Wallet,383.94,383.94
ORD-11287,CUST_1131,49,Other / Unspecified,80055.49,Washington,2023-01-12,Electronics,1,59.56,0.1,Credit Card,59.56,53.604000000000006
ORD-11494,CUST_1407,23,Female,80796.14,Texas,2023-01-12,Clothing,1,0.0,0.15,Unknown,0.0,0.0
ORD-11448,CUST_1059,23,Female,45500.72,Unknown,2024-03-25,Books,1,402.04,0.1,PayPal,402.04,361.836
ORD-11731,CUST_1599,46,Male,64220.58500000001,Florida,2024-06-08,Clothing,1,327.77,0.2,Unknown,327.77,262.216
ORD-10501,CUST_1571,21,Female,71683.64,Florida,2024-09-23,Electronics,1,35.2,0.0,Debit Card,35.2,35.2
ORD-11879,CUST_1476,48,Male,114839.91,New York,2024-05-25,Beauty & Personal Care,3,366.08,0.05,PayPal,1098.24,1043.328
ORD-10180,CUST_1159,57,Male,38862.08,Washington,2024-02-26,Clothing,1,310.63,0.05,Cash,310.63,295.0985
ORD-11117,CUST_1464,42,Male,9999999.0,Washington,2024-07-13,Beauty & Personal Care,1,111.4,0.0,Unknown,111.4,111.4
ORD-11869,CUST_1135,35,Male,69714.88,Illinois,2023-04-19,Home & Kitchen,1,0.0,0.2,Credit Card,0.0,0.0
ORD-11340,CUST_1197,16,Male,120933.78,Florida,2023-04-19,Clothing,1,277.88,0.05,UPI / Digital Wallet,277.88,263.986
ORD-10994,CUST_1587,47,Male,65033.11,Texas,2024-01-14,Clothing,1,177.48,0.2,Debit Card,177.48,141.984
ORD-11230,CUST_1095,50,Male,83362.98,Washington,2024-01-14,Clothing,1,234.7,0.15,Debit Card,234.7,199.49499999999998
ORD-11720,CUST_1566,51,Male,47554.65,Florida,2024-01-14,Books,1,136.96,0.0,PayPal,136.96,136.96
ORD-10529,CUST_1008,23,Male,65351.65,Illinois,2023-08-23,Home & Kitchen,1,79.93,0.2,Cash,79.93,63.94400000000001
ORD-10347,CUST_1329,38,Male,101913.57,Texas,2023-01-19,Home & Kitchen,1,249.13,0.2,Debit Card,249.13,199.304
ORD-10285,CUST_1029,36,Female,51545.42,Illinois,2024-06-03,Beauty & Personal Care,1,0.0,0.1,Cash,0.0,0.0
ORD-10609,CUST_1309,58,Male,80160.89,New York,2023-01-03,Electronics,3,0.0,0.0,Cash,0.0,0.0
ORD-11038,CUST_1290,42,Male,95809.26,New York,2023-12-15,Sports & Outdoors,1,127.88,0.15,PayPal,127.88,108.698
ORD-10386,CUST_1166,42,Female,63652.52,Illinois,2024-03-12,Sports & Outdoors,1,349.83,0.1,Cash,349.83,314.847
ORD-10964,CUST_1468,30,Female,67280.67,Texas,2024-03-12,Electronics,2,22.97,0.15,UPI / Digital Wallet,45.94,39.049
ORD-11084,CUST_1111,48,Female,98613.31,Florida,2024-10-04,Home & Kitchen,2,260.49,0.1,Credit Card,520.98,468.882
ORD-10602,CUST_1326,43,Other / Unspecified,64122.08,Illinois,2024-10-04,Electronics,1,398.09,0.2,PayPal,398.09,318.472
ORD-11119,CUST_1352,16,Male,15000.0,New York,2024-03-03,Clothing,1,348.9,0.0,PayPal,348.9,348.9
ORD-10244,CUST_1471,29,Male,57280.1,Florida,2024-03-03,Beauty & Personal Care,1,334.69,0.2,Cash,334.69,267.752
ORD-11014,CUST_1153,38,Female,64101.24,California,2024-02-19,Sports & Outdoors,1,274.85,0.0,PayPal,274.85,274.85
ORD-10803,CUST_1581,16,Female,28930.3,Washington,2023-10-26,Electronics,2,252.73,0.0,PayPal,505.46,505.46
ORD-11138,CUST_1025,32,Male,84666.98,Washington,2023-01-12,Home & Kitchen,1,334.52,0.0,Credit Card,334.52,334.52
ORD-11572,CUST_1009,66,Male,72977.35,Illinois,2023-09-12,Clothing,2,0.0,0.0,PayPal,0.0,0.0
ORD-10313,CUST_1535,31,Female,56874.08,Texas,2024-10-20,Clothing,1,375.97,0.15,Credit Card,375.97,319.5745
ORD-10436,CUST_1239,26,Male,41373.07,California,2024-08-11,Home & Kitchen,1,188.35,0.0,Unknown,188.35,188.35
ORD-11695,CUST_1434,67,Male,74675.11,Florida,2024-06-07,Electronics,3,309.55,0.0,Credit Card,928.6500000000001,928.6500000000001
ORD-10137,CUST_1381,50,Female,63131.91,Texas,2024-09-11,Books,1,352.39,0.15,Cash,352.39,299.5315
ORD-10431,CUST_1071,16,Male,31846.76,New York,2024-10-27,Home & Kitchen,2,207.21,0.2,PayPal,414.42,331.53600000000006
ORD-10661,CUST_1561,24,Male,67526.69,Florida,2024-10-27,Home & Kitchen,2,188.35,0.2,Credit Card,376.7,301.36
ORD-10371,CUST_1592,32,Male,73257.29,Unknown,2024-10-27,Clothing,2,248.71,0.15,PayPal,497.42,422.807
ORD-10567,CUST_1458,58,Male,48494.13,California,2024-06-16,Books,1,364.79,0.25,Cash,364.79,273.59250000000003
ORD-11925,CUST_1269,32,Male,112014.0,California,2023-01-25,Sports & Outdoors,1,62.71,0.05,UPI / Digital Wallet,62.71,59.5745
ORD-11269,CUST_1312,60,Female,32483.09,Washington,2023-01-25,Beauty & Personal Care,1,411.36,0.0,UPI / Digital Wallet,411.36,411.36
ORD-10825,CUST_1554,34,Male,49682.89,California,2024-09-14,Beauty & Personal Care,2,360.09,0.05,PayPal,720.18,684.1709999999999
ORD-10182,CUST_1272,16,Other / Unspecified,63824.84,Washington,2024-09-14,Clothing,1,285.72,0.15,Credit Card,285.72,242.86200000000002
ORD-11814,CUST_1553,38,Male,86406.39,New York,2024-06-23,Electronics,1,267.4,0.0,PayPal,267.4,267.4
ORD-10622,CUST_1061,29,Female,54078.88,Washington,2024-01-10,Clothing,3,314.24,0.15,Debit Card,942.72,801.312
ORD-11299,CUST_1596,39,Female,108994.74,Unknown,2024-01-10,Sports & Outdoors,1,140.34,0.05,Cash,140.34,133.323
ORD-11288,CUST_1452,52,Female,65033.11,Texas,2024-01-10,Home & Kitchen,2,118.87,0.1,Unknown,237.74,213.966
ORD-11847,CUST_1236,38,Female,48210.02,Illinois,2024-06-07,Clothing,1,205.04,0.15,Debit Card,205.04,174.284
ORD-10814,CUST_1275,53,Female,64220.58500000001,Florida,2024-06-09,Electronics,1,228.0,0.05,Credit Card,228.0,216.6
ORD-11089,CUST_1284,27,Male,78140.64,California,2024-06-09,Electronics,1,427.59,0.0,Cash,427.59,427.59
ORD-11962,CUST_1586,39,Male,52711.29,Washington,2024-11-07,Electronics,1,249.09,0.15,Cash,249.09,211.7265
ORD-10779,CUST_1206,16,Male,53033.65,New York,2023-05-18,Electronics,1,211.22,0.0,PayPal,211.22,211.22
ORD-11754,CUST_1495,38,Male,74802.2,Texas,2024-02-04,Beauty & Personal Care,1,84.12,0.05,PayPal,84.12,79.914
ORD-10297,CUST_1330,46,Male,55604.48,Texas,2023-04-27,Clothing,1,106.11,0.05,Unknown,106.11,100.80449999999999
ORD-11358,CUST_1357,52,Female,25761.32,California,2024-10-03,Beauty & Personal Care,2,209.45999999999998,0.15,PayPal,418.91999999999996,356.08199999999994
ORD-10462,CUST_1569,36,Male,69171.23,New York,2023-10-15,Clothing,2,306.04,0.1,Credit Card,612.08,550.8720000000001
ORD-11387,CUST_1399,57,Female,93500.13,Florida,2023-10-15,Clothing,1,205.04,0.2,Unknown,205.04,164.032
ORD-11250,CUST_1378,39,Male,92471.99,New York,2023-10-15,Electronics,2,211.22,0.15,Credit Card,422.44,359.074
ORD-10378,CUST_1313,57,Female,57437.59,Washington,2024-04-28,Clothing,1,205.04,0.25,UPI / Digital Wallet,205.04,153.78
ORD-10799,CUST_1524,38,Female,45460.32,Illinois,2024-06-26,Clothing,2,205.04,0.0,Debit Card,410.08,410.08
ORD-11176,CUST_1029,48,Male,92747.26,Florida,2024-06-26,Electronics,3,172.95,0.2,Unknown,518.8499999999999,415.0799999999999
ORD-10106,CUST_1218,40,Male,71037.71,New York,2023-03-14,Clothing,2,205.04,0.15,UPI / Digital Wallet,410.08,348.568
ORD-10127,CUST_1188,16,Male,118142.04,California,2023-12-02,Books,1,226.67,0.15,Unknown,226.67,192.66949999999997
ORD-11024,CUST_1486,41,Female,58323.95,Washington,2023-12-02,Beauty & Personal Care,1,70.53,0.1,Credit Card,70.53,63.477000000000004
ORD-11959,CUST_1359,41,Female,80566.01,Washington,2024-03-01,Electronics,2,154.8,0.0,PayPal,309.6,309.6
ORD-11520,CUST_1499,17,Female,76678.87,Washington,2024-08-16,Clothing,1,205.04,0.15,PayPal,205.04,174.284
ORD-10949,CUST_1344,34,Other / Unspecified,68105.18,Florida,2024-11-21,Sports & Outdoors,2,179.66,0.05,PayPal,359.32,341.354
ORD-10356,CUST_1396,47,Female,37311.39,California,2024-11-21,Clothing,1,329.16,0.05,Debit Card,329.16,312.702
ORD-10683,CUST_1366,63,Female,104394.29,New York,2023-08-11,Beauty & Personal Care,1,54.59,0.0,Cash,54.59,54.59
ORD-11816,CUST_1223,60,Female,64101.24,California,2024-10-11,Beauty & Personal Care,1,254.68,0.15,Unknown,254.68,216.478
ORD-11132,CUST_1442,66,Female,47725.79,Washington,2024-10-11,Clothing,1,420.69,0.05,Credit Card,420.69,399.65549999999996
ORD-10988,CUST_1558,47,Female,72893.4,Florida,2023-04-10,Electronics,1,356.74,0.25,UPI / Digital Wallet,356.74,267.555
ORD-10210,CUST_1018,16,Male,78223.68,Unknown,2024-09-25,Books,1,0.0,0.1,PayPal,0.0,0.0
ORD-11736,CUST_1535,22,Male,80081.08,New York,2024-09-25,Sports & Outdoors,2,119.18,0.15,UPI / Digital Wallet,238.36,202.606
ORD-10141,CUST_1450,27,Male,96127.87,Illinois,2023-04-10,Electronics,2,197.75,0.05,Cash,395.5,375.72499999999997
ORD-11532,CUST_1129,31,Other / Unspecified,83661.19,Texas,2024-04-29,Home & Kitchen,5,52.29,0.0,Debit Card,261.45,261.45
ORD-11424,CUST_1571,39,Female,70851.85,California,2024-09-28,Books,1,350.49,0.1,Credit Card,350.49,315.44100000000003
ORD-11675,CUST_1527,46,Male,35677.16,Texas,2024-09-28,Clothing,1,205.04,0.0,Credit Card,205.04,205.04
ORD-11673,CUST_1302,52,Female,44662.22,Texas,2024-04-30,Books,1,120.34,0.15,Cash,120.34,102.289
ORD-11891,CUST_1518,49,Female,75584.55,California,2023-11-25,Clothing,1,205.04,0.2,Cash,205.04,164.032
ORD-11953,CUST_1468,57,Male,51371.28,Texas,2024-04-11,Sports & Outdoors,2,264.14,0.1,Debit Card,528.28,475.452
ORD-11765,CUST_1001,30,Other / Unspecified,9999999.0,Illinois,2023-10-29,Electronics,1,79.13,0.1,PayPal,79.13,71.217
ORD-10712,CUST_1087,54,Female,113893.06,Unknown,2024-05-01,Home & Kitchen,2,420.1,0.0,PayPal,840.2,840.2
ORD-11348,CUST_1588,30,Female,80099.25,California,2024-03-24,Books,1,210.47,0.0,Unknown,210.47,210.47
ORD-10980,CUST_1053,55,Male,15000.0,Florida,2024-03-24,Beauty & Personal Care,1,167.18,0.05,PayPal,167.18,158.821
ORD-11787,CUST_1319,68,Male,62815.56,Florida,2024-03-24,Clothing,1,361.01,0.15,Debit Card,361.01,306.8585
ORD-10967,CUST_1169,16,Female,87159.98,Florida,2023-04-21,Home & Kitchen,1,401.13,0.2,PayPal,401.13,320.904
ORD-11005,CUST_1278,50,Female,115271.98,California,2024-10-30,Electronics,2,120.45,0.2,Credit Card,240.9,192.72000000000003
ORD-10011,CUST_1416,34,Male,48459.34,Illinois,2024-09-01,Books,3,154.54,0.1,Debit Card,463.62,417.25800000000004
ORD-11802,CUST_1183,22,Male,69586.95,Florida,2024-09-01,Clothing,1,431.77,0.2,PayPal,431.77,345.416
ORD-11197,CUST_1469,66,Male,70404.1,Texas,2024-08-01,Electronics,1,211.22,0.0,Credit Card,211.22,211.22
ORD-10283,CUST_1378,29,Female,64101.24,California,2023-06-21,Electronics,1,122.62,0.15,Unknown,122.62,104.227
ORD-10811,CUST_1245,34,Female,64220.58500000001,Florida,2023-07-02,Home & Kitchen,2,143.88,0.2,Debit Card,287.76,230.208
ORD-11164,CUST_1250,46,Male,50769.02,Washington,2023-03-24,Home & Kitchen,2,420.28,0.1,UPI / Digital Wallet,840.56,756.504
ORD-10292,CUST_1466,35,Female,50715.28,New York,2024-10-07,Electronics,1,211.22,0.0,PayPal,211.22,211.22
ORD-10932,CUST_1301,16,Other / Unspecified,66281.22,California,2023-12-28,Home & Kitchen,1,164.97,0.2,PayPal,164.97,131.976
ORD-10755,CUST_1373,48,Female,15000.0,Illinois,2024-01-15,Sports & Outdoors,3,314.33,0.25,Cash,942.99,707.2425000000001
ORD-10627,CUST_1397,38,Male,20047.86,California,2023-08-12,Electronics,4,205.82,0.2,Cash,823.28,658.624
ORD-11188,CUST_1422,16,Female,80301.92,Unknown,2023-08-12,Clothing,4,205.04,0.1,Credit Card,820.16,738.144
ORD-10977,CUST_1598,33,Male,57172.54,California,2023-11-29,Sports & Outdoors,1,168.93,0.05,Cash,168.93,160.4835
ORD-10130,CUST_1254,41,Female,55125.9,California,2023-11-29,Home & Kitchen,1,188.35,0.05,Credit Card,188.35,178.93249999999998
ORD-11838,CUST_1579,44,Other / Unspecified,61646.31,Texas,2023-11-29,Books,2,331.1,0.0,Credit Card,662.2,662.2
ORD-10844,CUST_1556,21,Male,85606.17,Florida,2024-03-30,Clothing,1,290.98,0.1,Debit Card,290.98,261.882
ORD-10324,CUST_1183,67,Female,20349.25,New York,2024-03-30,Clothing,3,274.83,0.1,PayPal,824.49,742.041
ORD-11162,CUST_1230,35,Male,60111.13,Illinois,2023-01-16,Clothing,2,318.02,0.2,Credit Card,636.04,508.832
ORD-11714,CUST_1256,62,Female,55868.16,Washington,2023-09-15,Clothing,1,26.88,0.15,Credit Card,26.88,22.848
ORD-11053,CUST_1030,31,Female,89902.44,New York,2023-08-18,Clothing,1,91.8,0.15,Credit Card,91.8,78.03
ORD-11987,CUST_1005,16,Female,68114.62,California,2024-11-11,Sports & Outdoors,1,281.97,0.15,PayPal,281.97,239.67450000000002
ORD-11790,CUST_1079,17,Female,51973.3,California,2023-06-18,Clothing,2,136.0,0.1,Cash,272.0,244.8
ORD-10989,CUST_1400,40,Male,35809.52,Washington,2023-06-18,Electronics,1,211.22,0.0,Credit Card,211.22,211.22
ORD-10696,CUST_1244,43,Male,41368.79,California,2024-08-19,Sports & Outdoors,1,321.69,0.15,PayPal,321.69,273.43649999999997
ORD-11422,CUST_1211,37,Female,59739.22,Unknown,2024-07-28,Beauty & Personal Care,1,234.04,0.2,Debit Card,234.04,187.232
ORD-10216,CUST_1507,36,Other / Unspecified,55512.67,Florida,2023-03-03,Electronics,1,0.0,0.15,PayPal,0.0,0.0
ORD-11166,CUST_1360,39,Male,47765.19,California,2023-02-24,Electronics,1,257.42,0.1,Debit Card,257.42,231.67800000000003
ORD-11112,CUST_1016,25,Female,66821.47,Florida,2024-10-19,Home & Kitchen,1,242.88,0.0,Debit Card,242.88,242.88
ORD-11343,CUST_1175,39,Male,76323.42,Florida,2024-05-23,Sports & Outdoors,5,94.32,0.2,Unknown,471.59999999999997,377.28
ORD-10159,CUST_1201,17,Male,28048.0,Florida,2023-05-10,Home & Kitchen,2,250.64,0.1,Credit Card,501.28,451.152
ORD-11129,CUST_1074,30,Male,88206.38,Washington,2023-05-10,Beauty & Personal Care,2,179.27,0.1,PayPal,358.54,322.68600000000004
ORD-11081,CUST_1566,32,Female,80043.5,New York,2024-06-29,Sports & Outdoors,4,129.16,0.1,PayPal,516.64,464.976
ORD-11330,CUST_1010,36,Male,86199.46,California,2023-06-12,Electronics,2,245.62,0.0,Debit Card,491.24,491.24
ORD-10842,CUST_1589,40,Female,79105.88,New York,2023-09-07,Sports & Outdoors,4,179.66,0.2,Credit Card,718.64,574.912
ORD-10635,CUST_1217,47,Female,84826.64,California,2023-02-26,Electronics,1,353.13,0.15,Cash,353.13,300.1605
ORD-10517,CUST_1438,40,Male,69833.72,Washington,2023-07-13,Clothing,1,205.04,0.05,UPI / Digital Wallet,205.04,194.78799999999998
ORD-11983,CUST_1382,26,Female,62879.05,Washington,2024-04-06,Electronics,3,378.22,0.1,UPI / Digital Wallet,1134.66,1021.1940000000001
ORD-11619,CUST_1440,39,Male,41370.84,Texas,2023-11-10,Clothing,3,41.17,0.0,Unknown,123.51,123.51
ORD-10598,CUST_1424,38,Male,38905.74,Illinois,2023-12-08,Books,1,210.47,0.2,Cash,210.47,168.376
ORD-10196,CUST_1514,52,Male,79808.14,New York,2024-09-17,Clothing,1,85.82,0.2,UPI / Digital Wallet,85.82,68.65599999999999
ORD-11746,CUST_1331,53,Male,63539.13,New York,2024-09-17,Clothing,1,72.55,0.0,PayPal,72.55,72.55
ORD-10986,CUST_1219,39,Male,81869.33,Florida,2024-09-17,Electronics,1,94.43,0.1,PayPal,94.43,84.98700000000001
ORD-10951,CUST_1202,54,Male,27121.03,Washington,2024-09-17,Beauty & Personal Care,1,419.87,0.05,Debit Card,419.87,398.87649999999996
ORD-10411,CUST_1177,17,Male,47920.17,New York,2023-12-26,Electronics,3,304.2,0.1,PayPal,912.5999999999999,821.3399999999999
ORD-10097,CUST_1220,16,Female,87344.23,California,2023-12-26,Books,3,190.8,0.1,PayPal,572.4000000000001,515.1600000000001
ORD-10441,CUST_1520,53,Male,64101.24,California,2024-07-13,Clothing,1,420.64,0.15,Cash,420.64,357.544
ORD-10550,CUST_1373,40,Other / Unspecified,61993.42,Texas,2024-07-13,Electronics,1,170.07,0.2,Debit Card,170.07,136.056
ORD-10157,CUST_1202,33,Female,61385.46,Texas,2024-07-13,Electronics,5,211.22,0.2,PayPal,1056.1,844.88
ORD-10420,CUST_1204,38,Female,64042.53,New York,2024-11-22,Books,1,43.62,0.0,Credit Card,43.62,43.62
ORD-10923,CUST_1251,38,Male,18493.04,California,2023-01-01,Beauty & Personal Care,1,209.45999999999998,0.15,Debit Card,209.45999999999998,178.04099999999997
ORD-11921,CUST_1447,38,Male,33766.46,Unknown,2024-04-30,Clothing,1,239.41,0.1,Credit Card,239.41,215.469
ORD-10478,CUST_1364,63,Male,47678.56,California,2024-10-14,Books,1,91.03,0.05,Credit Card,91.03,86.4785
ORD-11978,CUST_1006,42,Female,86650.09,Washington,2024-10-14,Clothing,3,34.41,0.1,Cash,103.22999999999999,92.907
ORD-10669,CUST_1408,46,Male,47817.2,California,2023-11-10,Sports & Outdoors,3,179.66,0.05,Debit Card,538.98,512.031
ORD-11395,CUST_1300,33,Female,75449.64,New York,2023-09-25,Electronics,3,211.22,0.0,PayPal,633.66,633.66
ORD-11995,CUST_1423,28,Male,59553.02,New York,2023-10-10,Sports & Outdoors,1,265.33,0.2,Cash,265.33,212.264
ORD-11880,CUST_1586,26,Male,40475.8,Florida,2023-10-10,Beauty & Personal Care,1,156.26,0.0,Cash,156.26,156.26
ORD-10448,CUST_1110,33,Male,32605.45,Washington,2024-07-13,Home & Kitchen,3,254.0,0.15,Cash,762.0,647.6999999999999
ORD-10554,CUST_1197,20,Male,59751.05,New York,2023-05-29,Home & Kitchen,1,41.77,0.1,Cash,41.77,37.593
ORD-11323,CUST_1338,41,Male,56797.27,Illinois,2023-05-29,Beauty & Personal Care,1,102.09,0.2,Credit Card,102.09,81.67200000000001
ORD-10179,CUST_1090,31,Male,74438.46,Unknown,2023-05-29,Books,1,210.47,0.15,Cash,210.47,178.8995
ORD-10391,CUST_1498,38,Female,38932.97,New York,2024-10-06,Electronics,1,211.22,0.15,Cash,211.22,179.537
ORD-10579,CUST_1598,60,Other / Unspecified,48102.06,Texas,2023-10-07,Books,3,26.57,0.05,Cash,79.71000000000001,75.7245
ORD-11363,CUST_1306,35,Female,63544.94,Washington,2024-05-17,Clothing,2,205.04,0.05,Unknown,410.08,389.57599999999996
ORD-11815,CUST_1208,24,Male,93419.76,Texas,2024-11-02,Clothing,2,157.08,0.1,Credit Card,314.16,282.744
ORD-11001,CUST_1525,19,Female,76556.18,Illinois,2023-04-16,Beauty & Personal Care,1,313.9,0.0,Debit Card,313.9,313.9
ORD-11369,CUST_1543,31,Female,81290.51,California,2023-04-16,Home & Kitchen,1,171.8,0.2,Unknown,171.8,137.44000000000003
ORD-11234,CUST_1498,22,Male,41172.96,New York,2023-10-30,Electronics,2,203.07,0.1,PayPal,406.14,365.526
ORD-11747,CUST_1516,57,Female,98432.52,New York,2023-10-08,Sports & Outdoors,4,416.93,0.1,PayPal,1667.72,1500.948
ORD-11878,CUST_1048,27,Female,74196.71,California,2023-10-08,Electronics,1,299.3,0.2,UPI / Digital Wallet,299.3,239.44000000000003
ORD-10821,CUST_1583,28,Female,32227.56,Unknown,2023-04-20,Beauty & Personal Care,2,239.0,0.15,Cash,478.0,406.3
ORD-10974,CUST_1160,38,Female,78311.94,Texas,2024-05-08,Sports & Outdoors,1,407.18,0.0,PayPal,407.18,407.18
ORD-11945,CUST_1102,18,Male,63503.04,Washington,2023-04-08,Beauty & Personal Care,3,209.45999999999998,0.05,Debit Card,628.3799999999999,596.9609999999999
ORD-11007,CUST_1111,40,Male,49552.78,New York,2023-08-07,Clothing,1,290.73,0.15,Credit Card,290.73,247.12050000000002
ORD-11068,CUST_1004,33,Female,56808.69,Washington,2023-04-28,Clothing,1,285.95,0.0,Cash,285.95,285.95
ORD-11118,CUST_1439,53,Male,60892.47,Texas,2023-08-10,Sports & Outdoors,1,399.18,0.2,Debit Card,399.18,319.34400000000005
ORD-10665,CUST_1474,38,Male,73567.28,Unknown,2024-10-28,Clothing,1,277.62,0.05,Cash,277.62,263.739
ORD-11601,CUST_1053,28,Female,32048.68,California,2023-02-28,Electronics,1,377.07,0.2,PayPal,377.07,301.656
ORD-10143,CUST_1001,37,Male,68033.11,Washington,2023-02-28,Electronics,2,211.22,0.1,Unknown,422.44,380.196
ORD-11615,CUST_1262,51,Female,52889.49,Illinois,2024-09-30,Clothing,1,205.04,0.15,Debit Card,205.04,174.284
ORD-11524,CUST_1579,35,Male,69443.67,New York,2024-09-30,Electronics,2,53.09,0.0,PayPal,106.18,106.18
ORD-10865,CUST_1158,44,Other / Unspecified,38338.56,Washington,2024-07-21,Electronics,1,191.64,0.15,PayPal,191.64,162.89399999999998
ORD-10422,CUST_1229,38,Female,65692.18,Washington,2024-07-21,Clothing,1,0.0,0.2,PayPal,0.0,0.0
ORD-10637,CUST_1278,49,Female,43123.76,California,2023-06-23,Clothing,1,191.96,0.1,Cash,191.96,172.764
ORD-11500,CUST_1147,41,Female,37610.54,New York,2024-07-15,Clothing,1,205.04,0.05,PayPal,205.04,194.78799999999998
ORD-10800,CUST_1127,21,Female,57121.76,Texas,2024-07-15,Home & Kitchen,2,86.92,0.15,Credit Card,173.84,147.764
ORD-11868,CUST_1578,42,Female,87389.64,Unknown,2023-01-31,Beauty & Personal Care,2,209.45999999999998,0.0,Unknown,418.91999999999996,418.91999999999996
ORD-10616,CUST_1445,62,Female,59063.83,Texas,2024-03-03,Sports & Outdoors,1,179.66,0.0,Credit Card,179.66,179.66
ORD-10295,CUST_1499,38,Male,77418.12,Washington,2024-06-29,Home & Kitchen,2,44.31,0.0,Cash,88.62,88.62
ORD-10840,CUST_1177,48,Other / Unspecified,57372.07,Texas,2023-09-17,Electronics,1,237.5,0.0,PayPal,237.5,237.5
ORD-10971,CUST_1239,39,Female,60797.32,California,2023-07-15,Books,1,52.43,0.1,Credit Card,52.43,47.187
ORD-10089,CUST_1035,30,Male,56921.05,California,2023-06-08,Home & Kitchen,2,334.88,0.05,Credit Card,669.76,636.2719999999999
ORD-10132,CUST_1220,37,Male,70886.67,California,2024-07-09,Home & Kitchen,1,284.57,0.15,Credit Card,284.57,241.88449999999997
ORD-11932,CUST_1511,27,Male,74641.42,California,2024-10-10,Electronics,1,0.0,0.0,Credit Card,0.0,0.0
ORD-11667,CUST_1474,45,Male,56049.0,New York,2023-12-16,Books,1,174.28,0.2,Debit Card,174.28,139.424
ORD-11430,CUST_1246,43,Male,83279.34,Texas,2024-05-20,Books,1,236.35,0.1,UPI / Digital Wallet,236.35,212.715
ORD-11905,CUST_1472,42,Male,65351.65,Illinois,2024-01-03,Beauty & Personal Care,1,310.08,0.1,Credit Card,310.08,279.072
ORD-10725,CUST_1430,38,Male,35118.77,Texas,2024-01-03,Clothing,3,142.84,0.2,Credit Card,428.52,342.81600000000003
ORD-11689,CUST_1207,55,Male,76995.02,Unknown,2024-01-03,Electronics,2,275.85,0.1,UPI / Digital Wallet,551.7,496.53000000000003
ORD-11449,CUST_1281,35,Male,42417.64,Florida,2024-01-03,Home & Kitchen,2,232.36,0.05,Cash,464.72,441.484
ORD-10918,CUST_1263,34,Female,50215.34,New York,2024-06-09,Clothing,4,0.0,0.05,Cash,0.0,0.0
ORD-11565,CUST_1568,27,Female,42550.47,Illinois,2023-01-31,Clothing,1,205.04,0.1,Debit Card,205.04,184.536
ORD-11402,CUST_1397,26,Female,65033.11,Texas,2023-01-31,Electronics,2,186.16,0.2,PayPal,372.32,297.856
ORD-10376,CUST_1032,17,Female,67697.15,Washington,2024-01-21,Sports & Outdoors,2,409.15,0.0,Credit Card,818.3,818.3
ORD-10334,CUST_1204,58,Male,75767.26,Unknown,2024-04-03,Beauty & Personal Care,1,149.72,0.15,Credit Card,149.72,127.262
ORD-11233,CUST_1519,38,Female,93332.63,California,2023-05-06,Home & Kitchen,1,188.35,0.2,UPI / Digital Wallet,188.35,150.68
ORD-11875,CUST_1165,16,Female,84095.3,Texas,2023-03-17,Beauty & Personal Care,1,117.11,0.1,Debit Card,117.11,105.399
ORD-10911,CUST_1361,40,Male,26088.24,Texas,2023-05-29,Electronics,2,67.52,0.0,PayPal,135.04,135.04
ORD-10777,CUST_1406,27,Male,45191.49,Texas,2023-05-29,Clothing,1,265.96,0.15,UPI / Digital Wallet,265.96,226.06599999999997
ORD-11199,CUST_1318,36,Female,79902.4,Washington,2023-05-29,Electronics,2,211.22,0.0,PayPal,422.44,422.44
ORD-10329,CUST_1135,48,Female,77270.08,Texas,2024-01-10,Sports & Outdoors,2,225.98,0.2,PayPal,451.96,361.568
ORD-11628,CUST_1392,19,Female,85276.71,Washington,2024-08-29,Clothing,1,165.88,0.1,Cash,165.88,149.292
ORD-10013,CUST_1144,57,Male,9999999.0,New York,2024-08-29,Books,1,330.79,0.0,PayPal,330.79,330.79
ORD-10898,CUST_1247,33,Female,65033.11,Texas,2024-08-29,Sports & Outdoors,1,43.98,0.1,PayPal,43.98,39.582
ORD-10172,CUST_1536,42,Other / Unspecified,50176.35,Illinois,2024-08-29,Electronics,4,232.67,0.05,Credit Card,930.68,884.146
ORD-10261,CUST_1030,29,Female,33388.83,Florida,2024-11-22,Books,1,193.92,0.0,Debit Card,193.92,193.92
ORD-11291,CUST_1419,56,Male,39235.73,Illinois,2024-11-22,Electronics,1,211.22,0.05,Cash,211.22,200.659
ORD-11503,CUST_1184,33,Male,46477.02,Illinois,2023-03-10,Home & Kitchen,1,82.75,0.05,Cash,82.75,78.6125
ORD-10902,CUST_1143,19,Male,67418.31,New York,2024-11-01,Books,1,441.44,0.1,Cash,441.44,397.296
ORD-10259,CUST_1555,16,Male,62344.03,Washington,2023-06-24,Home & Kitchen,1,342.32,0.2,Debit Card,342.32,273.856
ORD-10845,CUST_1542,64,Male,41834.86,Texas,2023-06-24,Home & Kitchen,5,266.96,0.15,Unknown,1334.8,1134.58
ORD-10139,CUST_1040,32,Male,67151.89,New York,2023-06-24,Sports & Outdoors,3,66.18,0.0,PayPal,198.54000000000002,198.54000000000002
ORD-10320,CUST_1247,16,Female,72137.48,California,2023-06-24,Clothing,2,205.04,0.1,UPI / Digital Wallet,410.08,369.072
ORD-11625,CUST_1061,37,Male,100556.84,New York,2024-02-28,Beauty & Personal Care,1,428.24,0.0,Cash,428.24,428.24
ORD-11315,CUST_1213,43,Male,53907.32,Texas,2023-07-10,Electronics,1,16.79,0.15,Debit Card,16.79,14.2715
ORD-11335,CUST_1140,52,Female,67418.31,New York,2024-10-23,Electronics,3,42.58,0.1,Cash,127.74,114.966
ORD-10559,CUST_1475,16,Female,25634.34,California,2024-04-01,Electronics,1,211.22,0.1,Unknown,211.22,190.098
ORD-10140,CUST_1533,43,Male,65351.65,Illinois,2024-04-01,Home & Kitchen,1,414.42,0.15,Cash,414.42,352.257
ORD-11845,CUST_1282,20,Male,52759.08,Unknown,2024-02-23,Sports & Outdoors,1,354.64,0.15,Cash,354.64,301.44399999999996
ORD-10532,CUST_1268,31,Male,48921.9,Illinois,2023-08-22,Clothing,1,205.04,0.2,Debit Card,205.04,164.032
ORD-10225,CUST_1155,16,Male,65033.11,Texas,2024-07-24,Electronics,2,340.29,0.15,PayPal,680.58,578.493
ORD-10724,CUST_1055,47,Female,77393.52,California,2023-07-17,Home & Kitchen,1,188.35,0.0,PayPal,188.35,188.35
ORD-11826,CUST_1014,38,Male,64586.09,Florida,2024-03-05,Beauty & Personal Care,3,130.04,0.1,Credit Card,390.12,351.108
ORD-10326,CUST_1422,50,Female,66183.4,Washington,2024-06-29,Clothing,1,146.71,0.15,Cash,146.71,124.7035
ORD-11344,CUST_1420,53,Male,84305.86,Unknown,2023-05-01,Clothing,1,394.01,0.2,Cash,394.01,315.208
ORD-11152,CUST_1548,43,Male,48969.4,California,2024-10-14,Sports & Outdoors,1,38.34,0.2,Unknown,38.34,30.672000000000004
ORD-10715,CUST_1335,48,Female,84628.59,Washington,2024-01-17,Electronics,1,327.18,0.15,PayPal,327.18,278.103
ORD-10847,CUST_1444,50,Male,38700.99,Texas,2023-05-27,Beauty & Personal Care,1,373.26,0.2,Unknown,373.26,298.608
ORD-10194,CUST_1175,16,Male,76836.13,New York,2023-08-05,Clothing,1,205.04,0.05,PayPal,205.04,194.78799999999998
ORD-10574,CUST_1046,38,Male,102446.13,Illinois,2023-06-06,Clothing,1,57.82,0.1,UPI / Digital Wallet,57.82,52.038000000000004
ORD-10947,CUST_1150,42,Male,64101.24,California,2024-10-06,Clothing,5,133.31,0.05,UPI / Digital Wallet,666.55,633.2225
ORD-10504,CUST_1228,16,Other / Unspecified,65033.11,Texas,2024-01-16,Electronics,2,331.3,0.0,Unknown,662.6,662.6
ORD-11246,CUST_1240,36,Male,56120.99,Washington,2023-03-01,Electronics,3,408.08,0.2,Cash,1224.24,979.392
ORD-11339,CUST_1254,39,Female,42702.44,Texas,2023-03-01,Electronics,1,29.8,0.2,PayPal,29.8,23.840000000000003
ORD-11903,CUST_1198,36,Male,74836.25,New York,2023-03-01,Books,1,0.0,0.05,PayPal,0.0,0.0
ORD-10004,CUST_1428,49,Male,35699.75,Washington,2024-04-21,Clothing,1,418.1,0.15,Cash,418.1,355.385
ORD-11223,CUST_1225,64,Male,83098.06,California,2024-11-06,Clothing,2,328.62,0.1,Credit Card,657.24,591.5160000000001
ORD-10468,CUST_1013,46,Other / Unspecified,57442.99,Florida,2024-09-16,Clothing,1,347.62,0.15,Unknown,347.62,295.477
ORD-10006,CUST_1392,26,Female,57578.9,New York,2024-09-16,Beauty & Personal Care,3,220.41,0.1,Credit Card,661.23,595.1070000000001
ORD-11825,CUST_1057,30,Male,63990.95,California,2024-09-16,Clothing,2,294.75,0.15,Credit Card,589.5,501.075
ORD-10548,CUST_1353,16,Male,41047.14,New York,2023-01-15,Home & Kitchen,1,347.36,0.15,Debit Card,347.36,295.25600000000003
ORD-10229,CUST_1064,23,Male,55500.43,Texas,2023-10-03,Sports & Outdoors,1,0.0,0.0,PayPal,0.0,0.0
ORD-11064,CUST_1156,41,Female,70785.83,Texas,2024-04-25,Books,1,327.56,0.05,Debit Card,327.56,311.18199999999996
ORD-10543,CUST_1325,39,Female,81924.16,Illinois,2024-04-25,Clothing,1,210.09,0.1,PayPal,210.09,189.08100000000002
ORD-10243,CUST_1537,19,Male,85491.41,Illinois,2023-10-10,Books,3,123.51,0.05,Debit Card,370.53000000000003,352.00350000000003
ORD-10899,CUST_1556,38,Female,46771.41,California,2024-02-26,Clothing,1,347.51,0.0,Debit Card,347.51,347.51
ORD-11207,CUST_1587,30,Female,76646.49,New York,2024-02-26,Clothing,1,134.21,0.1,Credit Card,134.21,120.78900000000002
ORD-11888,CUST_1228,62,Male,38421.8,Washington,2023-09-09,Sports & Outdoors,2,293.96,0.0,PayPal,587.92,587.92
ORD-10843,CUST_1269,38,Male,78096.75,Texas,2023-03-27,Electronics,3,339.74,0.05,UPI / Digital Wallet,1019.22,968.259
ORD-11513,CUST_1142,51,Male,63761.44,California,2023-09-26,Clothing,1,410.51,0.1,Credit Card,410.51,369.459
ORD-11855,CUST_1188,43,Male,62990.96,Illinois,2023-09-26,Home & Kitchen,2,188.35,0.15,PayPal,376.7,320.195
ORD-10277,CUST_1414,16,Female,101320.27,Florida,2023-09-01,Sports & Outdoors,1,332.76,0.0,Cash,332.76,332.76
ORD-10662,CUST_1369,40,Male,15263.48,Texas,2023-06-24,Clothing,2,351.29,0.0,UPI / Digital Wallet,702.58,702.58
ORD-11286,CUST_1210,16,Male,64101.24,California,2023-05-13,Beauty & Personal Care,1,288.45,0.1,PayPal,288.45,259.605
ORD-10315,CUST_1334,26,Female,46188.12,Texas,2024-10-24,Clothing,3,45.03,0.15,PayPal,135.09,114.8265
ORD-10692,CUST_1526,25,Female,65033.11,Texas,2024-02-16,Beauty & Personal Care,1,87.1,0.25,Credit Card,87.1,65.32499999999999
ORD-11602,CUST_1078,32,Male,65033.11,Texas,2023-05-09,Home & Kitchen,1,108.41,0.2,Cash,108.41,86.72800000000001
ORD-10425,CUST_1475,41,Female,87906.3,New York,2024-06-11,Home & Kitchen,1,197.81,0.0,PayPal,197.81,197.81
ORD-10595,CUST_1512,44,Male,74628.97,New York,2023-06-25,Sports & Outdoors,4,207.68,0.1,Credit Card,830.72,747.648
ORD-11373,CUST_1457,38,Male,53862.78,California,2024-03-21,Sports & Outdoors,2,239.02,0.1,Cash,478.04,430.23600000000005
ORD-10623,CUST_1431,35,Female,82598.49,Florida,2023-12-03,Beauty & Personal Care,1,317.48,0.2,PayPal,317.48,253.98400000000004
ORD-11113,CUST_1257,42,Male,40811.68,Washington,2023-06-27,Books,2,210.47,0.05,PayPal,420.94,399.893
ORD-10228,CUST_1088,40,Male,81518.4,California,2024-09-22,Electronics,2,0.0,0.15,Credit Card,0.0,0.0
ORD-11191,CUST_1375,45,Female,48290.16,Illinois,2023-11-11,Sports & Outdoors,3,155.91,0.2,Debit Card,467.73,374.184
ORD-11724,CUST_1305,38,Male,88830.52,California,2023-12-24,Sports & Outdoors,1,179.66,0.05,Credit Card,179.66,170.677
ORD-11171,CUST_1343,45,Other / Unspecified,42181.02,Texas,2024-09-09,Books,1,0.0,0.15,PayPal,0.0,0.0
ORD-10067,CUST_1485,29,Female,28362.76,Washington,2024-09-09,Books,2,449.72,0.05,PayPal,899.44,854.468
ORD-10025,CUST_1285,45,Male,67418.31,New York,2023-02-04,Clothing,3,25.12,0.15,Cash,75.36,64.056
ORD-10145,CUST_1270,40,Male,77314.54,California,2023-10-02,Beauty & Personal Care,1,285.28,0.0,Unknown,285.28,285.28
ORD-10537,CUST_1137,31,Female,56750.63,Texas,2024-02-19,Clothing,5,293.38,0.05,Unknown,1466.9,1393.555
ORD-10812,CUST_1020,48,Male,15000.0,New York,2024-07-19,Clothing,2,142.82,0.2,PayPal,285.64,228.512
ORD-11193,CUST_1456,45,Other / Unspecified,59359.29,Illinois,2023-03-14,Clothing,2,205.04,0.0,PayPal,410.08,410.08
ORD-10086,CUST_1589,38,Male,108144.48,Florida,2023-05-23,Clothing,1,291.85,0.0,PayPal,291.85,291.85
ORD-11569,CUST_1209,49,Male,35305.88,California,2023-05-23,Electronics,2,211.22,0.05,Credit Card,422.44,401.318
ORD-11333,CUST_1128,30,Other / Unspecified,92857.79,Illinois,2023-05-25,Electronics,1,126.77,0.05,Unknown,126.77,120.43149999999999
ORD-11975,CUST_1055,39,Male,9999999.0,California,2023-05-25,Clothing,1,433.02,0.15,UPI / Digital Wallet,433.02,368.06699999999995
ORD-11923,CUST_1169,46,Male,67418.31,New York,2023-07-22,Electronics,2,211.22,0.1,PayPal,422.44,380.196
ORD-11938,CUST_1520,38,Female,65127.44,Unknown,2024-10-18,Beauty & Personal Care,1,448.75,0.2,Cash,448.75,359.0
ORD-11461,CUST_1369,16,Male,73743.82,Texas,2024-10-18,Electronics,3,0.0,0.15,Credit Card,0.0,0.0
ORD-11388,CUST_1360,38,Female,77318.05,Texas,2024-04-18,Electronics,1,101.11,0.0,UPI / Digital Wallet,101.11,101.11
ORD-10363,CUST_1389,53,Female,95370.69,California,2023-09-18,Electronics,2,393.32,0.1,Debit Card,786.64,707.976
ORD-11712,CUST_1418,24,Other / Unspecified,58834.64,New York,2023-09-18,Sports & Outdoors,1,181.23,0.1,PayPal,181.23,163.107
ORD-11226,CUST_1087,20,Male,85966.3,New York,2024-05-13,Sports & Outdoors,1,0.0,0.2,Unknown,0.0,0.0
ORD-11027,CUST_1167,38,Male,62158.0,California,2023-10-10,Beauty & Personal Care,1,19.2,0.15,Credit Card,19.2,16.32
ORD-11031,CUST_1575,37,Male,63404.73,Washington,2024-04-21,Clothing,1,124.72,0.1,Debit Card,124.72,112.248
ORD-11442,CUST_1137,38,Other / Unspecified,39573.89,Texas,2024-04-21,Clothing,1,138.34,0.0,Debit Card,138.34,138.34
ORD-11284,CUST_1578,36,Female,28232.93,Texas,2024-04-21,Clothing,1,0.0,0.2,Cash,0.0,0.0
ORD-10666,CUST_1337,37,Female,45632.93,New York,2024-10-31,Books,1,266.01,0.1,PayPal,266.01,239.409
ORD-10365,CUST_1302,46,Male,16432.3,Unknown,2024-05-16,Beauty & Personal Care,1,427.29,0.15,PayPal,427.29,363.1965
ORD-10078,CUST_1360,46,Female,57613.32,New York,2024-03-30,Electronics,1,290.19,0.15,Debit Card,290.19,246.6615
ORD-10028,CUST_1367,40,Female,45686.32,Washington,2023-05-31,Books,1,40.04,0.1,PayPal,40.04,36.036
ORD-11531,CUST_1051,37,Male,49539.13,Florida,2023-05-28,Beauty & Personal Care,5,317.38,0.05,PayPal,1586.9,1507.555
ORD-10526,CUST_1061,38,Female,39411.47,Florida,2023-05-28,Beauty & Personal Care,2,209.45999999999998,0.2,Credit Card,418.91999999999996,335.13599999999997
ORD-11955,CUST_1387,37,Male,81053.27,New York,2023-09-19,Clothing,5,117.89,0.0,Debit Card,589.45,589.45
ORD-10056,CUST_1177,16,Male,66881.81,California,2023-03-25,Electronics,3,211.22,0.2,PayPal,633.66,506.928
ORD-10639,CUST_1549,40,Male,20991.06,California,2024-04-05,Beauty & Personal Care,2,256.34,0.2,PayPal,512.68,410.144
ORD-10719,CUST_1387,38,Female,92134.55,Unknown,2023-05-20,Beauty & Personal Care,4,209.45999999999998,0.15,Debit Card,837.8399999999999,712.1639999999999
ORD-10625,CUST_1353,26,Female,47435.42,Washington,2023-10-22,Clothing,2,125.93,0.0,Cash,251.86,251.86
ORD-10008,CUST_1160,47,Female,73662.16,Washington,2024-07-10,Beauty & Personal Care,1,209.45999999999998,0.0,PayPal,209.45999999999998,209.45999999999998
ORD-10804,CUST_1315,16,Male,92570.3,New York,2023-03-29,Home & Kitchen,2,0.0,0.05,PayPal,0.0,0.0
ORD-11050,CUST_1536,38,Other / Unspecified,46870.01,Florida,2023-01-26,Clothing,1,31.59,0.15,PayPal,31.59,26.851499999999998
ORD-10337,CUST_1422,55,Female,40233.07,Texas,2024-11-13,Books,1,183.44,0.15,Credit Card,183.44,155.924
ORD-10048,CUST_1318,41,Male,81034.42,Washington,2024-11-13,Electronics,2,373.93,0.1,Cash,747.86,673.0740000000001
ORD-11577,CUST_1257,58,Male,82212.08,California,2023-01-26,Electronics,5,298.26,0.1,Credit Card,1491.3,1342.17
ORD-10107,CUST_1230,22,Male,82591.4,Washington,2023-06-21,Sports & Outdoors,2,179.66,0.15,Debit Card,359.32,305.42199999999997
ORD-10350,CUST_1082,60,Male,79926.7,Texas,2024-05-25,Clothing,1,275.82,0.15,Debit Card,275.82,234.44699999999997
ORD-11080,CUST_1496,32,Male,55078.26,Florida,2023-11-18,Home & Kitchen,1,79.7,0.1,Credit Card,79.7,71.73
ORD-10239,CUST_1308,27,Male,81639.79,California,2023-03-13,Sports & Outdoors,2,101.93,0.1,Credit Card,203.86,183.47400000000002
ORD-10214,CUST_1199,42,Female,57857.34,Texas,2024-06-25,Electronics,1,211.22,0.15,Cash,211.22,179.537
ORD-11145,CUST_1089,16,Male,37198.42,New York,2023-01-11,Clothing,1,96.21,0.2,PayPal,96.21,76.968
ORD-11334,CUST_1010,25,Male,102453.27,Illinois,2024-03-04,Electronics,1,208.31,0.1,Cash,208.31,187.479
ORD-11212,CUST_1294,39,Female,69445.63,Texas,2024-09-17,Electronics,1,322.57,0.1,Credit Card,322.57,290.313
ORD-10794,CUST_1095,23,Female,26571.65,Florida,2024-01-11,Clothing,1,196.77,0.05,PayPal,196.77,186.9315
ORD-11097,CUST_1572,40,Male,20286.88,Washington,2023-03-11,Electronics,1,374.25,0.1,UPI / Digital Wallet,374.25,336.825
ORD-11336,CUST_1162,40,Female,25279.59,Texas,2024-09-24,Beauty & Personal Care,1,95.38,0.0,Credit Card,95.38,95.38
ORD-11685,CUST_1383,50,Female,71394.71,Washington,2023-11-17,Clothing,1,0.0,0.05,Credit Card,0.0,0.0
ORD-11681,CUST_1003,38,Male,61659.88,New York,2024-06-05,Sports & Outdoors,2,179.66,0.2,Debit Card,359.32,287.456
ORD-11778,CUST_1507,55,Female,77681.7,Illinois,2024-06-14,Electronics,1,398.0,0.1,UPI / Digital Wallet,398.0,358.2
ORD-10524,CUST_1331,35,Female,84133.02,New York,2023-11-28,Electronics,3,433.6,0.05,Cash,1300.8000000000002,1235.7600000000002
ORD-10233,CUST_1040,37,Female,31275.44,Washington,2023-02-07,Beauty & Personal Care,3,191.96,0.1,Cash,575.88,518.292
ORD-10645,CUST_1066,38,Male,102803.3,California,2023-02-07,Clothing,3,420.63,0.15,Credit Card,1261.8899999999999,1072.6064999999999
ORD-11606,CUST_1388,38,Male,43481.32,California,2023-12-11,Electronics,4,18.34,0.1,Credit Card,73.36,66.024
ORD-10534,CUST_1154,34,Male,60264.43,Florida,2023-06-08,Clothing,1,154.15,0.15,Debit Card,154.15,131.0275
ORD-11607,CUST_1036,59,Male,77008.0,Florida,2024-03-17,Clothing,5,325.74,0.1,Debit Card,1628.7,1465.8300000000002
ORD-10604,CUST_1263,54,Female,83580.5,Texas,2023-10-12,Home & Kitchen,2,439.57,0.1,Debit Card,879.14,791.226
ORD-11285,CUST_1523,61,Male,62298.04,Illinois,2024-09-30,Clothing,1,277.65,0.05,Credit Card,277.65,263.7675
ORD-11075,CUST_1422,36,Male,46319.71,Illinois,2024-10-07,Electronics,2,125.85,0.1,Credit Card,251.7,226.53
ORD-11832,CUST_1027,38,Female,66233.41,California,2024-07-26,Books,1,309.4,0.05,Credit Card,309.4,293.92999999999995
ORD-10061,CUST_1500,33,Female,71179.36,Texas,2023-05-08,Clothing,1,337.63,0.0,PayPal,337.63,337.63
ORD-11345,CUST_1272,53,Male,71197.01,Illinois,2023-12-09,Books,1,210.47,0.0,PayPal,210.47,210.47
ORD-10093,CUST_1276,19,Female,28697.71,California,2023-06-14,Electronics,1,390.93,0.2,Debit Card,390.93,312.744
ORD-10667,CUST_1401,45,Male,86096.34,Texas,2023-03-11,Books,1,439.74,0.0,Debit Card,439.74,439.74
ORD-10281,CUST_1090,23,Female,64220.58500000001,Florida,2023-04-11,Books,1,404.35,0.1,PayPal,404.35,363.915
ORD-11922,CUST_1431,37,Female,22275.12,California,2024-02-13,Home & Kitchen,2,98.85,0.2,Unknown,197.7,158.16
ORD-10360,CUST_1426,66,Male,76105.83,Texas,2024-02-13,Home & Kitchen,1,188.35,0.1,Credit Card,188.35,169.515
ORD-11527,CUST_1118,35,Female,50878.46,New York,2024-02-13,Beauty & Personal Care,2,420.87,0.05,Credit Card,841.74,799.653
ORD-11243,CUST_1258,51,Male,57740.63,Illinois,2023-03-21,Beauty & Personal Care,1,248.63,0.05,Debit Card,248.63,236.1985
ORD-10848,CUST_1407,23,Male,54014.75,Washington,2023-01-02,Home & Kitchen,1,188.35,0.2,Credit Card,188.35,150.68
ORD-11467,CUST_1233,59,Male,39403.64,Texas,2024-03-18,Beauty & Personal Care,1,0.0,0.1,PayPal,0.0,0.0
ORD-10111,CUST_1594,43,Female,113046.7,Florida,2024-06-09,Books,1,317.3,0.05,Cash,317.3,301.435
ORD-10043,CUST_1474,44,Male,15000.0,New York,2023-04-19,Books,2,210.47,0.05,Cash,420.94,399.893
ORD-10126,CUST_1377,51,Female,70556.31,Texas,2023-04-19,Electronics,1,303.42,0.2,Cash,303.42,242.73600000000002
ORD-10205,CUST_1509,16,Male,71836.85,Illinois,2024-07-21,Home & Kitchen,3,292.51,0.15,Credit Card,877.53,745.9005
ORD-10053,CUST_1210,59,Male,67625.48,Illinois,2024-07-21,Clothing,1,44.98,0.0,PayPal,44.98,44.98
ORD-10546,CUST_1142,33,Male,47014.02,Washington,2024-07-21,Electronics,2,181.16,0.2,PayPal,362.32,289.856
ORD-10069,CUST_1183,36,Female,114017.51,California,2024-07-21,Beauty & Personal Care,1,393.49,0.25,Credit Card,393.49,295.1175
ORD-10076,CUST_1040,24,Male,79175.72,Illinois,2024-07-24,Electronics,3,318.4,0.1,PayPal,955.1999999999999,859.68
ORD-11646,CUST_1086,42,Female,57718.85,Illinois,2023-09-02,Electronics,1,259.89,0.0,Credit Card,259.89,259.89
ORD-10184,CUST_1093,46,Male,60020.54,Illinois,2023-06-19,Electronics,2,56.5,0.2,Credit Card,113.0,90.4
ORD-10138,CUST_1508,64,Female,90921.15,Illinois,2023-08-26,Clothing,2,0.0,0.1,Credit Card,0.0,0.0
ORD-10900,CUST_1417,38,Male,75939.01,Florida,2024-07-12,Beauty & Personal Care,1,328.37,0.1,Credit Card,328.37,295.533
ORD-10797,CUST_1074,38,Other / Unspecified,33308.76,Illinois,2023-11-16,Electronics,2,36.34,0.05,PayPal,72.68,69.046
ORD-10133,CUST_1519,49,Female,43612.81,Texas,2023-11-16,Clothing,1,332.91,0.2,Credit Card,332.91,266.32800000000003
ORD-10081,CUST_1157,44,Male,78867.61,New York,2024-01-17,Electronics,4,197.58,0.1,Cash,790.32,711.288
ORD-11899,CUST_1509,47,Male,53335.61,Washington,2024-11-17,Clothing,3,340.01,0.0,Cash,1020.03,1020.03
ORD-10542,CUST_1045,64,Female,81557.54,Unknown,2024-11-17,Electronics,2,357.85,0.1,PayPal,715.7,644.1300000000001
ORD-11711,CUST_1406,57,Female,40562.71,California,2023-12-16,Books,2,35.76,0.15,PayPal,71.52,60.791999999999994
ORD-10984,CUST_1316,16,Female,96963.41,California,2023-08-20,Electronics,1,266.28,0.2,Credit Card,266.28,213.024
ORD-10166,CUST_1127,45,Female,101950.56,Washington,2024-01-19,Sports & Outdoors,1,166.74,0.2,Credit Card,166.74,133.39200000000002
ORD-10249,CUST_1166,40,Male,51666.34,Texas,2024-01-19,Home & Kitchen,1,420.66,0.05,Credit Card,420.66,399.627
ORD-10447,CUST_1253,39,Male,67418.31,New York,2023-08-16,Sports & Outdoors,1,195.99,0.15,Credit Card,195.99,166.5915
ORD-11222,CUST_1250,66,Male,75311.9,Illinois,2023-08-16,Electronics,1,406.64,0.2,PayPal,406.64,325.312
ORD-10859,CUST_1479,26,Female,92803.33,Texas,2024-09-05,Clothing,1,251.26,0.15,Credit Card,251.26,213.571
ORD-11289,CUST_1058,16,Male,68765.57,Texas,2024-05-11,Electronics,1,211.22,0.15,Credit Card,211.22,179.537
ORD-10098,CUST_1594,49,Male,55605.79,California,2024-05-11,Electronics,1,211.22,0.0,Credit Card,211.22,211.22
ORD-10806,CUST_1020,43,Male,93976.79,Florida,2023-07-17,Sports & Outdoors,1,344.16,0.1,Credit Card,344.16,309.744
ORD-10738,CUST_1295,37,Female,72323.62,California,2023-08-19,Books,1,359.3,0.0,Credit Card,359.3,359.3
ORD-11337,CUST_1320,36,Male,39893.98,New York,2024-01-05,Electronics,1,191.1,0.05,Cash,191.1,181.545
ORD-10103,CUST_1141,38,Male,65974.2,California,2024-01-13,Home & Kitchen,2,257.14,0.05,PayPal,514.28,488.566
ORD-10435,CUST_1452,44,Male,76416.7,California,2024-01-13,Clothing,3,201.04,0.2,Credit Card,603.12,482.49600000000004
ORD-10075,CUST_1124,50,Female,9999999.0,Texas,2024-01-13,Home & Kitchen,1,224.06,0.1,PayPal,224.06,201.654
ORD-11908,CUST_1417,44,Female,82355.84,Illinois,2024-06-17,Sports & Outdoors,1,88.56,0.0,Credit Card,88.56,88.56
ORD-11376,CUST_1218,26,Male,59903.63,New York,2024-10-14,Electronics,3,134.91,0.1,PayPal,404.73,364.257
ORD-10919,CUST_1171,41,Female,48124.44,Washington,2023-10-28,Beauty & Personal Care,3,209.45999999999998,0.1,Cash,628.3799999999999,565.5419999999999
ORD-11909,CUST_1584,23,Male,64101.24,California,2024-03-19,Electronics,3,91.76,0.1,Debit Card,275.28000000000003,247.75200000000004
ORD-11777,CUST_1095,53,Other / Unspecified,58586.44,Washington,2023-05-16,Books,1,244.36,0.2,Credit Card,244.36,195.48800000000003
ORD-11721,CUST_1038,38,Female,39472.83,California,2023-01-16,Electronics,1,81.75,0.05,Credit Card,81.75,77.6625
ORD-10763,CUST_1176,48,Male,90140.5,Washington,2024-10-25,Electronics,2,114.37,0.0,Debit Card,228.74,228.74
ORD-10990,CUST_1075,47,Male,84429.01,California,2023-08-29,Books,1,135.49,0.0,Debit Card,135.49,135.49
ORD-10389,CUST_1026,23,Male,68232.98,California,2024-07-13,Electronics,1,46.71,0.0,PayPal,46.71,46.71
ORD-10236,CUST_1287,32,Male,64220.58500000001,Florida,2024-09-17,Beauty & Personal Care,1,130.44,0.0,PayPal,130.44,130.44
ORD-11605,CUST_1094,51,Female,74414.59,New York,2024-08-13,Electronics,1,211.22,0.2,PayPal,211.22,168.976
ORD-10268,CUST_1150,32,Female,110637.42,Illinois,2024-03-15,Electronics,2,426.48,0.2,UPI / Digital Wallet,852.96,682.368
ORD-11559,CUST_1238,51,Female,31439.43,Illinois,2023-03-13,Home & Kitchen,1,249.8,0.1,Credit Card,249.8,224.82000000000002
ORD-10118,CUST_1572,42,Male,60998.62,New York,2023-07-19,Books,1,398.87,0.0,PayPal,398.87,398.87
ORD-11706,CUST_1387,30,Female,75743.45,Florida,2023-01-11,Clothing,4,184.12,0.05,Credit Card,736.48,699.656
ORD-10674,CUST_1303,49,Female,60216.04,Florida,2023-01-11,Beauty & Personal Care,1,258.3,0.1,Debit Card,258.3,232.47000000000003
ORD-10250,CUST_1217,19,Other / Unspecified,83352.76,California,2023-05-26,Electronics,3,0.0,0.1,Unknown,0.0,0.0
ORD-11548,CUST_1369,36,Male,77681.67,Unknown,2023-06-24,Books,2,297.58,0.2,UPI / Digital Wallet,595.16,476.128
ORD-10095,CUST_1126,50,Male,73315.72,California,2024-03-03,Books,1,77.44,0.05,Debit Card,77.44,73.568
ORD-10034,CUST_1390,48,Male,100439.81,Unknown,2024-03-03,Books,2,223.96,0.2,Cash,447.92,358.336
ORD-11560,CUST_1023,64,Female,100133.62,Florida,2024-09-24,Clothing,1,189.0,0.1,Credit Card,189.0,170.1
ORD-11774,CUST_1106,33,Male,47915.07,New York,2024-09-24,Beauty & Personal Care,1,297.8,0.05,UPI / Digital Wallet,297.8,282.91
ORD-10449,CUST_1410,62,Male,17499.06,Texas,2024-07-31,Sports & Outdoors,3,392.21,0.0,Credit Card,1176.6299999999999,1176.6299999999999
ORD-10717,CUST_1339,40,Other / Unspecified,59257.44,Florida,2024-11-26,Home & Kitchen,1,408.64,0.0,PayPal,408.64,408.64
ORD-11346,CUST_1580,38,Male,79758.22,New York,2023-03-25,Electronics,1,417.41,0.1,Cash,417.41,375.66900000000004
ORD-11616,CUST_1197,20,Male,75255.68,Florida,2024-09-07,Clothing,2,193.32,0.05,Cash,386.64,367.308
ORD-10001,CUST_1103,45,Female,50229.69,California,2023-11-27,Electronics,1,298.14,0.15,PayPal,298.14,253.41899999999998
ORD-11464,CUST_1318,33,Male,77667.2,California,2023-11-27,Home & Kitchen,1,293.26,0.15,PayPal,293.26,249.271
ORD-11102,CUST_1390,53,Female,29205.76,New York,2023-02-01,Home & Kitchen,3,188.35,0.15,Cash,565.05,480.29249999999996
ORD-11109,CUST_1072,42,Male,67418.31,New York,2024-10-11,Clothing,3,437.38,0.1,Credit Card,1312.1399999999999,1180.926
ORD-11305,CUST_1389,46,Other / Unspecified,48399.45,California,2024-10-11,Books,2,0.0,0.05,Cash,0.0,0.0
ORD-10083,CUST_1027,46,Male,64220.58500000001,Florida,2024-01-13,Beauty & Personal Care,1,66.03,0.15,Debit Card,66.03,56.1255
ORD-11575,CUST_1038,38,Female,67918.88,Illinois,2023-09-14,Electronics,4,211.22,0.15,PayPal,844.88,718.148
ORD-10677,CUST_1494,25,Male,64101.24,California,2023-09-14,Sports & Outdoors,1,411.48,0.0,PayPal,411.48,411.48
ORD-11546,CUST_1214,50,Female,59273.19,Washington,2023-07-13,Electronics,3,52.7,0.05,Debit Card,158.10000000000002,150.19500000000002
ORD-11047,CUST_1006,27,Male,63544.94,Washington,2023-07-20,Home & Kitchen,1,181.23,0.1,Cash,181.23,163.107
ORD-10771,CUST_1380,43,Female,28071.89,Florida,2023-07-20,Sports & Outdoors,1,393.84,0.05,Credit Card,393.84,374.14799999999997
ORD-11293,CUST_1366,50,Male,52506.82,Washington,2023-10-05,Clothing,2,205.04,0.05,Credit Card,410.08,389.57599999999996
ORD-11362,CUST_1373,60,Female,63544.94,Washington,2023-10-05,Clothing,1,378.94,0.15,Debit Card,378.94,322.099
ORD-11919,CUST_1038,25,Male,68850.54,Florida,2023-04-17,Electronics,1,190.6,0.2,UPI / Digital Wallet,190.6,152.48
ORD-10405,CUST_1290,49,Female,37686.6,Unknown,2024-12-08,Electronics,1,211.22,0.1,Credit Card,211.22,190.098
ORD-11994,CUST_1091,24,Male,69629.36,Washington,2023-10-07,Electronics,1,351.55,0.05,PayPal,351.55,333.97249999999997
ORD-11382,CUST_1133,19,Male,84490.34,Texas,2023-03-20,Sports & Outdoors,2,137.52,0.25,Cash,275.04,206.28000000000003
ORD-11425,CUST_1361,23,Female,51808.96,California,2024-04-06,Home & Kitchen,1,179.62,0.2,Credit Card,179.62,143.696
ORD-10105,CUST_1160,48,Male,32548.05,New York,2024-04-06,Clothing,1,330.16,0.15,Credit Card,330.16,280.636
ORD-10689,CUST_1553,36,Male,26211.93,Florida,2023-06-09,Home & Kitchen,1,188.35,0.05,Cash,188.35,178.93249999999998
ORD-11390,CUST_1248,30,Female,82560.14,Illinois,2023-06-09,Clothing,1,176.93,0.0,PayPal,176.93,176.93
ORD-10827,CUST_1022,16,Male,41461.64,Unknown,2024-01-11,Sports & Outdoors,1,123.91,0.0,Credit Card,123.91,123.91
ORD-11241,CUST_1205,50,Male,55765.86,California,2024-01-11,Clothing,4,205.04,0.05,UPI / Digital Wallet,820.16,779.1519999999999
ORD-10063,CUST_1287,60,Female,102691.87,New York,2024-02-05,Home & Kitchen,1,188.35,0.1,Debit Card,188.35,169.515
ORD-10853,CUST_1146,16,Female,36952.46,Florida,2023-05-13,Clothing,4,96.27,0.0,PayPal,385.08,385.08
ORD-11828,CUST_1447,31,Male,48203.44,Illinois,2023-07-21,Clothing,1,0.0,0.15,Cash,0.0,0.0
ORD-11263,CUST_1530,38,Male,49435.48,Texas,2023-08-17,Clothing,2,60.54,0.05,Cash,121.08,115.026
ORD-10224,CUST_1276,53,Female,98358.93,Washington,2023-08-17,Home & Kitchen,2,188.35,0.1,UPI / Digital Wallet,376.7,339.03
ORD-10146,CUST_1398,34,Male,67418.31,New York,2023-10-13,Electronics,1,373.67,0.1,Cash,373.67,336.303
ORD-10374,CUST_1433,36,Female,59294.36,California,2023-05-23,Home & Kitchen,1,214.12,0.1,Credit Card,214.12,192.708
ORD-11515,CUST_1522,51,Female,24718.65,Texas,2023-01-16,Beauty & Personal Care,5,382.84,0.2,PayPal,1914.1999999999998,1531.36
ORD-11143,CUST_1075,49,Other / Unspecified,57424.37,Florida,2024-09-06,Home & Kitchen,1,41.0,0.15,PayPal,41.0,34.85
ORD-11947,CUST_1019,48,Male,33145.18,Texas,2024-07-21,Sports & Outdoors,2,149.58,0.15,Debit Card,299.16,254.286
ORD-11592,CUST_1197,71,Male,32357.22,Texas,2023-09-10,Electronics,1,84.99,0.2,Credit Card,84.99,67.992
ORD-11275,CUST_1023,65,Male,56490.72,Florida,2023-05-11,Clothing,1,0.0,0.0,Cash,0.0,0.0
ORD-11266,CUST_1256,38,Female,37864.85,California,2023-02-15,Electronics,2,211.22,0.2,Unknown,422.44,337.952
ORD-11874,CUST_1125,40,Female,78462.98,Texas,2023-01-08,Home & Kitchen,2,188.35,0.0,PayPal,376.7,376.7
ORD-11352,CUST_1558,24,Male,65444.39,Texas,2023-09-21,Home & Kitchen,4,188.35,0.2,Debit Card,753.4,602.72
ORD-10010,CUST_1497,49,Female,39689.49,Illinois,2023-03-22,Electronics,1,211.22,0.05,Debit Card,211.22,200.659
ORD-10709,CUST_1554,34,Female,22116.53,California,2024-08-09,Clothing,2,99.66,0.1,Credit Card,199.32,179.388
ORD-10256,CUST_1030,33,Male,98372.54,Illinois,2024-05-08,Sports & Outdoors,1,179.66,0.1,UPI / Digital Wallet,179.66,161.694
ORD-10883,CUST_1533,39,Female,86900.38,California,2024-05-08,Home & Kitchen,1,188.35,0.05,Unknown,188.35,178.93249999999998
ORD-10390,CUST_1468,36,Male,68327.48,Texas,2023-01-16,Beauty & Personal Care,3,387.43,0.15,Cash,1162.29,987.9464999999999
ORD-11396,CUST_1059,43,Male,67418.31,New York,2024-04-30,Clothing,1,187.98,0.0,Cash,187.98,187.98
ORD-10909,CUST_1201,20,Male,74053.51,Texas,2023-03-14,Books,1,291.04,0.0,Debit Card,291.04,291.04
ORD-10925,CUST_1581,23,Male,60395.7,Texas,2023-03-21,Electronics,3,310.13,0.05,PayPal,930.39,883.8705
ORD-11812,CUST_1543,30,Male,72348.03,Texas,2023-11-28,Electronics,1,0.0,0.15,Debit Card,0.0,0.0
ORD-11311,CUST_1586,40,Female,92080.96,Washington,2023-11-28,Clothing,1,205.04,0.0,Debit Card,205.04,205.04
ORD-10461,CUST_1101,36,Female,64101.24,California,2024-01-16,Books,1,0.0,0.0,PayPal,0.0,0.0
ORD-11381,CUST_1117,16,Female,69838.22,California,2024-06-01,Electronics,1,0.0,0.1,Cash,0.0,0.0
ORD-11809,CUST_1196,36,Female,104080.81,Florida,2023-08-23,Clothing,1,389.36,0.0,PayPal,389.36,389.36
ORD-11169,CUST_1013,53,Other / Unspecified,56598.73,California,2023-12-23,Clothing,1,102.23,0.2,Unknown,102.23,81.784
ORD-10959,CUST_1496,35,Female,50768.19,Florida,2023-12-23,Electronics,2,188.74,0.05,Debit Card,377.48,358.606
ORD-10502,CUST_1588,35,Male,40255.39,Texas,2023-12-23,Sports & Outdoors,1,50.21,0.15,Cash,50.21,42.6785
ORD-10740,CUST_1324,60,Male,57756.56,California,2023-08-05,Sports & Outdoors,1,159.54,0.1,PayPal,159.54,143.58599999999998
ORD-11972,CUST_1310,36,Male,58240.26,California,2023-08-05,Home & Kitchen,2,66.95,0.15,Credit Card,133.9,113.815
ORD-10869,CUST_1469,77,Female,67083.48,Washington,2024-11-11,Home & Kitchen,1,0.0,0.2,Cash,0.0,0.0
ORD-10732,CUST_1416,23,Male,64101.24,California,2023-04-14,Clothing,2,71.83,0.05,Credit Card,143.66,136.477
ORD-10540,CUST_1398,37,Female,95441.07,New York,2023-08-23,Home & Kitchen,1,188.35,0.2,Debit Card,188.35,150.68
ORD-11202,CUST_1460,45,Male,17329.03,Washington,2023-08-23,Books,4,245.85,0.2,Credit Card,983.4,786.72
ORD-10698,CUST_1459,53,Male,99712.52,California,2023-06-06,Home & Kitchen,2,307.17,0.15,Debit Card,614.34,522.189
ORD-11466,CUST_1213,27,Male,94571.58,Unknown,2023-06-06,Home & Kitchen,2,65.28,0.05,UPI / Digital Wallet,130.56,124.032
ORD-11146,CUST_1092,22,Male,76323.78,Texas,2024-08-01,Books,1,210.47,0.15,Debit Card,210.47,178.8995
ORD-11032,CUST_1483,42,Male,25189.41,Texas,2024-08-01,Home & Kitchen,1,154.0,0.05,PayPal,154.0,146.29999999999998
ORD-10373,CUST_1514,39,Male,67087.29,Florida,2023-09-27,Clothing,1,210.43,0.2,Cash,210.43,168.34400000000002
ORD-10668,CUST_1552,24,Male,43195.94,Washington,2023-02-18,Sports & Outdoors,1,179.66,0.2,Credit Card,179.66,143.728
ORD-11624,CUST_1025,53,Female,9999999.0,Illinois,2023-06-30,Clothing,1,205.04,0.1,PayPal,205.04,184.536
ORD-10358,CUST_1369,40,Female,106241.77,California,2023-06-30,Sports & Outdoors,1,130.32,0.05,PayPal,130.32,123.80399999999999
ORD-10968,CUST_1239,44,Male,9999999.0,California,2023-03-17,Electronics,3,258.8,0.15,UPI / Digital Wallet,776.4000000000001,659.94
ORD-10784,CUST_1363,36,Female,29663.5,New York,2024-07-31,Clothing,1,30.49,0.1,Cash,30.49,27.441
ORD-10736,CUST_1241,33,Female,97858.27,Texas,2024-07-31,Beauty & Personal Care,1,180.56,0.2,Credit Card,180.56,144.448
ORD-11036,CUST_1191,38,Male,65033.11,Texas,2024-07-31,Sports & Outdoors,1,377.14,0.05,Cash,377.14,358.28299999999996
ORD-11623,CUST_1371,24,Male,64467.39,New York,2024-07-31,Books,1,108.43,0.05,Debit Card,108.43,103.0085
ORD-11584,CUST_1456,23,Female,72074.34,Illinois,2023-03-17,Clothing,1,109.03,0.15,Unknown,109.03,92.6755
ORD-11992,CUST_1038,44,Female,80609.21,Illinois,2024-05-03,Clothing,1,145.6,0.0,PayPal,145.6,145.6
ORD-11622,CUST_1559,33,Male,84316.13,Illinois,2023-03-18,Electronics,2,387.11,0.15,Cash,774.22,658.087
ORD-11329,CUST_1520,61,Other / Unspecified,41039.57,Texas,2023-07-01,Clothing,1,445.08,0.05,Debit Card,445.08,422.82599999999996
ORD-11437,CUST_1270,33,Male,56666.05,New York,2023-07-01,Clothing,4,323.45,0.2,Debit Card,1293.8,1035.04
ORD-11588,CUST_1575,38,Male,47202.95,Florida,2023-07-01,Home & Kitchen,1,234.26,0.15,Cash,234.26,199.12099999999998
ORD-11745,CUST_1425,38,Female,76818.96,California,2023-12-31,Home & Kitchen,1,48.68,0.25,Debit Card,48.68,36.51
ORD-11253,CUST_1064,63,Male,33491.83,Illinois,2024-08-07,Books,5,274.06,0.0,Credit Card,1370.3,1370.3
ORD-11801,CUST_1070,27,Female,95879.72,Florida,2023-02-12,Beauty & Personal Care,4,130.27,0.1,Cash,521.08,468.97200000000004
ORD-11824,CUST_1531,35,Female,39525.81,Unknown,2023-12-12,Electronics,4,0.0,0.0,Debit Card,0.0,0.0
ORD-11237,CUST_1281,47,Female,66956.17,Texas,2023-07-02,Beauty & Personal Care,3,90.24,0.05,Credit Card,270.71999999999997,257.18399999999997
ORD-10886,CUST_1130,40,Female,69821.86,Illinois,2023-07-02,Electronics,1,32.32,0.05,Credit Card,32.32,30.703999999999997
ORD-10080,CUST_1029,38,Male,109323.34,Unknown,2024-04-03,Books,1,448.75,0.0,PayPal,448.75,448.75
ORD-11173,CUST_1486,61,Male,52011.65,Washington,2024-04-03,Home & Kitchen,2,311.75,0.2,Debit Card,623.5,498.8
ORD-10815,CUST_1082,38,Female,56054.37,California,2024-11-01,Electronics,1,211.22,0.1,Credit Card,211.22,190.098
ORD-11367,CUST_1177,18,Female,63544.94,Washington,2023-08-04,Sports & Outdoors,2,109.16,0.2,Credit Card,218.32,174.656
ORD-10672,CUST_1522,44,Female,57470.51,California,2023-01-08,Beauty & Personal Care,3,250.63,0.15,Debit Card,751.89,639.1065
ORD-11630,CUST_1220,36,Other / Unspecified,16399.13,Texas,2023-12-09,Electronics,5,222.76,0.0,Credit Card,1113.8,1113.8
ORD-10058,CUST_1264,35,Male,77666.35,Texas,2023-03-28,Electronics,2,26.79,0.1,PayPal,53.58,48.222
ORD-10134,CUST_1305,39,Male,73349.75,Illinois,2024-09-20,Books,3,259.13,0.2,Credit Card,777.39,621.912
ORD-11141,CUST_1519,51,Male,41926.2,Unknown,2023-08-10,Beauty & Personal Care,1,409.75,0.0,Credit Card,409.75,409.75
ORD-11791,CUST_1377,28,Female,83469.52,Illinois,2024-05-11,Books,1,329.86,0.2,Unknown,329.86,263.88800000000003
ORD-10824,CUST_1536,22,Male,75405.0,Washington,2024-05-11,Home & Kitchen,2,268.48,0.0,Credit Card,536.96,536.96
ORD-11215,CUST_1398,34,Male,98510.3,Washington,2024-05-20,Beauty & Personal Care,1,45.9,0.15,UPI / Digital Wallet,45.9,39.015
ORD-11890,CUST_1130,38,Male,42057.62,Florida,2024-03-27,Clothing,1,35.26,0.15,Credit Card,35.26,29.970999999999997
ORD-10348,CUST_1204,36,Male,61459.53,Unknown,2023-02-26,Beauty & Personal Care,3,370.48,0.15,Cash,1111.44,944.724
ORD-10387,CUST_1198,54,Male,91454.94,Illinois,2023-02-26,Home & Kitchen,1,0.0,0.2,Credit Card,0.0,0.0
ORD-11025,CUST_1087,40,Other / Unspecified,87347.03,California,2024-09-28,Clothing,1,205.04,0.0,Credit Card,205.04,205.04
ORD-10895,CUST_1029,34,Male,64101.24,California,2024-01-15,Sports & Outdoors,3,18.22,0.15,Cash,54.66,46.461
ORD-10829,CUST_1529,30,Male,80793.62,Texas,2024-01-15,Books,1,0.0,0.15,Credit Card,0.0,0.0
ORD-11417,CUST_1531,38,Female,50016.85,New York,2023-11-12,Electronics,1,314.22,0.2,Cash,314.22,251.37600000000003
ORD-10476,CUST_1383,67,Male,101707.78,Florida,2023-04-25,Home & Kitchen,1,85.54,0.15,Credit Card,85.54,72.709
ORD-11567,CUST_1206,38,Male,119189.78,New York,2024-07-23,Electronics,1,211.22,0.1,Cash,211.22,190.098
ORD-11542,CUST_1553,22,Female,76583.96,Illinois,2024-10-08,Electronics,1,211.22,0.15,UPI / Digital Wallet,211.22,179.537
ORD-11488,CUST_1134,61,Male,51575.61,Illinois,2024-11-10,Home & Kitchen,1,133.3,0.0,Cash,133.3,133.3
ORD-10653,CUST_1465,22,Male,33175.63,Florida,2023-04-07,Books,1,0.0,0.2,PayPal,0.0,0.0
ORD-10173,CUST_1455,33,Male,55480.11,Texas,2023-06-15,Sports & Outdoors,1,309.85,0.0,PayPal,309.85,309.85
ORD-11150,CUST_1292,68,Male,40887.08,Florida,2023-12-13,Clothing,1,205.04,0.05,Credit Card,205.04,194.78799999999998
ORD-10039,CUST_1126,36,Male,63192.71,California,2024-09-01,Electronics,1,395.33,0.05,Cash,395.33,375.5635
ORD-10714,CUST_1333,17,Other / Unspecified,80316.49,Texas,2023-06-19,Electronics,2,175.24,0.2,Credit Card,350.48,280.384
ORD-10091,CUST_1021,43,Female,48545.35,California,2024-06-09,Books,1,205.17,0.0,Debit Card,205.17,205.17
ORD-10167,CUST_1573,28,Female,61725.26,Washington,2024-03-25,Home & Kitchen,1,390.58,0.1,PayPal,390.58,351.522
ORD-11206,CUST_1350,16,Female,88904.78,Texas,2024-03-25,Clothing,2,136.38,0.2,PayPal,272.76,218.208
ORD-10876,CUST_1531,40,Female,75284.56,California,2024-07-02,Clothing,3,0.0,0.2,Credit Card,0.0,0.0
ORD-11438,CUST_1269,38,Other / Unspecified,65033.11,Texas,2024-07-02,Home & Kitchen,1,140.56,0.15,Unknown,140.56,119.476
ORD-11094,CUST_1291,35,Male,52075.94,Texas,2024-10-09,Clothing,1,361.02,0.0,Debit Card,361.02,361.02
ORD-11156,CUST_1151,57,Other / Unspecified,40520.75,California,2024-10-09,Clothing,1,205.04,0.1,PayPal,205.04,184.536
ORD-11325,CUST_1504,58,Female,56547.67,Texas,2023-11-22,Beauty & Personal Care,1,43.06,0.05,Credit Card,43.06,40.907000000000004
ORD-11830,CUST_1498,38,Female,74642.6,Texas,2023-09-15,Sports & Outdoors,1,114.6,0.0,PayPal,114.6,114.6
ORD-11351,CUST_1071,47,Male,51101.02,Illinois,2023-09-15,Books,3,421.97,0.15,Credit Card,1265.91,1076.0235
ORD-10511,CUST_1163,54,Female,64225.35,Washington,2024-06-16,Clothing,1,132.07,0.0,Credit Card,132.07,132.07
ORD-10500,CUST_1022,28,Other / Unspecified,64220.58500000001,Florida,2023-07-02,Clothing,1,432.42,0.2,Debit Card,432.42,345.93600000000004
ORD-11554,CUST_1387,22,Male,66349.89,California,2023-07-02,Home & Kitchen,1,133.7,0.2,UPI / Digital Wallet,133.7,106.96
ORD-10339,CUST_1069,58,Male,37076.92,New York,2024-11-16,Sports & Outdoors,2,304.16,0.1,Cash,608.32,547.488
ORD-11189,CUST_1244,41,Female,64101.24,California,2024-11-16,Beauty & Personal Care,3,272.71,0.15,Unknown,818.1299999999999,695.4104999999998
ORD-10029,CUST_1235,39,Female,66985.53,Texas,2023-06-19,Clothing,1,238.3,0.2,Credit Card,238.3,190.64000000000001
ORD-11218,CUST_1061,24,Female,15000.0,Florida,2023-02-06,Clothing,4,249.13,0.05,PayPal,996.52,946.694
ORD-11647,CUST_1226,20,Male,59007.85,Florida,2024-02-08,Electronics,1,215.14,0.1,PayPal,215.14,193.626
ORD-11941,CUST_1512,52,Male,69214.73,California,2023-03-14,Clothing,2,205.04,0.0,Debit Card,410.08,410.08
ORD-10946,CUST_1597,29,Male,45426.16,Unknown,2023-03-14,Books,2,210.47,0.05,Debit Card,420.94,399.893
ORD-10170,CUST_1561,16,Male,57130.53,New York,2023-03-14,Electronics,1,171.7,0.05,Unknown,171.7,163.11499999999998
ORD-11968,CUST_1060,27,Female,61103.63,California,2023-02-03,Clothing,1,174.29,0.05,PayPal,174.29,165.57549999999998
ORD-11198,CUST_1364,40,Female,67418.31,New York,2024-02-03,Books,2,53.69,0.0,Credit Card,107.38,107.38
ORD-11254,CUST_1027,16,Male,59155.24,Washington,2023-04-04,Electronics,1,211.22,0.1,UPI / Digital Wallet,211.22,190.098
ORD-11490,CUST_1065,49,Male,47159.36,Washington,2024-06-05,Books,1,291.87,0.05,Credit Card,291.87,277.2765
ORD-10913,CUST_1590,33,Male,72593.64,California,2024-01-22,Clothing,1,226.43,0.0,PayPal,226.43,226.43
ORD-10492,CUST_1513,39,Male,68321.73,Washington,2023-11-21,Clothing,1,412.78,0.0,PayPal,412.78,412.78
ORD-10954,CUST_1595,43,Male,67418.31,New York,2024-10-15,Clothing,2,440.44,0.0,UPI / Digital Wallet,880.88,880.88
ORD-11098,CUST_1592,34,Male,53959.95,Texas,2023-10-01,Sports & Outdoors,3,435.7,0.15,Credit Card,1307.1,1111.0349999999999
ORD-11033,CUST_1068,39,Female,48577.24,Texas,2023-10-01,Beauty & Personal Care,1,180.81,0.15,Cash,180.81,153.6885
ORD-10588,CUST_1303,42,Male,36475.15,Texas,2023-10-04,Electronics,1,211.22,0.15,Credit Card,211.22,179.537
ORD-10751,CUST_1150,34,Male,66743.06,Unknown,2023-10-04,Electronics,1,0.0,0.1,PayPal,0.0,0.0
ORD-10658,CUST_1595,24,Female,21512.26,Unknown,2023-01-08,Clothing,1,238.22,0.1,Debit Card,238.22,214.398
ORD-10235,CUST_1406,59,Male,113840.78,Unknown,2024-09-02,Clothing,1,332.32,0.15,Cash,332.32,282.472
ORD-10733,CUST_1031,29,Male,20478.11,California,2024-11-08,Electronics,3,332.45,0.05,PayPal,997.3499999999999,947.4824999999998
ORD-11829,CUST_1597,25,Other / Unspecified,97660.14,Washington,2024-10-29,Books,2,152.41,0.15,Cash,304.82,259.097
ORD-11157,CUST_1123,35,Male,64101.24,California,2024-11-10,Clothing,1,0.0,0.0,Cash,0.0,0.0
ORD-11566,CUST_1006,49,Male,47620.09,Washington,2024-05-14,Electronics,4,347.45,0.0,PayPal,1389.8,1389.8
ORD-11519,CUST_1591,50,Male,82650.64,New York,2024-05-14,Clothing,1,402.23,0.2,PayPal,402.23,321.78400000000005
ORD-11728,CUST_1136,39,Male,74989.74,New York,2023-10-29,Clothing,1,417.39,0.1,PayPal,417.39,375.651
ORD-10935,CUST_1098,42,Female,72534.45,California,2023-01-22,Clothing,1,390.08,0.2,Credit Card,390.08,312.064
ORD-11210,CUST_1134,38,Male,93946.06,California,2024-02-15,Clothing,1,401.73,0.25,Cash,401.73,301.2975
ORD-11066,CUST_1580,51,Male,69457.2,New York,2024-07-03,Beauty & Personal Care,1,296.7,0.1,Unknown,296.7,267.03
ORD-10109,CUST_1517,27,Female,83943.57,Florida,2024-03-31,Home & Kitchen,2,323.3,0.05,Credit Card,646.6,614.27
ORD-11641,CUST_1540,51,Male,85539.06,Florida,2024-03-10,Clothing,2,205.04,0.1,Debit Card,410.08,369.072
ORD-10569,CUST_1541,31,Female,9999999.0,Florida,2024-03-10,Electronics,2,211.22,0.05,Credit Card,422.44,401.318
ORD-11168,CUST_1516,47,Male,67418.31,New York,2024-09-16,Home & Kitchen,2,0.0,0.1,Credit Card,0.0,0.0
ORD-11175,CUST_1219,38,Male,70220.32,Illinois,2024-09-16,Beauty & Personal Care,3,175.08,0.0,PayPal,525.24,525.24
ORD-10891,CUST_1125,32,Other / Unspecified,30368.93,Texas,2024-09-16,Home & Kitchen,3,188.35,0.05,Credit Card,565.05,536.7974999999999
ORD-10948,CUST_1083,45,Female,69434.45,Illinois,2024-09-16,Books,1,394.55,0.0,Credit Card,394.55,394.55
ORD-11049,CUST_1553,30,Male,21162.66,Florida,2023-09-12,Electronics,5,364.98,0.0,Credit Card,1824.9,1824.9
ORD-11783,CUST_1132,45,Female,33386.74,Washington,2023-03-17,Electronics,1,211.22,0.0,PayPal,211.22,211.22
ORD-11460,CUST_1309,44,Other / Unspecified,65970.56,Unknown,2023-03-06,Electronics,2,211.22,0.15,Debit Card,422.44,359.074
ORD-11541,CUST_1308,26,Female,79941.71,Texas,2023-03-23,Books,5,84.1,0.05,PayPal,420.5,399.47499999999997
ORD-10885,CUST_1234,35,Male,89807.08,California,2023-02-22,Clothing,2,282.74,0.2,Cash,565.48,452.384
ORD-11779,CUST_1156,23,Male,51971.13,California,2023-02-22,Clothing,2,177.87,0.2,PayPal,355.74,284.59200000000004
ORD-10718,CUST_1253,40,Other / Unspecified,29957.0,Illinois,2024-11-21,Sports & Outdoors,1,168.57,0.2,Credit Card,168.57,134.856
ORD-10851,CUST_1384,16,Male,15000.0,Illinois,2023-03-20,Sports & Outdoors,1,179.66,0.1,Debit Card,179.66,161.694
ORD-11408,CUST_1351,32,Female,51076.51,California,2023-08-01,Clothing,2,125.93,0.15,Unknown,251.86,214.08100000000002
ORD-10735,CUST_1591,32,Male,72117.74,New York,2024-03-31,Books,1,98.68,0.0,Credit Card,98.68,98.68
ORD-10455,CUST_1209,49,Female,76074.2,Illinois,2023-10-27,Electronics,1,305.02,0.0,Unknown,305.02,305.02
ORD-10265,CUST_1493,16,Male,40849.54,Washington,2024-01-16,Beauty & Personal Care,1,302.6,0.2,PayPal,302.6,242.08000000000004
ORD-11952,CUST_1316,26,Female,58057.55,California,2024-10-11,Electronics,1,301.17,0.2,PayPal,301.17,240.93600000000004
ORD-10445,CUST_1419,25,Male,94475.3,Washington,2023-08-18,Beauty & Personal Care,1,104.56,0.05,UPI / Digital Wallet,104.56,99.332
ORD-10396,CUST_1273,36,Male,70291.34,Florida,2023-01-25,Electronics,1,412.89,0.15,PayPal,412.89,350.9565
ORD-10177,CUST_1055,27,Male,68954.26,California,2023-11-03,Electronics,2,211.22,0.15,PayPal,422.44,359.074
ORD-11043,CUST_1548,20,Male,40901.3,California,2023-03-11,Electronics,2,255.59,0.2,Cash,511.18,408.944
ORD-11393,CUST_1503,50,Male,18758.97,Illinois,2023-03-11,Beauty & Personal Care,2,91.21,0.1,PayPal,182.42,164.178
ORD-11493,CUST_1203,32,Male,108704.47,Florida,2024-07-14,Beauty & Personal Care,3,56.78,0.15,Credit Card,170.34,144.789
ORD-11609,CUST_1346,40,Male,47058.25,California,2024-06-11,Clothing,1,205.04,0.0,Cash,205.04,205.04
ORD-11470,CUST_1124,53,Female,47938.32,California,2023-08-24,Electronics,4,159.95,0.15,Credit Card,639.8,543.8299999999999
ORD-10596,CUST_1370,35,Male,80785.21,Washington,2024-02-01,Clothing,1,153.4,0.2,Unknown,153.4,122.72000000000001
ORD-10062,CUST_1235,53,Female,92634.21,Florida,2023-12-22,Sports & Outdoors,1,0.0,0.2,UPI / Digital Wallet,0.0,0.0
ORD-11297,CUST_1175,49,Female,87422.58,Washington,2023-12-22,Sports & Outdoors,3,179.66,0.05,PayPal,538.98,512.031
ORD-10873,CUST_1103,18,Female,65384.16,California,2023-03-08,Clothing,2,63.41,0.1,PayPal,126.82,114.13799999999999
ORD-11587,CUST_1335,29,Male,64826.3,Washington,2024-09-25,Beauty & Personal Care,4,0.0,0.25,PayPal,0.0,0.0
ORD-10279,CUST_1291,32,Male,112730.43,Texas,2024-01-12,Beauty & Personal Care,1,80.88,0.2,Credit Card,80.88,64.704
ORD-10037,CUST_1268,43,Male,97210.12,Unknown,2024-07-31,Clothing,2,441.5,0.1,Credit Card,883.0,794.7
ORD-11614,CUST_1237,36,Male,61750.28,New York,2023-06-17,Books,1,47.14,0.15,Debit Card,47.14,40.069
ORD-10663,CUST_1428,40,Female,66874.43,Florida,2024-04-12,Home & Kitchen,3,420.17,0.2,Unknown,1260.51,1008.408
ORD-11926,CUST_1021,31,Female,115878.19,Washington,2024-04-12,Home & Kitchen,2,380.86,0.0,Debit Card,761.72,761.72
ORD-11539,CUST_1297,16,Female,51144.51,Unknown,2024-04-12,Clothing,1,286.01,0.2,Unknown,286.01,228.808
ORD-10978,CUST_1103,28,Female,98540.35,Texas,2023-10-04,Clothing,2,64.79,0.0,UPI / Digital Wallet,129.58,129.58
ORD-11670,CUST_1534,35,Male,69622.24,Illinois,2023-09-23,Beauty & Personal Care,2,209.76,0.15,Credit Card,419.52,356.592
ORD-10739,CUST_1109,54,Other / Unspecified,69527.15,Illinois,2023-03-26,Electronics,1,376.63,0.2,Debit Card,376.63,301.30400000000003
ORD-10192,CUST_1480,38,Male,53858.69,Unknown,2023-04-21,Clothing,1,238.53,0.0,Cash,238.53,238.53
ORD-10920,CUST_1111,36,Female,25122.06,Florida,2023-02-24,Sports & Outdoors,1,240.22,0.1,Debit Card,240.22,216.198
ORD-10457,CUST_1389,16,Male,88876.73,California,2023-01-14,Clothing,4,205.04,0.1,PayPal,820.16,738.144
ORD-11418,CUST_1211,17,Male,102499.36,California,2023-01-14,Beauty & Personal Care,1,209.45999999999998,0.1,PayPal,209.45999999999998,188.51399999999998
ORD-10676,CUST_1230,44,Male,43422.6,California,2024-09-23,Books,2,429.33,0.05,Cash,858.66,815.727
ORD-10761,CUST_1257,38,Male,101949.06,Texas,2024-03-30,Electronics,1,51.81,0.2,PayPal,51.81,41.44800000000001
ORD-11927,CUST_1446,29,Female,61643.11,California,2023-01-25,Clothing,1,253.53,0.1,Credit Card,253.53,228.177
ORD-11702,CUST_1114,46,Female,59092.16,Illinois,2023-10-01,Home & Kitchen,1,18.92,0.15,PayPal,18.92,16.082
ORD-10729,CUST_1036,23,Other / Unspecified,79960.22,California,2023-01-13,Electronics,1,75.37,0.1,Unknown,75.37,67.83300000000001
ORD-11400,CUST_1074,43,Female,56217.24,Texas,2023-09-28,Beauty & Personal Care,1,60.42,0.2,PayPal,60.42,48.336000000000006
ORD-10413,CUST_1292,39,Female,86513.36,New York,2024-10-16,Beauty & Personal Care,2,209.45999999999998,0.0,PayPal,418.91999999999996,418.91999999999996
ORD-11099,CUST_1241,48,Male,95462.39,Florida,2023-10-26,Sports & Outdoors,1,179.66,0.2,Credit Card,179.66,143.728
ORD-10826,CUST_1360,25,Female,90330.75,Washington,2023-12-10,Beauty & Personal Care,1,85.29,0.1,Credit Card,85.29,76.76100000000001
ORD-11594,CUST_1526,30,Male,111270.78,Texas,2024-01-09,Home & Kitchen,1,200.95,0.0,PayPal,200.95,200.95
ORD-10617,CUST_1058,52,Male,55318.89,Illinois,2024-08-12,Books,1,106.52,0.15,Credit Card,106.52,90.54199999999999
ORD-10115,CUST_1380,44,Male,119928.37,New York,2024-08-12,Books,1,91.95,0.05,UPI / Digital Wallet,91.95,87.35249999999999
ORD-10418,CUST_1334,44,Male,65351.65,Illinois,2023-02-03,Books,1,0.0,0.25,Credit Card,0.0,0.0
ORD-10970,CUST_1115,33,Other / Unspecified,110005.41,California,2024-11-03,Sports & Outdoors,3,51.42,0.15,PayPal,154.26,131.12099999999998
ORD-10090,CUST_1420,38,Male,73442.11,Texas,2024-02-22,Sports & Outdoors,5,138.48,0.2,Credit Card,692.4,553.92
ORD-10849,CUST_1129,30,Female,50575.76,California,2024-07-30,Home & Kitchen,1,299.84,0.05,Credit Card,299.84,284.84799999999996
ORD-11618,CUST_1268,33,Female,71100.33,Florida,2024-07-30,Sports & Outdoors,3,432.49,0.2,PayPal,1297.47,1037.976
ORD-10754,CUST_1103,42,Male,65351.65,Illinois,2023-11-09,Clothing,1,205.04,0.0,Cash,205.04,205.04
ORD-10499,CUST_1339,51,Female,33875.99,Texas,2023-11-09,Clothing,1,293.3,0.1,Credit Card,293.3,263.97
ORD-11277,CUST_1196,29,Female,58531.29,Florida,2023-11-28,Beauty & Personal Care,1,200.37,0.2,UPI / Digital Wallet,200.37,160.29600000000002
ORD-11326,CUST_1026,37,Male,65351.65,Illinois,2023-01-13,Clothing,2,388.28,0.0,Credit Card,776.56,776.56
ORD-10012,CUST_1403,30,Male,91316.69,Texas,2024-10-01,Electronics,1,64.36,0.05,Credit Card,64.36,61.141999999999996
ORD-10397,CUST_1086,38,Male,41089.47,Illinois,2024-08-03,Sports & Outdoors,1,138.83,0.2,Credit Card,138.83,111.06400000000002
ORD-11067,CUST_1279,38,Male,49780.56,Washington,2024-08-03,Electronics,3,146.39,0.2,Debit Card,439.16999999999996,351.336
ORD-11441,CUST_1432,49,Male,88880.42,Unknown,2024-09-18,Books,1,166.01,0.0,Credit Card,166.01,166.01
ORD-11856,CUST_1590,41,Male,15000.0,California,2023-09-03,Beauty & Personal Care,1,46.65,0.15,Debit Card,46.65,39.652499999999996
ORD-11451,CUST_1148,19,Female,27541.56,New York,2024-11-25,Electronics,3,211.22,0.05,Debit Card,633.66,601.977
ORD-10691,CUST_1296,23,Male,84931.96,Illinois,2023-12-08,Sports & Outdoors,3,179.66,0.0,Credit Card,538.98,538.98
ORD-11733,CUST_1414,37,Female,64101.24,California,2023-12-08,Electronics,2,267.91,0.15,Debit Card,535.82,455.447
ORD-11999,CUST_1358,42,Female,90489.65,New York,2023-11-07,Books,1,210.47,0.2,PayPal,210.47,168.376
ORD-10690,CUST_1017,20,Male,84608.88,Texas,2023-08-28,Clothing,1,0.0,0.15,Unknown,0.0,0.0
ORD-10852,CUST_1017,35,Female,61480.84,Washington,2024-11-26,Clothing,3,248.6,0.15,Cash,745.8,633.93
ORD-11499,CUST_1451,61,Male,57788.08,New York,2023-04-07,Electronics,1,211.22,0.0,Credit Card,211.22,211.22
ORD-10160,CUST_1354,17,Male,67418.31,New York,2024-06-16,Clothing,1,205.04,0.05,UPI / Digital Wallet,205.04,194.78799999999998
ORD-10896,CUST_1046,43,Female,67555.43,Texas,2023-03-01,Beauty & Personal Care,1,85.11,0.2,Cash,85.11,68.08800000000001
ORD-11674,CUST_1487,38,Female,64380.59,New York,2023-03-01,Home & Kitchen,1,0.0,0.2,PayPal,0.0,0.0
ORD-10258,CUST_1364,32,Male,87996.92,Washington,2024-10-03,Clothing,2,341.88,0.15,Unknown,683.76,581.196
ORD-10336,CUST_1336,16,Male,43415.02,Florida,2024-11-24,Electronics,5,96.32,0.05,UPI / Digital Wallet,481.59999999999997,457.5199999999999
ORD-11040,CUST_1130,36,Female,60638.97,Illinois,2024-12-10,Home & Kitchen,1,48.23,0.15,Cash,48.23,40.99549999999999
ORD-10516,CUST_1259,32,Female,67722.94,Washington,2024-12-10,Clothing,1,205.82,0.2,Credit Card,205.82,164.656
ORD-11349,CUST_1114,39,Female,75544.9,California,2023-03-20,Clothing,1,205.04,0.25,PayPal,205.04,153.78
ORD-11016,CUST_1176,16,Male,26804.04,New York,2023-07-16,Electronics,2,211.22,0.0,Credit Card,422.44,422.44
ORD-10769,CUST_1399,35,Male,40191.39,Texas,2024-04-15,Electronics,1,295.36,0.1,Cash,295.36,265.824
ORD-11858,CUST_1548,35,Male,40594.53,New York,2023-11-23,Books,1,0.0,0.1,UPI / Digital Wallet,0.0,0.0
ORD-10762,CUST_1363,32,Male,32753.02,New York,2023-04-06,Electronics,2,434.56,0.05,Debit Card,869.12,825.664
ORD-11247,CUST_1258,32,Female,70364.46,New York,2024-06-05,Electronics,1,195.15,0.0,PayPal,195.15,195.15
ORD-11204,CUST_1377,16,Male,49463.53,Illinois,2024-06-05,Books,3,0.0,0.15,Debit Card,0.0,0.0
ORD-11564,CUST_1338,64,Female,65127.44,Unknown,2024-06-05,Clothing,2,220.46,0.1,UPI / Digital Wallet,440.92,396.82800000000003
ORD-11124,CUST_1375,19,Male,94024.86,California,2023-12-30,Books,1,342.83,0.15,Unknown,342.83,291.40549999999996
ORD-10522,CUST_1105,38,Male,79973.5,Unknown,2023-12-20,Clothing,1,159.08,0.05,Unknown,159.08,151.126
ORD-10023,CUST_1453,64,Male,33921.38,Texas,2023-12-23,Clothing,3,128.49,0.05,Credit Card,385.47,366.1965
ORD-10357,CUST_1579,38,Male,54205.24,Unknown,2024-01-31,Home & Kitchen,2,61.2,0.15,Cash,122.4,104.04
ORD-11278,CUST_1466,37,Male,64101.24,California,2024-01-31,Electronics,1,271.23,0.05,Credit Card,271.23,257.6685
ORD-11313,CUST_1328,38,Female,64402.61,Illinois,2024-07-06,Clothing,1,182.18,0.0,Credit Card,182.18,182.18
ORD-11789,CUST_1349,37,Female,24152.37,California,2023-03-22,Clothing,2,139.99,0.15,Credit Card,279.98,237.983
ORD-10341,CUST_1214,24,Male,60707.48,New York,2024-02-19,Books,1,210.47,0.0,Credit Card,210.47,210.47
ORD-10432,CUST_1088,35,Female,80872.87,Texas,2023-09-27,Home & Kitchen,3,188.35,0.05,Credit Card,565.05,536.7974999999999
ORD-10474,CUST_1230,39,Male,73294.93,Unknown,2023-07-23,Sports & Outdoors,2,44.58,0.2,Cash,89.16,71.328
ORD-10218,CUST_1400,61,Female,90717.04,California,2024-07-27,Beauty & Personal Care,2,209.45999999999998,0.2,UPI / Digital Wallet,418.91999999999996,335.13599999999997
ORD-10912,CUST_1222,49,Female,42446.0,Illinois,2024-08-26,Clothing,1,225.56,0.0,Cash,225.56,225.56
ORD-11228,CUST_1561,23,Male,38449.19,Texas,2024-03-07,Home & Kitchen,2,295.13,0.0,UPI / Digital Wallet,590.26,590.26
ORD-11012,CUST_1039,36,Female,53955.54,California,2023-09-21,Clothing,1,205.04,0.2,Credit Card,205.04,164.032
ORD-10958,CUST_1340,67,Male,74443.62,California,2023-09-21,Books,2,204.05,0.1,UPI / Digital Wallet,408.1,367.29
ORD-10094,CUST_1334,38,Other / Unspecified,65351.65,Illinois,2023-09-21,Clothing,1,33.08,0.05,PayPal,33.08,31.426
ORD-11009,CUST_1514,35,Male,64220.58500000001,Florida,2024-03-31,Books,1,444.49,0.05,PayPal,444.49,422.2655
ORD-11071,CUST_1261,23,Male,66495.09,Illinois,2023-05-13,Clothing,1,369.78,0.2,UPI / Digital Wallet,369.78,295.824
ORD-11093,CUST_1509,40,Male,51551.52,Texas,2024-02-24,Electronics,1,227.37,0.2,UPI / Digital Wallet,227.37,181.89600000000002
ORD-11684,CUST_1542,52,Female,50903.66,Texas,2024-02-24,Books,1,210.47,0.0,PayPal,210.47,210.47
ORD-11309,CUST_1266,54,Female,68880.29,Washington,2024-02-24,Electronics,1,318.84,0.0,Debit Card,318.84,318.84
ORD-10697,CUST_1549,73,Male,54160.61,Florida,2023-07-23,Sports & Outdoors,2,179.66,0.05,Credit Card,359.32,341.354
ORD-11910,CUST_1453,34,Female,44501.67,Florida,2024-01-16,Electronics,4,368.82,0.0,Credit Card,1475.28,1475.28
ORD-10997,CUST_1542,39,Female,64101.24,California,2024-05-12,Electronics,2,330.25,0.1,Unknown,660.5,594.45
ORD-11459,CUST_1579,54,Female,9999999.0,New York,2023-03-02,Beauty & Personal Care,2,306.06,0.1,PayPal,612.12,550.908
ORD-10154,CUST_1266,33,Female,57383.71,New York,2024-11-08,Electronics,3,0.0,0.2,Cash,0.0,0.0
ORD-11100,CUST_1266,52,Other / Unspecified,43117.23,New York,2023-09-11,Books,1,0.0,0.0,Credit Card,0.0,0.0
ORD-11827,CUST_1311,36,Female,65033.11,Texas,2024-09-17,Sports & Outdoors,4,57.46,0.15,Cash,229.84,195.364
ORD-10790,CUST_1073,45,Male,111114.55,Illinois,2023-12-04,Sports & Outdoors,1,179.66,0.0,Cash,179.66,179.66
ORD-10581,CUST_1489,34,Female,31760.88,California,2023-08-05,Clothing,1,320.35,0.05,Debit Card,320.35,304.3325
ORD-11471,CUST_1056,54,Female,93432.63,Florida,2023-03-26,Beauty & Personal Care,1,209.45999999999998,0.2,Debit Card,209.45999999999998,167.56799999999998
ORD-10704,CUST_1044,62,Male,16811.84,Texas,2023-06-21,Clothing,1,333.25,0.05,Credit Card,333.25,316.5875
ORD-11213,CUST_1054,49,Female,91429.27,Washington,2023-06-21,Beauty & Personal Care,1,98.73,0.1,Cash,98.73,88.857
ORD-11772,CUST_1132,38,Female,80832.2,Illinois,2023-01-29,Home & Kitchen,2,91.66,0.0,Credit Card,183.32,183.32
ORD-11261,CUST_1550,51,Male,74326.05,Washington,2023-12-19,Sports & Outdoors,2,179.66,0.25,Debit Card,359.32,269.49
ORD-10488,CUST_1408,16,Male,52492.75,California,2023-07-22,Electronics,1,211.22,0.0,Cash,211.22,211.22
ORD-10560,CUST_1044,30,Male,30825.01,Texas,2023-04-19,Clothing,1,405.98,0.05,Credit Card,405.98,385.681
ORD-11142,CUST_1212,44,Female,50787.84,Florida,2023-04-19,Beauty & Personal Care,2,311.87,0.1,Credit Card,623.74,561.366
ORD-11120,CUST_1007,25,Female,100182.41,Washington,2024-09-11,Sports & Outdoors,1,16.54,0.05,PayPal,16.54,15.713
ORD-10802,CUST_1460,27,Male,71435.15,Texas,2024-06-30,Clothing,5,46.19,0.1,UPI / Digital Wallet,230.95,207.855
ORD-10513,CUST_1051,26,Female,71593.71,Unknown,2023-05-22,Home & Kitchen,5,31.25,0.2,PayPal,156.25,125.0
ORD-10634,CUST_1273,44,Male,100195.83,Washington,2023-06-15,Electronics,1,74.09,0.15,Credit Card,74.09,62.9765
ORD-11576,CUST_1018,34,Male,63544.94,Washington,2023-08-16,Books,4,373.52,0.2,Credit Card,1494.08,1195.264
ORD-11904,CUST_1561,52,Male,45953.2,Illinois,2024-07-28,Books,1,198.88,0.2,PayPal,198.88,159.104
ORD-10936,CUST_1271,51,Female,60005.03,Texas,2024-11-22,Home & Kitchen,1,378.32,0.2,Unknown,378.32,302.656
ORD-11151,CUST_1062,37,Male,64101.24,California,2024-07-25,Electronics,3,211.22,0.1,Credit Card,633.66,570.294
ORD-10791,CUST_1473,31,Male,60271.29,Washington,2024-07-25,Clothing,1,38.04,0.0,Debit Card,38.04,38.04
ORD-10117,CUST_1308,32,Female,78292.0,California,2024-07-25,Clothing,3,430.57,0.0,Credit Card,1291.71,1291.71
ORD-11498,CUST_1541,30,Female,86851.81,Unknown,2023-11-16,Beauty & Personal Care,1,200.88,0.0,Credit Card,200.88,200.88
ORD-10741,CUST_1389,41,Male,58212.56,Washington,2023-11-16,Electronics,1,202.38,0.15,Unknown,202.38,172.023
ORD-11798,CUST_1484,74,Female,62850.85,Florida,2024-02-13,Books,3,294.12,0.05,Credit Card,882.36,838.242
ORD-11082,CUST_1242,26,Female,77040.61,New York,2023-01-25,Clothing,1,205.04,0.0,Debit Card,205.04,205.04
ORD-10831,CUST_1556,47,Other / Unspecified,40357.79,Illinois,2023-03-15,Books,5,210.47,0.2,Credit Card,1052.35,841.88
ORD-10120,CUST_1320,56,Male,69176.45,Texas,2023-11-25,Books,1,282.53,0.0,Cash,282.53,282.53
ORD-10657,CUST_1120,64,Male,45766.61,California,2023-03-13,Home & Kitchen,1,203.87,0.15,PayPal,203.87,173.2895
ORD-10636,CUST_1090,56,Female,31363.28,New York,2023-03-13,Clothing,1,173.51,0.15,Credit Card,173.51,147.4835
ORD-10370,CUST_1049,42,Female,47173.4,Texas,2023-10-03,Home & Kitchen,2,0.0,0.15,Cash,0.0,0.0
ORD-10269,CUST_1452,41,Male,67074.21,New York,2023-10-03,Sports & Outdoors,1,376.71,0.2,UPI / Digital Wallet,376.71,301.368
ORD-10656,CUST_1041,38,Male,85842.66,Illinois,2024-06-02,Home & Kitchen,4,187.95,0.15,Credit Card,751.8,639.03
ORD-10823,CUST_1081,38,Male,48534.77,Illinois,2024-06-02,Electronics,2,67.57,0.05,PayPal,135.14,128.38299999999998
ORD-10867,CUST_1064,46,Female,63544.94,Washington,2023-01-17,Home & Kitchen,1,287.71,0.0,Unknown,287.71,287.71
ORD-10047,CUST_1259,38,Male,31394.83,New York,2024-03-10,Electronics,1,65.76,0.1,Credit Card,65.76,59.184000000000005
ORD-11374,CUST_1329,31,Other / Unspecified,79891.04,Texas,2024-03-10,Books,2,210.47,0.05,PayPal,420.94,399.893
ORD-11817,CUST_1124,37,Female,65127.44,Unknown,2024-06-04,Home & Kitchen,1,251.64,0.1,Cash,251.64,226.476
ORD-10992,CUST_1103,38,Male,65033.11,Texas,2024-09-09,Electronics,2,274.99,0.0,Unknown,549.98,549.98
ORD-10877,CUST_1107,30,Male,85921.39,Texas,2024-01-06,Electronics,2,268.41,0.1,Credit Card,536.82,483.13800000000003
ORD-10774,CUST_1351,50,Female,84086.98,Florida,2024-03-22,Beauty & Personal Care,1,189.58,0.2,Debit Card,189.58,151.66400000000002
ORD-11220,CUST_1215,54,Male,49928.91,Washington,2023-07-01,Sports & Outdoors,1,216.55,0.0,Credit Card,216.55,216.55
ORD-11127,CUST_1225,16,Female,55617.8,Texas,2023-03-12,Electronics,1,211.22,0.1,Credit Card,211.22,190.098
ORD-10005,CUST_1296,41,Female,104402.51,California,2023-03-12,Home & Kitchen,1,188.35,0.1,Credit Card,188.35,169.515
ORD-11004,CUST_1309,18,Female,80578.24,Texas,2023-04-05,Electronics,1,129.63,0.2,PayPal,129.63,103.70400000000001
ORD-11775,CUST_1186,47,Female,94335.9,Texas,2024-09-23,Electronics,1,407.55,0.2,PayPal,407.55,326.04
ORD-11833,CUST_1228,34,Female,116523.87,Florida,2024-05-04,Clothing,3,233.07,0.15,Cash,699.21,594.3285
ORD-10264,CUST_1004,16,Female,44211.31,Illinois,2023-11-17,Home & Kitchen,1,0.0,0.05,UPI / Digital Wallet,0.0,0.0
ORD-11668,CUST_1286,21,Female,67192.87,Texas,2023-12-30,Beauty & Personal Care,2,310.4,0.0,Credit Card,620.8,620.8
ORD-11951,CUST_1357,50,Male,62392.98,New York,2023-09-20,Beauty & Personal Care,2,168.43,0.1,Debit Card,336.86,303.17400000000004
ORD-10444,CUST_1153,16,Female,63544.94,Washington,2024-06-14,Clothing,1,185.88,0.0,Unknown,185.88,185.88
ORD-11003,CUST_1574,55,Female,97001.61,California,2023-04-23,Electronics,3,141.17,0.15,PayPal,423.51,359.9835
ORD-11078,CUST_1277,31,Female,35296.57,Illinois,2023-02-03,Clothing,2,0.0,0.0,Unknown,0.0,0.0
ORD-10838,CUST_1428,24,Female,65351.65,Illinois,2023-01-15,Electronics,2,0.0,0.2,Unknown,0.0,0.0
ORD-11907,CUST_1045,64,Female,100749.35,Illinois,2023-12-26,Books,1,226.87,0.0,PayPal,226.87,226.87
ORD-10305,CUST_1001,38,Female,61599.93,Texas,2024-07-03,Sports & Outdoors,1,393.09,0.2,Debit Card,393.09,314.472
ORD-11366,CUST_1179,30,Male,65914.23,Illinois,2024-01-28,Books,1,320.82,0.15,Debit Card,320.82,272.697
ORD-11656,CUST_1002,32,Male,64582.78,Texas,2024-04-13,Beauty & Personal Care,2,115.31,0.05,Debit Card,230.62,219.089
ORD-10314,CUST_1501,60,Female,48696.69,Texas,2023-07-04,Home & Kitchen,1,322.09,0.0,PayPal,322.09,322.09
ORD-10150,CUST_1573,34,Male,15371.49,California,2023-07-04,Sports & Outdoors,1,179.66,0.2,Debit Card,179.66,143.728
ORD-11149,CUST_1401,56,Male,46388.42,Texas,2024-06-30,Clothing,1,63.66,0.0,PayPal,63.66,63.66
ORD-11214,CUST_1128,26,Male,86911.79,Florida,2024-10-18,Home & Kitchen,1,70.15,0.05,Unknown,70.15,66.6425
ORD-10575,CUST_1239,16,Male,31343.14,Illinois,2023-07-04,Clothing,1,318.68,0.15,Credit Card,318.68,270.878
ORD-10051,CUST_1289,38,Female,92450.1,Illinois,2023-07-04,Books,1,187.82,0.2,Debit Card,187.82,150.256
ORD-11651,CUST_1163,19,Male,26129.04,Illinois,2023-05-26,Home & Kitchen,1,395.36,0.2,Cash,395.36,316.288
ORD-10727,CUST_1301,80,Female,91534.42,New York,2023-09-19,Sports & Outdoors,1,200.25,0.1,Debit Card,200.25,180.225
ORD-10834,CUST_1034,48,Female,79852.65,California,2023-09-30,Books,1,429.84,0.0,Cash,429.84,429.84
ORD-11378,CUST_1355,46,Male,82002.29,Texas,2023-05-12,Sports & Outdoors,2,215.8,0.2,Cash,431.6,345.28000000000003
ORD-11116,CUST_1387,18,Male,101534.7,Texas,2023-04-02,Clothing,3,292.59,0.15,UPI / Digital Wallet,877.77,746.1044999999999
ORD-11167,CUST_1163,75,Female,84789.08,California,2023-01-04,Electronics,2,196.29,0.1,PayPal,392.58,353.322
ORD-10471,CUST_1560,26,Female,110351.23,California,2023-02-07,Clothing,3,244.46,0.0,PayPal,733.38,733.38
ORD-10972,CUST_1311,38,Male,83624.11,New York,2023-02-07,Books,2,348.19,0.1,Unknown,696.38,626.742
ORD-10654,CUST_1148,39,Male,23823.0,Illinois,2024-10-20,Electronics,1,59.6,0.2,PayPal,59.6,47.68000000000001
ORD-10400,CUST_1141,63,Male,72473.43,New York,2024-10-19,Electronics,1,378.85,0.1,Unknown,378.85,340.96500000000003
ORD-10512,CUST_1409,54,Male,86013.39,New York,2023-04-06,Home & Kitchen,1,294.96,0.15,PayPal,294.96,250.71599999999998
ORD-10321,CUST_1567,36,Other / Unspecified,25069.92,New York,2023-04-06,Sports & Outdoors,1,179.66,0.15,PayPal,179.66,152.71099999999998
ORD-10020,CUST_1570,38,Male,43565.11,Illinois,2023-04-06,Books,1,246.14,0.15,Credit Card,246.14,209.219
ORD-10685,CUST_1071,20,Male,62993.8,New York,2024-04-22,Clothing,2,230.57,0.15,Debit Card,461.14,391.969
ORD-10036,CUST_1083,23,Other / Unspecified,61582.89,California,2024-03-24,Electronics,1,64.4,0.1,UPI / Digital Wallet,64.4,57.96000000000001
ORD-10903,CUST_1144,41,Female,61440.27,Illinois,2023-07-16,Sports & Outdoors,1,200.93,0.1,Credit Card,200.93,180.83700000000002
ORD-11894,CUST_1215,54,Male,71314.47,Texas,2023-07-16,Sports & Outdoors,2,324.0,0.0,Credit Card,648.0,648.0
ORD-10828,CUST_1270,41,Other / Unspecified,111646.0,California,2024-03-28,Home & Kitchen,3,224.26,0.05,Cash,672.78,639.141
ORD-11915,CUST_1221,17,Male,51373.29,California,2023-03-30,Books,1,385.35,0.05,PayPal,385.35,366.0825
ORD-10408,CUST_1137,44,Male,84218.37,California,2023-11-19,Sports & Outdoors,2,150.51,0.1,Credit Card,301.02,270.918
ORD-10921,CUST_1287,39,Male,22541.89,Illinois,2023-06-25,Electronics,1,32.51,0.05,Cash,32.51,30.884499999999996
ORD-10538,CUST_1311,45,Female,16224.3,California,2023-02-12,Home & Kitchen,1,338.8,0.2,Cash,338.8,271.04
ORD-10759,CUST_1567,60,Male,67620.18,California,2023-11-19,Clothing,1,193.56,0.1,Cash,193.56,174.204
ORD-11063,CUST_1057,50,Male,79880.12,Texas,2024-12-11,Sports & Outdoors,1,45.85,0.0,Debit Card,45.85,45.85
ORD-11200,CUST_1476,54,Male,9999999.0,Texas,2024-12-11,Clothing,2,64.48,0.1,Credit Card,128.96,116.06400000000001
ORD-10246,CUST_1180,38,Female,97971.39,Texas,2024-12-11,Home & Kitchen,5,108.39,0.05,Credit Card,541.95,514.8525
ORD-11128,CUST_1024,40,Female,55010.78,Texas,2024-03-23,Books,1,442.38,0.05,PayPal,442.38,420.26099999999997
ORD-10785,CUST_1394,48,Female,36247.48,Florida,2023-06-26,Electronics,1,227.04,0.1,PayPal,227.04,204.33599999999998
ORD-11853,CUST_1563,26,Male,58906.38,Texas,2024-08-14,Electronics,2,145.2,0.1,Credit Card,290.4,261.36
ORD-10490,CUST_1411,57,Female,68021.63,New York,2024-08-05,Books,3,210.47,0.05,Credit Card,631.41,599.8394999999999
ORD-10155,CUST_1213,35,Female,64101.24,California,2024-03-13,Clothing,1,251.0,0.15,Unknown,251.0,213.35
ORD-10962,CUST_1516,19,Male,46451.99,California,2024-11-22,Sports & Outdoors,1,358.98,0.15,Cash,358.98,305.133
ORD-10854,CUST_1237,31,Other / Unspecified,78932.45,California,2023-07-22,Sports & Outdoors,2,258.03,0.05,Credit Card,516.06,490.25699999999995
ORD-11312,CUST_1116,60,Female,86103.38,New York,2023-07-22,Books,1,132.77,0.2,Cash,132.77,106.21600000000001
ORD-10626,CUST_1044,51,Male,81904.07,Unknown,2024-05-21,Sports & Outdoors,2,427.4,0.15,Credit Card,854.8,726.5799999999999
ORD-10686,CUST_1258,38,Male,35050.26,Florida,2024-09-01,Home & Kitchen,1,148.26,0.1,UPI / Digital Wallet,148.26,133.434
ORD-11660,CUST_1395,31,Female,75589.18,California,2024-07-02,Home & Kitchen,5,81.1,0.05,PayPal,405.5,385.22499999999997
ORD-10570,CUST_1093,16,Male,69072.7,California,2023-03-29,Sports & Outdoors,1,179.66,0.1,Unknown,179.66,161.694
ORD-10018,CUST_1288,19,Male,46981.72,Florida,2024-01-28,Sports & Outdoors,1,367.07,0.2,Unknown,367.07,293.656
ORD-10128,CUST_1319,33,Male,81713.3,Florida,2024-01-28,Books,1,176.57,0.1,UPI / Digital Wallet,176.57,158.913
ORD-11347,CUST_1022,47,Other / Unspecified,26435.41,California,2024-01-28,Books,3,155.15,0.0,Credit Card,465.45000000000005,465.45000000000005
ORD-11280,CUST_1483,19,Female,66140.43,Washington,2023-04-27,Clothing,1,0.0,0.2,Credit Card,0.0,0.0
ORD-10607,CUST_1204,49,Male,39594.36,California,2023-02-18,Clothing,2,282.37,0.1,Cash,564.74,508.266
ORD-10928,CUST_1339,42,Male,63926.36,New York,2024-03-22,Clothing,1,425.79,0.1,Unknown,425.79,383.211
ORD-10981,CUST_1208,42,Female,101142.32,Unknown,2023-02-10,Clothing,1,53.17,0.0,Credit Card,53.17,53.17
ORD-10253,CUST_1458,41,Male,37010.29,Unknown,2023-02-10,Sports & Outdoors,1,61.81,0.05,Credit Card,61.81,58.7195
ORD-10191,CUST_1206,24,Male,31958.49,Illinois,2023-02-10,Electronics,1,323.55,0.0,Credit Card,323.55,323.55
ORD-11140,CUST_1403,38,Male,45391.11,Washington,2023-02-10,Books,1,210.47,0.15,UPI / Digital Wallet,210.47,178.8995
ORD-10993,CUST_1254,41,Female,43792.37,California,2023-02-10,Clothing,1,205.04,0.1,Debit Card,205.04,184.536
ORD-10700,CUST_1192,28,Other / Unspecified,64780.18,New York,2023-06-03,Beauty & Personal Care,1,61.3,0.2,Credit Card,61.3,49.04
ORD-11762,CUST_1353,36,Female,82975.61,California,2023-06-03,Electronics,1,306.67,0.1,Cash,306.67,276.00300000000004
ORD-10181,CUST_1223,38,Male,61260.28,Florida,2024-05-07,Beauty & Personal Care,5,360.02,0.15,PayPal,1800.1,1530.0849999999998
ORD-10302,CUST_1035,36,Male,65127.44,Unknown,2023-01-01,Electronics,1,88.2,0.0,Credit Card,88.2,88.2
ORD-10497,CUST_1210,59,Other / Unspecified,65033.11,Texas,2024-01-08,Clothing,2,232.17,0.0,Unknown,464.34,464.34
ORD-11804,CUST_1551,22,Male,36610.89,Texas,2024-07-08,Electronics,1,211.22,0.15,Debit Card,211.22,179.537
ORD-11818,CUST_1451,58,Male,48168.13,Florida,2024-08-07,Sports & Outdoors,3,156.99,0.15,Cash,470.97,400.3245
ORD-11767,CUST_1461,38,Male,68206.24,California,2023-08-12,Beauty & Personal Care,4,442.27,0.15,Cash,1769.08,1503.7179999999998
ORD-11741,CUST_1211,33,Male,41423.88,Illinois,2024-05-10,Clothing,1,52.08,0.15,PayPal,52.08,44.268
ORD-10518,CUST_1273,48,Female,45547.31,Unknown,2024-10-03,Sports & Outdoors,2,111.24,0.05,PayPal,222.48,211.356
ORD-11397,CUST_1249,47,Male,67418.31,New York,2024-07-12,Beauty & Personal Care,1,81.37,0.15,Unknown,81.37,69.1645
ORD-11070,CUST_1246,33,Other / Unspecified,66154.03,Texas,2024-07-12,Clothing,1,298.39,0.05,Cash,298.39,283.47049999999996
ORD-10477,CUST_1081,52,Male,55147.56,Florida,2024-07-12,Electronics,1,387.2,0.1,Credit Card,387.2,348.48
ORD-10158,CUST_1443,28,Male,22584.86,Illinois,2024-07-12,Clothing,1,430.82,0.15,Credit Card,430.82,366.197
ORD-11244,CUST_1399,51,Other / Unspecified,55379.23,Washington,2023-09-10,Books,1,33.46,0.15,Cash,33.46,28.441
ORD-11196,CUST_1574,33,Other / Unspecified,96800.96,Unknown,2023-09-10,Sports & Outdoors,1,179.66,0.1,Credit Card,179.66,161.694
ORD-10017,CUST_1037,44,Other / Unspecified,63252.11,Washington,2023-09-10,Electronics,1,257.21,0.1,PayPal,257.21,231.48899999999998
ORD-11536,CUST_1538,54,Male,82414.37,Illinois,2023-09-10,Sports & Outdoors,2,166.14,0.1,Debit Card,332.28,299.05199999999996
ORD-11073,CUST_1297,40,Female,77339.49,Illinois,2024-03-18,Clothing,1,173.53,0.15,Debit Card,173.53,147.5005
ORD-10547,CUST_1552,42,Female,55253.81,Texas,2023-06-24,Sports & Outdoors,1,179.66,0.1,Cash,179.66,161.694
ORD-11540,CUST_1043,38,Male,97420.33,Texas,2024-09-18,Clothing,1,406.56,0.1,Credit Card,406.56,365.904
ORD-10659,CUST_1378,24,Male,89425.16,New York,2023-05-15,Clothing,3,89.19,0.2,Credit Card,267.57,214.056
ORD-11020,CUST_1340,44,Female,37998.82,Texas,2024-07-19,Books,2,411.23,0.05,Debit Card,822.46,781.337
ORD-11768,CUST_1260,32,Other / Unspecified,67418.31,New York,2024-07-19,Clothing,3,436.99,0.0,Debit Card,1310.97,1310.97
ORD-11505,CUST_1529,40,Other / Unspecified,50013.96,New York,2023-12-16,Books,2,210.47,0.1,Cash,420.94,378.846
ORD-10960,CUST_1456,17,Female,84674.43,Texas,2023-07-28,Electronics,1,315.24,0.05,Credit Card,315.24,299.478
ORD-10284,CUST_1433,26,Male,65351.65,Illinois,2023-07-28,Clothing,1,287.02,0.1,Cash,287.02,258.318
ORD-11633,CUST_1300,39,Female,77731.76,Washington,2024-05-21,Electronics,1,76.06,0.1,Credit Card,76.06,68.45400000000001
ORD-10798,CUST_1353,43,Male,100064.61,Florida,2024-05-21,Clothing,3,44.17,0.15,Debit Card,132.51,112.63349999999998
ORD-11727,CUST_1079,60,Male,99370.96,New York,2024-05-21,Sports & Outdoors,4,87.99,0.15,Credit Card,351.96,299.166
ORD-10226,CUST_1093,20,Male,17162.75,Texas,2023-08-10,Beauty & Personal Care,1,81.86,0.05,Debit Card,81.86,77.767
ORD-10027,CUST_1525,29,Female,32791.82,Florida,2023-08-10,Clothing,1,205.04,0.15,Credit Card,205.04,174.284
ORD-11886,CUST_1210,30,Female,46793.97,Illinois,2023-12-01,Electronics,4,53.16,0.15,UPI / Digital Wallet,212.64,180.74399999999997
ORD-10438,CUST_1162,23,Male,41570.09,Illinois,2023-12-01,Sports & Outdoors,2,179.66,0.15,PayPal,359.32,305.42199999999997
ORD-11389,CUST_1548,46,Female,67209.82,Illinois,2023-09-28,Beauty & Personal Care,1,201.22,0.2,Debit Card,201.22,160.976
ORD-10230,CUST_1296,38,Male,97814.55,Texas,2023-03-04,Clothing,1,205.04,0.15,Credit Card,205.04,174.284
ORD-10038,CUST_1308,50,Male,62514.17,Washington,2023-03-04,Electronics,2,43.81,0.2,Credit Card,87.62,70.096
ORD-11694,CUST_1221,38,Female,47005.38,Texas,2023-02-02,Clothing,2,357.53,0.15,Cash,715.06,607.8009999999999
ORD-10750,CUST_1446,43,Female,75655.66,Washington,2023-03-10,Clothing,1,0.0,0.2,Debit Card,0.0,0.0
ORD-11046,CUST_1068,16,Male,101101.11,Illinois,2024-10-28,Clothing,1,299.2,0.2,Cash,299.2,239.36
ORD-11399,CUST_1056,32,Female,70339.16,Illinois,2024-01-23,Clothing,2,84.1,0.0,PayPal,168.2,168.2
ORD-10470,CUST_1574,51,Male,51845.89,Florida,2024-11-17,Clothing,1,404.61,0.05,PayPal,404.61,384.3795
ORD-11800,CUST_1346,38,Male,53304.49,Unknown,2024-02-23,Books,3,417.59,0.0,Credit Card,1252.77,1252.77
ORD-10688,CUST_1431,23,Male,74501.94,Illinois,2024-11-24,Books,1,263.76,0.0,Cash,263.76,263.76
ORD-11965,CUST_1367,41,Female,9999999.0,California,2024-01-08,Clothing,1,24.68,0.15,PayPal,24.68,20.977999999999998
ORD-10640,CUST_1592,26,Female,51292.6,Florida,2023-11-30,Clothing,2,58.6,0.05,Unknown,117.2,111.34
ORD-11821,CUST_1513,32,Other / Unspecified,66748.2,Illinois,2023-12-07,Electronics,1,72.58,0.15,PayPal,72.58,61.693
ORD-11219,CUST_1304,25,Female,15000.0,Texas,2024-04-25,Clothing,3,205.04,0.05,UPI / Digital Wallet,615.12,584.364
ORD-11159,CUST_1325,30,Female,70587.75,New York,2023-08-26,Books,1,210.47,0.05,Debit Card,210.47,199.9465
ORD-11416,CUST_1229,32,Male,65351.65,Illinois,2024-07-14,Beauty & Personal Care,3,430.88,0.0,Credit Card,1292.6399999999999,1292.6399999999999
ORD-11528,CUST_1374,39,Female,80333.59,California,2024-07-14,Electronics,1,220.8,0.1,PayPal,220.8,198.72000000000003
ORD-11839,CUST_1002,25,Female,83924.75,Texas,2024-07-14,Electronics,2,341.95,0.15,PayPal,683.9,581.3149999999999
ORD-11301,CUST_1472,55,Female,54449.21,Texas,2024-06-08,Electronics,1,376.86,0.0,Cash,376.86,376.86
ORD-11943,CUST_1355,37,Female,37143.43,California,2024-03-22,Clothing,5,205.04,0.15,PayPal,1025.2,871.42
ORD-10801,CUST_1495,56,Female,15000.0,Florida,2024-08-26,Electronics,4,128.45,0.0,Cash,513.8,513.8
ORD-11604,CUST_1271,40,Male,67418.31,New York,2024-06-03,Books,1,302.45,0.25,Debit Card,302.45,226.83749999999998
ORD-10161,CUST_1435,25,Male,90455.43,Washington,2024-06-03,Electronics,3,72.58,0.1,PayPal,217.74,195.966
ORD-11705,CUST_1493,59,Female,72699.59,Texas,2023-12-15,Electronics,1,201.74,0.0,Cash,201.74,201.74
ORD-10957,CUST_1118,35,Female,33196.23,Washington,2024-02-28,Clothing,1,205.04,0.0,Debit Card,205.04,205.04
ORD-11187,CUST_1398,27,Male,76428.18,Florida,2024-03-03,Clothing,3,271.2,0.15,Debit Card,813.5999999999999,691.56
ORD-10822,CUST_1584,37,Male,37878.94,Texas,2023-09-11,Clothing,1,361.81,0.05,Cash,361.81,343.7195
ORD-11730,CUST_1423,16,Female,116407.58,New York,2024-03-14,Home & Kitchen,1,260.45,0.1,PayPal,260.45,234.405
ORD-11788,CUST_1011,40,Male,69303.64,New York,2024-08-15,Beauty & Personal Care,1,183.49,0.0,PayPal,183.49,183.49
ORD-10878,CUST_1092,46,Male,50834.73,Texas,2024-10-29,Electronics,2,335.99,0.1,PayPal,671.98,604.782
ORD-10914,CUST_1045,38,Male,60858.77,California,2023-10-04,Electronics,1,109.08,0.0,PayPal,109.08,109.08
ORD-10153,CUST_1324,16,Male,47740.32,California,2023-04-23,Beauty & Personal Care,1,424.65,0.05,Credit Card,424.65,403.41749999999996
ORD-11958,CUST_1369,35,Male,63953.7,Illinois,2024-10-16,Electronics,3,92.15,0.0,Debit Card,276.45000000000005,276.45000000000005
ORD-11892,CUST_1412,18,Female,62694.68,California,2024-03-02,Electronics,2,211.22,0.15,Debit Card,422.44,359.074
ORD-10510,CUST_1004,59,Male,52507.68,Texas,2024-03-02,Clothing,1,205.04,0.0,UPI / Digital Wallet,205.04,205.04
ORD-11136,CUST_1137,26,Other / Unspecified,42734.86,California,2023-07-21,Clothing,1,331.64,0.05,Credit Card,331.64,315.058
ORD-11251,CUST_1279,45,Female,57676.1,Illinois,2023-07-21,Clothing,1,205.04,0.2,UPI / Digital Wallet,205.04,164.032
ORD-11770,CUST_1180,25,Male,81758.37,California,2023-07-21,Sports & Outdoors,3,0.0,0.0,Credit Card,0.0,0.0
ORD-10104,CUST_1060,46,Male,81344.15,Texas,2024-11-17,Clothing,1,247.88,0.1,Unknown,247.88,223.092
ORD-11446,CUST_1189,32,Male,62645.95,California,2023-02-26,Sports & Outdoors,3,183.43,0.1,Unknown,550.29,495.26099999999997
ORD-11444,CUST_1091,41,Female,58551.52,Florida,2023-02-26,Clothing,1,72.16,0.05,Credit Card,72.16,68.55199999999999
ORD-11849,CUST_1240,34,Female,43168.3,Florida,2023-02-09,Books,3,281.05,0.2,Cash,843.1500000000001,674.5200000000001
ORD-10587,CUST_1447,45,Female,15000.0,California,2023-10-17,Books,4,321.89,0.05,Credit Card,1287.56,1223.1819999999998
ORD-11884,CUST_1229,40,Male,90904.47,Washington,2023-10-17,Electronics,1,423.29,0.05,Credit Card,423.29,402.1255
ORD-11697,CUST_1172,16,Male,63908.66,Texas,2023-04-14,Electronics,2,392.31,0.15,Debit Card,784.62,666.927
ORD-11144,CUST_1231,31,Male,115074.12,Unknown,2023-04-14,Clothing,2,21.74,0.05,PayPal,43.48,41.306
ORD-10054,CUST_1407,48,Male,75052.15,Florida,2024-07-20,Electronics,1,338.75,0.2,Cash,338.75,271.0
ORD-10152,CUST_1019,41,Female,77209.4,California,2024-08-24,Clothing,3,15.92,0.0,Debit Card,47.76,47.76
ORD-10404,CUST_1490,49,Male,67703.78,Washington,2024-01-02,Clothing,2,298.07,0.2,PayPal,596.14,476.91200000000003
ORD-11155,CUST_1490,45,Male,103445.57,Florida,2024-01-02,Electronics,4,66.8,0.15,UPI / Digital Wallet,267.2,227.11999999999998
ORD-10208,CUST_1319,39,Male,68016.8,Texas,2024-07-01,Electronics,4,396.2,0.1,Credit Card,1584.8,1426.32
ORD-11683,CUST_1394,18,Male,81933.07,California,2024-05-12,Beauty & Personal Care,2,209.45999999999998,0.0,Debit Card,418.91999999999996,418.91999999999996
ORD-11123,CUST_1006,57,Male,48269.86,Illinois,2024-05-20,Books,2,163.78,0.05,Unknown,327.56,311.18199999999996
ORD-11913,CUST_1135,43,Male,62891.21,Texas,2024-05-20,Beauty & Personal Care,2,43.29,0.1,Credit Card,86.58,77.922
ORD-10009,CUST_1225,19,Male,40542.25,Washington,2024-11-07,Clothing,1,205.04,0.15,Credit Card,205.04,174.284
ORD-11015,CUST_1505,49,Male,34305.66,Unknown,2024-06-19,Clothing,1,233.03,0.0,Cash,233.03,233.03
ORD-11914,CUST_1468,47,Male,97474.05,Illinois,2023-01-20,Electronics,3,163.58,0.0,PayPal,490.74,490.74
ORD-11061,CUST_1289,44,Male,58753.84,Florida,2023-01-20,Books,1,210.47,0.2,Cash,210.47,168.376
ORD-10453,CUST_1176,26,Female,44394.14,New York,2024-05-09,Clothing,1,285.36,0.1,Credit Card,285.36,256.824
ORD-11676,CUST_1374,22,Male,32501.09,Texas,2023-10-21,Home & Kitchen,1,422.24,0.1,Credit Card,422.24,380.016
ORD-10254,CUST_1424,16,Male,73110.41,California,2023-04-16,Clothing,4,186.89,0.1,PayPal,747.56,672.804
ORD-11328,CUST_1021,35,Male,52127.7,Illinois,2023-04-16,Sports & Outdoors,1,267.05,0.1,PayPal,267.05,240.34500000000003
ORD-10897,CUST_1469,29,Male,79228.02,Illinois,2023-06-17,Clothing,1,149.71,0.05,PayPal,149.71,142.2245
ORD-11844,CUST_1171,30,Male,87659.65,California,2023-06-22,Beauty & Personal Care,5,357.74,0.15,Cash,1788.7,1520.395
ORD-10881,CUST_1392,32,Male,64838.33,Washington,2024-01-17,Clothing,2,401.54,0.15,Unknown,803.08,682.618
ORD-11596,CUST_1288,39,Female,94631.41,California,2024-03-01,Sports & Outdoors,4,179.66,0.0,PayPal,718.64,718.64
ORD-10624,CUST_1579,40,Female,82994.9,New York,2023-01-17,Clothing,1,0.0,0.2,Debit Card,0.0,0.0
ORD-10346,CUST_1436,24,Female,46430.6,New York,2024-05-11,Electronics,4,310.67,0.05,UPI / Digital Wallet,1242.68,1180.546
ORD-11811,CUST_1359,26,Male,41570.9,Washington,2024-05-11,Beauty & Personal Care,3,180.74,0.2,PayPal,542.22,433.77600000000007
ORD-10263,CUST_1189,56,Other / Unspecified,24567.18,New York,2023-11-12,Electronics,1,421.48,0.1,PayPal,421.48,379.33200000000005
ORD-11635,CUST_1012,52,Male,65127.44,Unknown,2023-11-12,Books,2,210.47,0.0,UPI / Digital Wallet,420.94,420.94
ORD-11322,CUST_1420,30,Female,66826.0,California,2023-08-31,Clothing,1,154.82,0.0,PayPal,154.82,154.82
ORD-11439,CUST_1030,66,Female,81214.29,New York,2023-08-31,Clothing,2,173.2,0.0,Cash,346.4,346.4
ORD-10151,CUST_1318,29,Female,85489.11,Texas,2023-07-02,Books,2,446.88,0.2,Credit Card,893.76,715.008
ORD-10473,CUST_1420,36,Female,67418.31,New York,2024-10-04,Electronics,1,80.88,0.1,PayPal,80.88,72.792
ORD-10641,CUST_1077,27,Male,15000.0,California,2024-07-22,Electronics,1,211.22,0.0,Cash,211.22,211.22
ORD-10872,CUST_1424,44,Male,64220.58500000001,Florida,2024-09-14,Clothing,3,205.04,0.2,Unknown,615.12,492.096
ORD-10551,CUST_1455,52,Male,81431.87,California,2024-09-14,Electronics,2,211.22,0.2,Debit Card,422.44,337.952
ORD-11895,CUST_1163,38,Male,53177.53,California,2024-04-02,Books,3,388.98,0.0,UPI / Digital Wallet,1166.94,1166.94
ORD-10929,CUST_1503,43,Male,54851.52,Florida,2024-03-18,Home & Kitchen,4,269.96,0.05,PayPal,1079.84,1025.848
ORD-10489,CUST_1258,59,Other / Unspecified,52878.21,Washington,2024-04-30,Sports & Outdoors,1,179.66,0.0,Debit Card,179.66,179.66
ORD-11735,CUST_1401,55,Male,79185.21,Florida,2024-03-22,Home & Kitchen,3,0.0,0.0,Unknown,0.0,0.0
ORD-11931,CUST_1115,49,Male,61154.64,Florida,2024-04-06,Home & Kitchen,1,443.56,0.1,PayPal,443.56,399.204
ORD-11172,CUST_1414,19,Female,39307.8,Texas,2024-04-06,Electronics,1,74.81,0.2,Debit Card,74.81,59.848000000000006
ORD-10147,CUST_1068,33,Male,84065.2,New York,2024-04-06,Electronics,1,131.48,0.2,Debit Card,131.48,105.184
ORD-11813,CUST_1219,40,Male,44447.39,Unknown,2023-06-07,Clothing,4,205.04,0.05,PayPal,820.16,779.1519999999999
ORD-11370,CUST_1071,40,Male,38663.01,Texas,2023-06-07,Home & Kitchen,1,319.32,0.1,PayPal,319.32,287.388
ORD-10403,CUST_1475,51,Male,9999999.0,New York,2023-06-07,Books,1,0.0,0.05,PayPal,0.0,0.0
ORD-10955,CUST_1388,37,Other / Unspecified,41535.48,Washington,2024-04-05,Electronics,4,213.19,0.15,PayPal,852.76,724.846
ORD-10660,CUST_1520,16,Male,84679.77,New York,2023-09-04,Clothing,1,104.25,0.2,Debit Card,104.25,83.4
ORD-11795,CUST_1506,43,Male,79032.02,Texas,2024-09-06,Clothing,1,19.84,0.15,Credit Card,19.84,16.864
ORD-10464,CUST_1585,29,Female,102636.38,Illinois,2024-09-06,Sports & Outdoors,1,408.66,0.1,Debit Card,408.66,367.79400000000004
ORD-11350,CUST_1549,42,Male,61207.41,New York,2023-01-14,Beauty & Personal Care,4,0.0,0.15,Unknown,0.0,0.0
ORD-10187,CUST_1278,16,Female,112601.27,Unknown,2023-01-14,Books,3,189.41,0.05,Debit Card,568.23,539.8185
ORD-11148,CUST_1482,42,Female,72545.81,Unknown,2024-01-25,Sports & Outdoors,3,127.46,0.1,Cash,382.38,344.142
ORD-11225,CUST_1532,28,Female,65590.81,Texas,2024-01-25,Sports & Outdoors,1,179.66,0.0,Credit Card,179.66,179.66
ORD-10144,CUST_1207,65,Female,41808.5,Texas,2024-11-07,Home & Kitchen,1,439.91,0.0,Cash,439.91,439.91
ORD-10752,CUST_1259,58,Female,75869.98,Texas,2023-03-27,Electronics,2,211.22,0.25,Cash,422.44,316.83
ORD-11535,CUST_1005,23,Male,9999999.0,Texas,2023-03-27,Books,1,210.47,0.05,PayPal,210.47,199.9465
ORD-10982,CUST_1277,24,Male,45507.93,California,2024-01-07,Clothing,1,227.38,0.2,Credit Card,227.38,181.904
ORD-10198,CUST_1084,21,Male,77503.24,Florida,2024-01-07,Books,5,44.36,0.05,PayPal,221.8,210.71
ORD-11634,CUST_1452,16,Female,31566.67,Washington,2024-01-07,Sports & Outdoors,1,220.22,0.0,PayPal,220.22,220.22
ORD-10884,CUST_1561,16,Male,57620.94,Washington,2023-01-29,Home & Kitchen,1,385.98,0.2,Debit Card,385.98,308.78400000000005
ORD-10280,CUST_1304,42,Male,50034.17,Texas,2023-04-18,Sports & Outdoors,1,99.91,0.05,Cash,99.91,94.91449999999999
ORD-10294,CUST_1531,24,Female,88001.26,Texas,2023-04-18,Beauty & Personal Care,2,152.49,0.1,Cash,304.98,274.482
ORD-11944,CUST_1070,55,Male,84713.61,Florida,2023-07-26,Beauty & Personal Care,3,218.25,0.15,Debit Card,654.75,556.5375
ORD-10401,CUST_1012,18,Male,57435.13,Texas,2024-10-15,Sports & Outdoors,2,144.29,0.2,PayPal,288.58,230.864
ORD-10123,CUST_1235,53,Female,72739.78,Texas,2023-10-10,Books,1,163.94,0.2,Credit Card,163.94,131.15200000000002
ORD-11208,CUST_1495,16,Female,45432.53,Texas,2024-08-25,Electronics,3,157.63,0.1,UPI / Digital Wallet,472.89,425.601
ORD-10203,CUST_1212,52,Male,77299.2,California,2024-07-28,Electronics,1,0.0,0.1,Cash,0.0,0.0
ORD-11463,CUST_1596,58,Male,50540.15,Washington,2023-02-18,Books,1,237.03,0.25,Cash,237.03,177.7725
ORD-10836,CUST_1537,45,Female,79354.44,New York,2024-10-10,Electronics,3,0.0,0.2,PayPal,0.0,0.0
ORD-10247,CUST_1030,44,Female,57253.98,Unknown,2024-10-10,Beauty & Personal Care,1,436.83,0.05,PayPal,436.83,414.9885
ORD-11440,CUST_1268,16,Female,99929.83,Illinois,2024-05-24,Clothing,3,205.04,0.0,Cash,615.12,615.12
ORD-11734,CUST_1501,54,Male,60393.04,New York,2024-06-20,Books,1,76.73,0.2,UPI / Digital Wallet,76.73,61.38400000000001
ORD-11866,CUST_1131,39,Male,98107.06,Washington,2023-04-25,Electronics,1,413.3,0.05,Credit Card,413.3,392.635
ORD-11708,CUST_1387,36,Male,61262.96,Illinois,2023-05-21,Electronics,1,0.0,0.2,PayPal,0.0,0.0
ORD-11154,CUST_1010,41,Male,27297.98,California,2023-06-29,Books,3,0.0,0.05,Debit Card,0.0,0.0
ORD-11662,CUST_1563,45,Male,50949.93,Unknown,2023-07-10,Clothing,1,392.71,0.15,Cash,392.71,333.8035
ORD-11427,CUST_1292,33,Male,46630.79,Washington,2023-07-10,Books,1,132.16,0.05,Cash,132.16,125.55199999999999
ORD-10385,CUST_1293,50,Male,92125.27,Texas,2024-10-16,Books,1,210.47,0.05,PayPal,210.47,199.9465
ORD-11873,CUST_1243,33,Female,110080.96,Washington,2024-08-15,Books,3,25.83,0.2,PayPal,77.49,61.992
ORD-11760,CUST_1346,38,Female,61662.44,Washington,2023-12-27,Home & Kitchen,1,188.35,0.2,Unknown,188.35,150.68
ORD-10855,CUST_1293,25,Male,69312.4,Illinois,2023-02-10,Sports & Outdoors,1,387.07,0.0,Cash,387.07,387.07
ORD-11590,CUST_1589,38,Male,59683.2,Washington,2024-08-28,Sports & Outdoors,1,117.47,0.1,Credit Card,117.47,105.723
ORD-10220,CUST_1378,52,Male,76919.95,California,2024-01-23,Clothing,1,203.07,0.2,Debit Card,203.07,162.45600000000002
ORD-10642,CUST_1078,16,Female,53003.85,California,2024-03-16,Clothing,1,449.78,0.15,Unknown,449.78,382.313
ORD-10002,CUST_1192,58,Male,67418.31,New York,2023-02-28,Electronics,1,213.39,0.15,PayPal,213.39,181.3815
ORD-10113,CUST_1012,16,Female,49483.29,California,2023-02-28,Sports & Outdoors,1,183.11,0.05,Cash,183.11,173.9545
ORD-10699,CUST_1406,34,Male,52858.33,Texas,2023-02-28,Clothing,1,125.76,0.1,Debit Card,125.76,113.18400000000001
ORD-10952,CUST_1521,32,Male,65758.14,California,2023-06-26,Home & Kitchen,4,122.76,0.2,PayPal,491.04,392.83200000000005
ORD-11649,CUST_1184,38,Male,85775.22,Illinois,2024-04-06,Beauty & Personal Care,2,415.88,0.05,PayPal,831.76,790.1719999999999
ORD-11637,CUST_1127,31,Male,45804.78,New York,2023-09-14,Home & Kitchen,1,0.0,0.15,Credit Card,0.0,0.0
ORD-11861,CUST_1370,23,Male,52279.73,New York,2024-11-20,Clothing,1,136.48,0.0,Credit Card,136.48,136.48
ORD-11411,CUST_1380,35,Male,15000.0,New York,2024-06-05,Sports & Outdoors,2,386.67,0.15,Debit Card,773.34,657.339
ORD-11410,CUST_1446,31,Female,27248.78,California,2023-10-16,Electronics,2,396.07,0.1,PayPal,792.14,712.926
ORD-11831,CUST_1492,38,Female,80557.25,Texas,2023-10-16,Electronics,3,159.67,0.1,Debit Card,479.01,431.109
ORD-11534,CUST_1007,55,Female,51865.09,Illinois,2023-05-11,Electronics,1,135.81,0.1,Unknown,135.81,122.229
ORD-11292,CUST_1026,54,Male,60878.34,Illinois,2023-05-11,Home & Kitchen,1,229.31,0.0,Credit Card,229.31,229.31
ORD-11928,CUST_1168,40,Male,55023.1,Washington,2023-08-24,Electronics,1,118.5,0.0,Cash,118.5,118.5
ORD-10442,CUST_1043,27,Female,65683.18,New York,2023-08-24,Home & Kitchen,1,421.79,0.1,UPI / Digital Wallet,421.79,379.61100000000005
ORD-11521,CUST_1177,31,Other / Unspecified,64101.24,California,2023-01-20,Books,1,360.78,0.0,Debit Card,360.78,360.78
ORD-11854,CUST_1100,55,Female,117654.2,California,2023-01-20,Beauty & Personal Care,4,247.34,0.0,PayPal,989.36,989.36
ORD-11137,CUST_1213,40,Female,79528.37,California,2023-01-20,Electronics,1,65.57,0.05,PayPal,65.57,62.29149999999999
ORD-11716,CUST_1381,23,Female,90732.46,Illinois,2023-01-20,Electronics,3,72.9,0.1,Debit Card,218.70000000000002,196.83
ORD-11257,CUST_1168,30,Female,49719.34,New York,2024-07-31,Sports & Outdoors,1,185.71,0.0,Cash,185.71,185.71
ORD-11986,CUST_1276,38,Female,77625.74,California,2024-05-13,Books,2,332.47,0.05,PayPal,664.94,631.693
ORD-11632,CUST_1310,35,Male,9999999.0,Washington,2024-06-02,Home & Kitchen,1,286.19,0.15,Cash,286.19,243.26149999999998
ORD-11696,CUST_1187,52,Other / Unspecified,83107.18,California,2024-06-03,Clothing,1,370.59,0.05,Cash,370.59,352.06049999999993
ORD-11398,CUST_1302,54,Female,76547.24,Unknown,2023-10-07,Sports & Outdoors,4,92.71,0.05,Credit Card,370.84,352.29799999999994
ORD-11851,CUST_1187,56,Male,81412.41,Illinois,2023-11-13,Electronics,1,216.15,0.1,PayPal,216.15,194.535
ORD-10664,CUST_1354,62,Male,90937.29,Florida,2024-08-15,Home & Kitchen,2,424.92,0.15,Debit Card,849.84,722.364
ORD-11957,CUST_1204,63,Male,58756.24,New York,2024-11-18,Sports & Outdoors,2,0.0,0.15,Unknown,0.0,0.0
ORD-11258,CUST_1205,34,Female,49066.65,Unknown,2023-06-13,Electronics,3,137.5,0.0,Credit Card,412.5,412.5
ORD-11843,CUST_1038,35,Male,115959.69,Texas,2024-01-23,Books,4,81.04,0.05,Debit Card,324.16,307.952
ORD-11889,CUST_1468,39,Male,48584.76,California,2024-01-31,Clothing,3,406.81,0.05,Credit Card,1220.43,1159.4085
ORD-11701,CUST_1316,53,Male,101440.76,Texas,2023-08-08,Books,2,0.0,0.2,Debit Card,0.0,0.0
ORD-10318,CUST_1366,49,Male,64830.92,Texas,2024-10-10,Electronics,2,267.98,0.2,Credit Card,535.96,428.76800000000003
ORD-10649,CUST_1361,19,Male,73603.94,Illinois,2024-09-12,Clothing,3,141.81,0.2,Credit Card,425.43,340.34400000000005
ORD-11435,CUST_1538,27,Male,78873.69,California,2024-02-25,Home & Kitchen,2,397.74,0.0,PayPal,795.48,795.48
ORD-11480,CUST_1440,56,Male,79097.16,Washington,2024-01-05,Electronics,1,211.22,0.2,Unknown,211.22,168.976
ORD-10710,CUST_1420,78,Male,57809.18,Florida,2024-02-24,Home & Kitchen,1,188.35,0.1,Cash,188.35,169.515
ORD-11383,CUST_1339,42,Male,72833.08,California,2024-03-05,Books,2,210.47,0.2,Credit Card,420.94,336.752
ORD-11283,CUST_1092,38,Male,79858.84,New York,2023-04-19,Clothing,1,245.49,0.0,UPI / Digital Wallet,245.49,245.49
ORD-11769,CUST_1245,42,Female,42125.35,Illinois,2023-03-20,Electronics,4,211.22,0.0,Cash,844.88,844.88
ORD-10973,CUST_1307,61,Male,60344.12,Florida,2024-05-28,Clothing,1,173.19,0.05,PayPal,173.19,164.5305
ORD-10628,CUST_1552,66,Male,50633.91,Texas,2023-02-21,Clothing,1,16.14,0.2,Credit Card,16.14,12.912
ORD-10633,CUST_1147,16,Male,67405.81,California,2023-02-21,Clothing,1,56.56,0.1,PayPal,56.56,50.904
ORD-11307,CUST_1103,37,Male,44780.4,Texas,2023-10-11,Clothing,1,414.18,0.15,Unknown,414.18,352.053
ORD-11401,CUST_1414,21,Other / Unspecified,48052.11,California,2023-07-17,Beauty & Personal Care,1,127.75,0.1,Credit Card,127.75,114.97500000000001
ORD-11409,CUST_1129,26,Male,64101.24,California,2023-08-19,Clothing,2,262.43,0.15,Debit Card,524.86,446.131
ORD-11249,CUST_1494,56,Male,46025.62,Texas,2024-04-09,Electronics,2,120.63,0.2,Credit Card,241.26,193.008
ORD-11255,CUST_1196,16,Male,78505.28,Texas,2024-04-20,Clothing,1,229.8,0.0,PayPal,229.8,229.8
ORD-11497,CUST_1436,35,Female,74778.03,Illinois,2024-11-24,Clothing,3,205.04,0.05,PayPal,615.12,584.364
ORD-11372,CUST_1206,26,Male,112184.82,Washington,2024-03-03,Clothing,2,19.66,0.05,Debit Card,39.32,37.354
ORD-11530,CUST_1431,47,Other / Unspecified,89275.65,New York,2024-03-03,Beauty & Personal Care,1,209.45999999999998,0.15,Cash,209.45999999999998,178.04099999999997
ORD-11664,CUST_1280,28,Male,93087.58,Washington,2024-03-03,Beauty & Personal Care,1,404.38,0.05,PayPal,404.38,384.161
ORD-11355,CUST_1219,35,Male,73714.93,California,2023-01-26,Sports & Outdoors,3,0.0,0.1,Cash,0.0,0.0
ORD-11644,CUST_1595,36,Female,66710.85,Washington,2023-01-26,Clothing,1,404.98,0.05,Credit Card,404.98,384.731
ORD-11971,CUST_1006,55,Female,59822.09,New York,2023-01-26,Electronics,2,211.22,0.05,Debit Card,422.44,401.318
ORD-10796,CUST_1414,48,Male,70490.56,Texas,2023-11-05,Electronics,3,387.88,0.2,Credit Card,1163.6399999999999,930.9119999999999
ORD-10646,CUST_1162,39,Male,76406.21,Washington,2024-11-24,Clothing,1,223.46,0.0,Credit Card,223.46,223.46
ORD-11013,CUST_1568,36,Female,53091.06,Texas,2023-07-18,Clothing,2,101.03,0.2,PayPal,202.06,161.64800000000002
ORD-11961,CUST_1278,48,Male,83841.13,Washington,2023-09-27,Books,1,210.47,0.2,PayPal,210.47,168.376
ORD-10557,CUST_1047,29,Male,59800.36,California,2024-10-13,Clothing,2,0.0,0.1,Credit Card,0.0,0.0
ORD-10682,CUST_1112,39,Female,76963.22,Unknown,2024-09-16,Electronics,1,429.59,0.1,PayPal,429.59,386.631
ORD-10578,CUST_1491,47,Male,90110.17,California,2024-09-16,Clothing,4,64.83,0.2,PayPal,259.32,207.45600000000002
ORD-11820,CUST_1468,41,Other / Unspecified,69429.17,Texas,2023-09-07,Electronics,2,228.25,0.15,UPI / Digital Wallet,456.5,388.025
ORD-11110,CUST_1327,30,Male,29335.65,New York,2023-11-29,Clothing,2,177.23,0.05,PayPal,354.46,336.73699999999997
ORD-11267,CUST_1275,35,Male,53142.46,Washington,2024-11-07,Books,1,40.45,0.2,Credit Card,40.45,32.36000000000001
ORD-11723,CUST_1319,51,Male,60309.49,Unknown,2024-03-13,Books,5,210.47,0.2,UPI / Digital Wallet,1052.35,841.88
ORD-11991,CUST_1449,43,Male,38281.21,Texas,2024-08-05,Beauty & Personal Care,1,54.71,0.15,PayPal,54.71,46.5035
ORD-11184,CUST_1429,45,Male,9999999.0,Texas,2023-03-25,Electronics,1,211.22,0.1,PayPal,211.22,190.098
ORD-10525,CUST_1526,16,Female,59928.86,Florida,2024-02-13,Books,1,299.9,0.2,UPI / Digital Wallet,299.9,239.92
ORD-11060,CUST_1066,40,Female,48038.16,New York,2023-06-29,Beauty & Personal Care,2,165.14,0.05,PayPal,330.28,313.76599999999996
ORD-10541,CUST_1482,28,Male,63007.05,Washington,2024-04-10,Clothing,1,113.67,0.1,Credit Card,113.67,102.303
ORD-11195,CUST_1062,43,Male,45998.62,California,2024-03-27,Books,1,249.68,0.15,Debit Card,249.68,212.228
ORD-11679,CUST_1356,19,Male,82651.24,New York,2024-04-11,Clothing,3,433.13,0.0,UPI / Digital Wallet,1299.3899999999999,1299.3899999999999
ORD-10749,CUST_1374,38,Male,34905.48,Washington,2023-03-26,Books,1,139.7,0.05,Cash,139.7,132.71499999999997
ORD-11974,CUST_1578,32,Male,91800.39,Illinois,2024-08-12,Electronics,5,249.72,0.05,PayPal,1248.6,1186.1699999999998
ORD-11431,CUST_1019,32,Female,64101.24,California,2024-04-06,Beauty & Personal Care,2,411.11,0.2,PayPal,822.22,657.7760000000001
ORD-10485,CUST_1074,38,Male,63739.72,Texas,2024-04-06,Home & Kitchen,1,187.82,0.15,Credit Card,187.82,159.647
ORD-11758,CUST_1488,23,Female,47588.46,Illinois,2024-04-06,Home & Kitchen,1,69.9,0.0,Unknown,69.9,69.9
ORD-11924,CUST_1262,46,Female,37331.21,Washington,2024-07-09,Home & Kitchen,1,16.32,0.15,PayPal,16.32,13.872
ORD-10096,CUST_1352,36,Male,64356.94,Florida,2024-08-10,Electronics,3,276.27,0.2,Debit Card,828.81,663.048
ORD-11021,CUST_1150,23,Female,65768.39,New York,2023-01-12,Electronics,1,163.57,0.05,Cash,163.57,155.39149999999998
ORD-10564,CUST_1364,26,Female,109313.5,Illinois,2023-01-12,Electronics,1,342.84,0.15,Unknown,342.84,291.414
ORD-11265,CUST_1538,44,Male,64101.24,California,2023-01-12,Clothing,3,205.04,0.05,Cash,615.12,584.364
ORD-10743,CUST_1220,62,Male,51142.35,Illinois,2023-01-12,Books,1,0.0,0.05,Debit Card,0.0,0.0
ORD-10864,CUST_1488,38,Male,59492.04,New York,2024-04-03,Sports & Outdoors,3,0.0,0.05,Credit Card,0.0,0.0
ORD-11599,CUST_1438,38,Female,81599.33,Florida,2024-05-06,Home & Kitchen,1,188.35,0.2,Debit Card,188.35,150.68
ORD-11715,CUST_1249,53,Female,56612.69,Florida,2024-10-08,Clothing,2,205.04,0.05,Credit Card,410.08,389.57599999999996
ORD-11485,CUST_1231,51,Female,50195.47,Florida,2024-03-31,Clothing,3,57.82,0.1,UPI / Digital Wallet,173.46,156.114
ORD-10892,CUST_1544,26,Male,48210.77,New York,2024-07-15,Electronics,1,337.6,0.15,Cash,337.6,286.96000000000004
ORD-11578,CUST_1259,30,Male,64101.24,California,2024-11-05,Electronics,2,121.17,0.05,UPI / Digital Wallet,242.34,230.22299999999998
ORD-11882,CUST_1116,67,Male,88596.71,Illinois,2024-02-11,Beauty & Personal Care,1,437.13,0.15,Debit Card,437.13,371.5605
ORD-11039,CUST_1442,56,Female,80631.94,Florida,2024-06-20,Clothing,3,205.04,0.05,Cash,615.12,584.364
ORD-10207,CUST_1038,58,Other / Unspecified,67046.75,Washington,2024-12-09,Clothing,1,0.0,0.0,Debit Card,0.0,0.0
ORD-10393,CUST_1359,30,Male,90804.33,New York,2023-01-17,Clothing,2,244.58,0.05,PayPal,489.16,464.702
ORD-10795,CUST_1158,37,Male,59750.29,Illinois,2024-05-04,Electronics,1,275.64,0.2,PayPal,275.64,220.512
ORD-10871,CUST_1283,16,Male,92518.71,New York,2024-05-04,Beauty & Personal Care,1,284.13,0.1,PayPal,284.13,255.717
ORD-10398,CUST_1364,38,Male,69484.63,Florida,2024-05-18,Clothing,1,344.09,0.05,Credit Card,344.09,326.8855
ORD-10767,CUST_1074,29,Female,79621.73,Florida,2024-01-13,Books,1,260.49,0.0,Credit Card,260.49,260.49
ORD-11963,CUST_1429,46,Female,66866.82,Washington,2024-05-06,Home & Kitchen,2,201.82,0.0,Unknown,403.64,403.64
ORD-11242,CUST_1425,36,Male,64220.58500000001,Florida,2023-09-23,Beauty & Personal Care,1,209.45999999999998,0.05,Credit Card,209.45999999999998,198.98699999999997
ORD-11029,CUST_1188,38,Male,15000.0,California,2024-06-13,Electronics,1,71.82,0.0,Unknown,71.82,71.82
ORD-11793,CUST_1266,39,Other / Unspecified,114424.21,Washington,2023-05-23,Sports & Outdoors,2,97.9,0.15,Credit Card,195.8,166.43
ORD-10643,CUST_1161,56,Female,9999999.0,Texas,2023-05-23,Electronics,1,379.1,0.2,Debit Card,379.1,303.28000000000003
ORD-10613,CUST_1584,55,Male,106534.43,Texas,2024-07-16,Electronics,2,211.22,0.1,PayPal,422.44,380.196
ORD-11763,CUST_1173,50,Female,82590.54,Florida,2024-07-16,Books,1,270.62,0.0,Cash,270.62,270.62
ORD-10961,CUST_1158,61,Male,21650.64,New York,2024-02-21,Home & Kitchen,1,188.35,0.0,Cash,188.35,188.35
ORD-11571,CUST_1049,22,Female,61995.8,California,2024-08-24,Home & Kitchen,2,65.47,0.2,Unknown,130.94,104.75200000000001
ORD-10726,CUST_1382,35,Female,49084.05,Washington,2023-02-24,Home & Kitchen,1,188.35,0.0,PayPal,188.35,188.35
ORD-10684,CUST_1393,16,Male,43396.77,Illinois,2023-10-21,Electronics,1,211.22,0.15,Credit Card,211.22,179.537
ORD-10099,CUST_1102,60,Female,89235.61,New York,2023-03-26,Electronics,1,26.15,0.2,Credit Card,26.15,20.92
ORD-10805,CUST_1066,38,Female,39364.73,Illinois,2024-02-01,Home & Kitchen,1,396.43,0.15,Credit Card,396.43,336.9655
ORD-11752,CUST_1021,38,Female,23988.09,California,2024-01-28,Sports & Outdoors,1,47.08,0.1,PayPal,47.08,42.372
ORD-11598,CUST_1549,23,Other / Unspecified,64101.24,California,2023-04-04,Clothing,1,246.12,0.0,Cash,246.12,246.12
ORD-10407,CUST_1236,55,Male,55743.86,California,2024-04-24,Electronics,1,262.43,0.0,Cash,262.43,262.43
ORD-10503,CUST_1529,45,Female,75495.77,California,2024-06-24,Home & Kitchen,1,26.2,0.1,Cash,26.2,23.58
ORD-11072,CUST_1096,38,Male,72840.26,Illinois,2024-05-29,Home & Kitchen,1,404.7,0.0,Credit Card,404.7,404.7
ORD-11057,CUST_1110,48,Male,67511.5,New York,2024-05-29,Clothing,2,339.93,0.05,Debit Card,679.86,645.867
ORD-10930,CUST_1391,19,Male,64101.24,California,2023-07-18,Electronics,1,211.22,0.2,Unknown,211.22,168.976
ORD-10780,CUST_1419,27,Female,20735.32,Texas,2024-09-18,Electronics,3,97.37,0.2,PayPal,292.11,233.68800000000002
ORD-11864,CUST_1451,43,Male,66500.41,Washington,2024-09-18,Home & Kitchen,2,136.77,0.2,Cash,273.54,218.83200000000002
ORD-10201,CUST_1059,34,Female,71643.04,Washington,2023-10-11,Electronics,4,250.77,0.15,Cash,1003.08,852.618
ORD-10135,CUST_1043,43,Male,108476.12,Unknown,2024-05-31,Sports & Outdoors,2,0.0,0.15,PayPal,0.0,0.0
ORD-11052,CUST_1187,35,Male,57294.09,California,2024-07-05,Electronics,1,0.0,0.05,PayPal,0.0,0.0
ORD-10041,CUST_1239,32,Male,39570.1,Washington,2024-09-16,Home & Kitchen,1,416.96,0.05,Cash,416.96,396.11199999999997
ORD-11018,CUST_1206,39,Male,15000.0,New York,2023-04-05,Home & Kitchen,1,249.9,0.2,UPI / Digital Wallet,249.9,199.92000000000002
ORD-10231,CUST_1383,31,Female,58317.61,Texas,2023-04-05,Clothing,1,205.04,0.0,Credit Card,205.04,205.04
ORD-11514,CUST_1260,61,Male,59828.2,Illinois,2024-03-30,Books,1,61.73,0.05,PayPal,61.73,58.643499999999996
ORD-11797,CUST_1281,40,Female,82301.72,Washington,2023-05-14,Sports & Outdoors,1,204.15,0.2,UPI / Digital Wallet,204.15,163.32000000000002
ORD-10379,CUST_1491,38,Male,16521.74,Washington,2024-05-02,Clothing,2,77.59,0.05,UPI / Digital Wallet,155.18,147.421
ORD-10289,CUST_1147,35,Male,53094.74,California,2024-07-16,Books,1,0.0,0.15,UPI / Digital Wallet,0.0,0.0
ORD-10419,CUST_1212,38,Male,46595.26,New York,2023-06-26,Books,3,296.67,0.05,Debit Card,890.01,845.5095
ORD-11699,CUST_1378,28,Male,85291.05,New York,2023-06-26,Clothing,1,321.18,0.0,Cash,321.18,321.18
ORD-10392,CUST_1060,23,Male,61920.82,New York,2024-03-08,Electronics,1,172.25,0.15,Credit Card,172.25,146.4125
ORD-10593,CUST_1454,80,Female,58830.74,Unknown,2024-03-08,Sports & Outdoors,1,48.1,0.2,Cash,48.1,38.480000000000004
ORD-11523,CUST_1030,42,Other / Unspecified,83158.26,Illinois,2024-11-23,Clothing,1,264.76,0.1,Cash,264.76,238.284
ORD-11163,CUST_1488,26,Male,56103.25,New York,2023-10-24,Books,2,445.98,0.15,Credit Card,891.96,758.166
ORD-11087,CUST_1558,27,Other / Unspecified,69949.02,New York,2023-10-24,Beauty & Personal Care,1,209.45999999999998,0.0,PayPal,209.45999999999998,209.45999999999998
ORD-11496,CUST_1084,53,Male,105039.34,Illinois,2023-05-07,Home & Kitchen,2,171.65,0.15,UPI / Digital Wallet,343.3,291.805
ORD-10648,CUST_1580,42,Other / Unspecified,78554.94,Unknown,2023-05-07,Sports & Outdoors,1,179.66,0.0,UPI / Digital Wallet,179.66,179.66
ORD-11153,CUST_1285,38,Other / Unspecified,51520.15,Texas,2024-11-26,Beauty & Personal Care,2,209.45999999999998,0.05,PayPal,418.91999999999996,397.97399999999993
ORD-11368,CUST_1228,41,Other / Unspecified,89932.15,New York,2024-11-26,Beauty & Personal Care,1,321.14,0.15,Cash,321.14,272.969
ORD-10521,CUST_1229,50,Male,88360.78,New York,2024-10-03,Home & Kitchen,2,188.35,0.1,Debit Card,376.7,339.03
ORD-11863,CUST_1174,21,Female,33292.92,Washington,2024-07-29,Sports & Outdoors,1,355.16,0.0,UPI / Digital Wallet,355.16,355.16
ORD-11881,CUST_1589,26,Female,64014.31,New York,2024-09-24,Clothing,2,433.33,0.1,Debit Card,866.66,779.994
ORD-10065,CUST_1244,38,Female,56547.85,Illinois,2023-10-23,Electronics,2,204.15,0.0,Debit Card,408.3,408.3
ORD-11837,CUST_1238,24,Male,33639.7,California,2023-02-19,Home & Kitchen,1,17.03,0.15,Credit Card,17.03,14.4755
ORD-10015,CUST_1580,54,Female,45303.62,Texas,2024-10-01,Electronics,1,130.36,0.2,Credit Card,130.36,104.28800000000001
ORD-11181,CUST_1329,35,Male,48351.71,Texas,2024-11-03,Beauty & Personal Care,5,209.45999999999998,0.2,Cash,1047.3,837.84
ORD-11065,CUST_1330,34,Female,67575.8,Texas,2023-12-30,Electronics,1,332.31,0.05,PayPal,332.31,315.6945
ORD-10493,CUST_1437,35,Male,85091.71,California,2024-08-10,Home & Kitchen,1,389.55,0.1,Credit Card,389.55,350.595
ORD-10380,CUST_1083,37,Female,62460.35,Unknown,2024-08-31,Electronics,1,288.19,0.2,PayPal,288.19,230.55200000000002
ORD-10188,CUST_1109,30,Female,40370.73,California,2024-04-19,Clothing,1,0.0,0.2,Debit Card,0.0,0.0
ORD-10764,CUST_1275,52,Male,61887.85,Illinois,2023-07-15,Electronics,1,305.24,0.2,Credit Card,305.24,244.192
ORD-10217,CUST_1250,16,Female,72311.27,California,2024-04-29,Electronics,1,303.18,0.2,Cash,303.18,242.544
ORD-11946,CUST_1519,68,Male,45723.38,Florida,2024-07-19,Clothing,1,276.83,0.0,UPI / Digital Wallet,276.83,276.83
ORD-10792,CUST_1127,40,Male,47565.17,Texas,2023-03-06,Books,1,316.75,0.15,PayPal,316.75,269.2375
ORD-11077,CUST_1004,60,Female,83914.05,Illinois,2023-12-03,Electronics,1,91.41,0.2,PayPal,91.41,73.128
ORD-10879,CUST_1466,59,Female,47399.09,New York,2023-09-12,Clothing,1,447.9,0.2,Credit Card,447.9,358.32
ORD-10338,CUST_1281,47,Female,33342.47,Illinois,2024-05-24,Books,2,227.81,0.15,Cash,455.62,387.277
ORD-11773,CUST_1259,38,Male,71356.71,New York,2024-03-31,Clothing,3,248.34,0.15,Unknown,745.02,633.2669999999999
ORD-10720,CUST_1307,36,Male,97565.83,California,2024-11-28,Sports & Outdoors,2,427.8,0.15,Debit Card,855.6,727.26
ORD-11749,CUST_1091,24,Female,48400.92,New York,2024-11-28,Sports & Outdoors,1,0.0,0.0,Credit Card,0.0,0.0
ORD-10296,CUST_1274,30,Male,90641.1,Florida,2023-07-28,Electronics,1,260.6,0.2,Debit Card,260.6,208.48000000000002
ORD-11726,CUST_1150,16,Male,56033.49,California,2024-05-28,Home & Kitchen,3,409.14,0.1,Debit Card,1227.42,1104.678
ORD-11017,CUST_1208,53,Male,89547.27,California,2024-03-22,Electronics,2,264.94,0.05,Cash,529.88,503.38599999999997
ORD-11276,CUST_1291,73,Male,56294.29,California,2024-12-07,Home & Kitchen,1,64.04,0.0,Credit Card,64.04,64.04
ORD-11751,CUST_1010,38,Other / Unspecified,74595.89,California,2023-05-26,Clothing,1,390.82,0.05,Unknown,390.82,371.279
ORD-11486,CUST_1189,49,Male,53145.16,Texas,2024-01-08,Electronics,1,285.29,0.1,Debit Card,285.29,256.761
ORD-10456,CUST_1402,56,Male,79418.91,Illinois,2023-11-16,Sports & Outdoors,1,179.66,0.0,Cash,179.66,179.66
ORD-10816,CUST_1142,33,Male,57349.67,New York,2024-10-11,Home & Kitchen,3,188.35,0.05,Cash,565.05,536.7974999999999
ORD-11887,CUST_1588,32,Male,46425.54,Unknown,2023-08-03,Electronics,1,122.11,0.2,Credit Card,122.11,97.688
ORD-10270,CUST_1206,35,Male,33859.77,Illinois,2023-08-03,Beauty & Personal Care,1,52.0,0.05,Debit Card,52.0,49.4
ORD-10996,CUST_1143,21,Female,38389.64,California,2024-08-13,Clothing,1,225.03,0.1,Credit Card,225.03,202.52700000000002
ORD-11982,CUST_1058,28,Male,44910.2,Unknown,2023-07-20,Clothing,1,49.25,0.15,Cash,49.25,41.8625
ORD-10202,CUST_1046,25,Female,61617.73,California,2024-02-01,Home & Kitchen,1,188.35,0.0,Cash,188.35,188.35
ORD-10162,CUST_1559,42,Male,55600.43,Texas,2024-07-11,Beauty & Personal Care,4,209.45999999999998,0.05,Debit Card,837.8399999999999,795.9479999999999
ORD-11580,CUST_1546,51,Male,49564.74,Florida,2024-07-11,Electronics,2,189.32,0.2,PayPal,378.64,302.912
ORD-10730,CUST_1519,25,Other / Unspecified,64101.24,California,2024-07-23,Clothing,2,113.13,0.2,UPI / Digital Wallet,226.26,181.008
ORD-10402,CUST_1290,34,Male,66284.98,Texas,2024-05-11,Home & Kitchen,1,188.35,0.2,Debit Card,188.35,150.68
ORD-10703,CUST_1210,38,Female,42354.32,Washington,2023-11-02,Clothing,2,137.18,0.1,Credit Card,274.36,246.924
ORD-11501,CUST_1566,38,Female,48399.32,California,2023-11-02,Home & Kitchen,1,188.35,0.05,PayPal,188.35,178.93249999999998
ORD-11846,CUST_1462,38,Female,53986.28,Washington,2024-08-08,Sports & Outdoors,1,244.29,0.15,PayPal,244.29,207.64649999999997
ORD-11796,CUST_1261,16,Male,40752.87,California,2023-10-12,Beauty & Personal Care,1,42.65,0.0,Debit Card,42.65,42.65
ORD-11130,CUST_1394,18,Female,57497.92,California,2024-12-03,Home & Kitchen,2,188.35,0.0,Cash,376.7,376.7
ORD-10566,CUST_1535,48,Male,43875.94,Texas,2023-11-21,Electronics,2,100.47,0.15,UPI / Digital Wallet,200.94,170.799
ORD-11414,CUST_1268,38,Female,63440.43,California,2024-08-19,Home & Kitchen,5,0.0,0.05,Unknown,0.0,0.0
ORD-11022,CUST_1123,45,Female,33460.95,Unknown,2023-12-23,Home & Kitchen,3,92.49,0.15,Unknown,277.46999999999997,235.84949999999998
ORD-11026,CUST_1103,23,Male,58164.39,California,2023-10-27,Electronics,5,211.22,0.15,Unknown,1056.1,897.685
ORD-11412,CUST_1389,38,Female,56273.36,Washington,2024-05-26,Clothing,1,93.66,0.15,Credit Card,93.66,79.61099999999999
ORD-11896,CUST_1589,38,Female,91460.65,California,2023-05-01,Clothing,1,0.0,0.2,Credit Card,0.0,0.0
ORD-11586,CUST_1433,28,Female,95801.26,Illinois,2023-10-16,Clothing,5,436.1,0.15,Credit Card,2180.5,1853.425
ORD-11956,CUST_1412,38,Male,63544.94,Washington,2023-06-11,Electronics,1,421.18,0.05,Credit Card,421.18,400.121
ORD-11105,CUST_1540,16,Female,50371.03,New York,2024-11-20,Home & Kitchen,2,75.04,0.15,UPI / Digital Wallet,150.08,127.56800000000001
ORD-10206,CUST_1549,38,Female,15000.0,California,2024-11-20,Sports & Outdoors,1,60.85,0.05,Cash,60.85,57.8075
ORD-10035,CUST_1217,41,Male,71689.35,Florida,2024-09-02,Electronics,2,412.23,0.2,Cash,824.46,659.5680000000001
ORD-11967,CUST_1385,51,Other / Unspecified,64541.14,Florida,2024-07-06,Beauty & Personal Care,1,139.0,0.15,Credit Card,139.0,118.14999999999999
ORD-10776,CUST_1360,25,Other / Unspecified,66753.43,California,2024-02-03,Clothing,1,205.04,0.2,UPI / Digital Wallet,205.04,164.032
ORD-10509,CUST_1232,17,Other / Unspecified,89540.31,New York,2024-09-30,Books,2,0.0,0.2,Credit Card,0.0,0.0
ORD-11452,CUST_1259,49,Female,112153.78,Texas,2023-02-20,Beauty & Personal Care,1,309.82,0.25,PayPal,309.82,232.365
ORD-11479,CUST_1528,41,Female,77791.46,Washington,2023-04-03,Clothing,2,69.18,0.2,Cash,138.36,110.68800000000002
ORD-11391,CUST_1343,40,Male,42408.96,New York,2024-03-29,Electronics,1,84.38,0.15,Debit Card,84.38,71.723
ORD-11364,CUST_1453,18,Female,85751.91,Texas,2024-03-11,Home & Kitchen,2,0.0,0.0,Credit Card,0.0,0.0
ORD-10242,CUST_1252,36,Male,45815.64,Texas,2024-08-31,Electronics,1,101.34,0.15,PayPal,101.34,86.139
ORD-10601,CUST_1318,41,Female,93278.07,Washington,2023-12-09,Clothing,1,249.17,0.0,Debit Card,249.17,249.17
ORD-11298,CUST_1328,18,Female,75435.19,California,2023-10-06,Sports & Outdoors,1,233.78,0.15,Cash,233.78,198.713
ORD-10647,CUST_1042,44,Male,46525.06,Illinois,2023-02-07,Clothing,2,222.33,0.0,Credit Card,444.66,444.66
ORD-11529,CUST_1579,30,Male,79942.46,Illinois,2024-07-01,Books,5,284.82,0.2,PayPal,1424.1,1139.28
ORD-11268,CUST_1139,49,Male,65033.11,Texas,2023-09-19,Home & Kitchen,1,361.69,0.0,PayPal,361.69,361.69
ORD-11900,CUST_1496,38,Male,62863.99,Texas,2023-09-19,Home & Kitchen,1,188.35,0.05,Cash,188.35,178.93249999999998
ORD-10563,CUST_1455,73,Other / Unspecified,41153.77,New York,2023-04-12,Electronics,1,338.66,0.1,PayPal,338.66,304.79400000000004
ORD-10190,CUST_1391,56,Male,50748.91,California,2024-05-25,Books,2,280.19,0.0,UPI / Digital Wallet,560.38,560.38
ORD-11807,CUST_1183,43,Female,66518.65,Texas,2024-08-07,Beauty & Personal Care,2,186.72,0.2,Credit Card,373.44,298.752
ORD-10976,CUST_1576,41,Male,37653.26,California,2024-10-14,Clothing,1,221.47,0.05,Credit Card,221.47,210.3965
ORD-11083,CUST_1493,30,Male,50329.95,Florida,2024-05-21,Clothing,1,120.62,0.2,Credit Card,120.62,96.49600000000001
ORD-10475,CUST_1219,58,Male,65033.11,Texas,2024-05-21,Electronics,1,299.59,0.15,Debit Card,299.59,254.65149999999997
ORD-10748,CUST_1434,40,Female,90779.95,Washington,2024-09-15,Books,1,0.0,0.0,Credit Card,0.0,0.0
ORD-10022,CUST_1488,36,Female,46097.55,Washington,2023-09-04,Beauty & Personal Care,1,67.27,0.2,Credit Card,67.27,53.816
ORD-10460,CUST_1204,40,Other / Unspecified,60483.14,New York,2023-04-15,Clothing,1,328.35,0.1,Debit Card,328.35,295.51500000000004
ORD-11185,CUST_1130,42,Female,97818.54,Florida,2023-09-22,Electronics,2,211.22,0.1,PayPal,422.44,380.196
ORD-10956,CUST_1171,33,Male,83815.56,Texas,2023-09-22,Clothing,1,45.96,0.25,PayPal,45.96,34.47
ORD-11216,CUST_1470,48,Other / Unspecified,65123.33,New York,2023-04-25,Sports & Outdoors,1,176.24,0.0,Cash,176.24,176.24
ORD-11516,CUST_1312,25,Female,93710.26,New York,2024-03-28,Books,1,210.47,0.0,Credit Card,210.47,210.47
ORD-10770,CUST_1149,36,Male,47643.96,Illinois,2024-09-28,Clothing,2,354.28,0.15,Debit Card,708.56,602.276
ORD-11686,CUST_1395,38,Male,51712.48,Washington,2024-11-10,Books,1,210.47,0.2,UPI / Digital Wallet,210.47,168.376
ORD-10131,CUST_1313,38,Male,77689.97,California,2023-07-07,Books,1,210.47,0.15,PayPal,210.47,178.8995
ORD-11483,CUST_1010,44,Female,32279.75,California,2024-02-28,Clothing,1,383.63,0.0,Cash,383.63,383.63
ORD-10331,CUST_1232,54,Male,59898.11,Florida,2024-08-18,Clothing,2,205.04,0.15,Debit Card,410.08,348.568
ORD-11239,CUST_1305,44,Male,71396.52,Washington,2024-08-18,Beauty & Personal Care,2,251.33,0.0,PayPal,502.66,502.66
ORD-10467,CUST_1261,16,Female,32080.53,Unknown,2024-08-18,Sports & Outdoors,1,61.73,0.1,Cash,61.73,55.556999999999995
ORD-11639,CUST_1287,51,Female,65351.65,Illinois,2023-04-27,Sports & Outdoors,1,138.36,0.1,PayPal,138.36,124.52400000000002
ORD-11096,CUST_1239,52,Female,22760.53,Texas,2023-08-24,Books,1,0.0,0.1,Cash,0.0,0.0
ORD-11131,CUST_1258,32,Female,15000.0,Texas,2024-06-18,Clothing,1,134.2,0.0,PayPal,134.2,134.2
ORD-11295,CUST_1168,45,Male,48671.97,Florida,2023-03-03,Electronics,1,102.79,0.0,Credit Card,102.79,102.79
ORD-10861,CUST_1079,40,Male,27327.84,Texas,2023-07-25,Electronics,5,211.22,0.0,Cash,1056.1,1056.1
