Review_ID,Category,Review_Text,Sentiment,Rating
REV-11341,Apparel,Defective out of the box! Returning it right now for a full refund.,Negative,1
REV-11602,Apparel,"Total scam. Horrible performance, constantly glitching, and very slow.",Negative,2
REV-13550,Home & Kitchen,"Average item. It functions as expected, neither particularly good nor bad.",Neutral,3
REV-13576,Electronics,Normal purchase experience. Arrived within the estimated delivery window.,Neutral,3
REV-10212,Electronics,Fantastic experience. The customer service was helpful and the office chair is perfect.,Positive,5
REV-13516,Apparel,"Decent product. Meets the baseline requirements, but nothing to write home about.",Neutral,3
REV-11466,Apparel,Zero stars if I could. The denim jacket failed on the first day. Extremely annoying.,Negative,2
REV-10135,Apparel,Great quality smartwatch. Works flawlessly and the sound quality is simply amazing.,Positive,4
REV-12678,Home & Kitchen,"Decent product. Meets the baseline requirements, but nothing to write home about.",Neutral,3
REV-11743,Electronics,"Very frustrated with this order. Arrived late, damaged packaging, and awful battery life.",Negative,1
REV-12317,Beauty,Poor quality material and terrible design. Does not match the description at all.,Negative,1
REV-10027,Beauty,Incredible product! Totally worth every penny. Super fast shipping and great performance.,Positive,5
REV-10930,Home & Kitchen,Impressive performance and stylish design. Very satisfied with the quick delivery and performance.,Positive,5
REV-10033,Beauty,Absolutely love this skincare serum! The display clarity is top-notch and exceeded my expectations.,Positive,5
REV-10316,Home & Kitchen,Super happy with this item! Works better than advertised and very easy to use.,Positive,5
REV-12708,Apparel,Normal purchase experience. Arrived within the estimated delivery window.,Neutral,3
REV-12888,Home & Kitchen,Received the denim jacket yesterday. It matches the specifications listed on the page.,Neutral,3
REV-11510,Office Supplies,Regret buying this. Overpriced junk with terrible customer support.,Negative,1
REV-10271,Home & Kitchen,Incredible product! Totally worth every penny. Super fast shipping and great packaging.,Positive,5
REV-11966,Apparel,Extremely disappointed with this espresso maker. The user interface is completely defective and cheap.,Negative,1
REV-10880,Office Supplies,Best purchase I have made all year! Highly recommend this bluetooth speaker to everyone.,Positive,5
REV-11925,Apparel,Poor quality material and terrible design. Does not match the description at all.,Negative,1
REV-11058,Office Supplies,Super happy with this item! Works better than advertised and very easy to use.,Positive,4
REV-12378,Apparel,"Very frustrated with this order. Arrived late, damaged packaging, and awful user interface.",Negative,2
REV-11232,Beauty,Defective out of the box! Returning it right now for a full refund.,Negative,1
REV-10440,Beauty,Great quality skincare serum. Works flawlessly and the finishing is simply amazing.,Positive,5
REV-10416,Beauty,Impressive performance and stylish design. Very satisfied with the quick delivery and display clarity.,Positive,5
REV-10671,Office Supplies,Outstanding value for the money. The smartwatch feels premium and durable.,Positive,5
REV-12844,Office Supplies,The office chair arrived on Tuesday in standard packaging. Included cable and manual.,Neutral,3
REV-13020,Home & Kitchen,The denim jacket dimensions are as stated in the manual. Fairly average overall.,Neutral,3
REV-10812,Electronics,Fantastic experience. The customer service was helpful and the smartwatch is perfect.,Positive,5
REV-12358,Apparel,"Total scam. Horrible performance, constantly glitching, and very slow.",Negative,1
REV-10180,Apparel,Super happy with this item! Works better than advertised and very easy to use.,Positive,5
REV-12763,Office Supplies,"Average item. It functions as expected, neither particularly good nor bad.",Neutral,3
REV-12989,Apparel,Received the air fryer yesterday. It matches the specifications listed on the page.,Neutral,3
REV-12457,Apparel,The package contains one skincare serum and standard accessories. As described.,Neutral,3
REV-11227,Apparel,Poor quality material and terrible design. Does not match the description at all.,Negative,1
REV-11000,Beauty,Impressive performance and stylish design. Very satisfied with the quick delivery and packaging.,Positive,5
REV-10818,Beauty,Fantastic experience. The customer service was helpful and the smartwatch is perfect.,Positive,4
REV-10928,Apparel,Outstanding value for the money. The office chair feels premium and durable.,Positive,5
REV-12697,Apparel,Normal purchase experience. Arrived within the estimated delivery window.,Neutral,3
REV-13034,Office Supplies,"Average item. It functions as expected, neither particularly good nor bad.",Neutral,3
REV-12956,Office Supplies,The package contains one skincare serum and standard accessories. As described.,Neutral,3
REV-10121,Office Supplies,Outstanding value for the money. The espresso maker feels premium and durable.,Positive,5
REV-11787,Beauty,Extremely disappointed with this denim jacket. The battery life is completely defective and cheap.,Negative,1
REV-11404,Home & Kitchen,Defective out of the box! Returning it right now for a full refund.,Negative,2
REV-10388,Home & Kitchen,I am genuinely blown away by how good this gaming laptop is. Will buy again!,Positive,5
REV-11511,Electronics,Zero stars if I could. The smartwatch failed on the first day. Extremely annoying.,Negative,1
REV-12105,Beauty,"Total scam. Horrible performance, constantly glitching, and very slow.",Negative,1
REV-12963,Apparel,The bluetooth speaker arrived on Tuesday in standard packaging. Included cable and manual.,Neutral,3
REV-11958,Home & Kitchen,Inferior build quality. The finishing feels fragile and useless.,Negative,1
REV-10843,Beauty,I am genuinely blown away by how good this espresso maker is. Will buy again!,Positive,5
REV-10185,Office Supplies,I am genuinely blown away by how good this wireless earbuds is. Will buy again!,Positive,4
REV-10496,Apparel,Fantastic experience. The customer service was helpful and the denim jacket is perfect.,Positive,4
REV-12212,Office Supplies,"Total scam. Horrible performance, constantly glitching, and very slow.",Negative,1
REV-13202,Apparel,The running shoes is okay. Does what it says on the box. Nothing extraordinary.,Neutral,3
REV-10927,Home & Kitchen,Best purchase I have made all year! Highly recommend this skincare serum to everyone.,Positive,4
REV-10462,Beauty,Super happy with this item! Works better than advertised and very easy to use.,Positive,4
REV-10034,Office Supplies,Great quality gaming laptop. Works flawlessly and the battery life is simply amazing.,Positive,5
REV-11794,Electronics,Worst purchase ever. Stopped working after 3 days and customer service refused a refund.,Negative,2
REV-10290,Home & Kitchen,Super happy with this item! Works better than advertised and very easy to use.,Positive,5
REV-12590,Home & Kitchen,"Decent product. Meets the baseline requirements, but nothing to write home about.",Neutral,3
REV-11540,Beauty,Zero stars if I could. The running shoes failed on the first day. Extremely annoying.,Negative,1
REV-10645,Beauty,"Five stars! Excellent build quality, seamless setup, and brilliant performance.",Positive,4
REV-10094,Office Supplies,Super happy with this item! Works better than advertised and very easy to use.,Positive,4
REV-10970,Apparel,I am genuinely blown away by how good this bluetooth speaker is. Will buy again!,Positive,5
REV-11555,Electronics,Regret buying this. Overpriced junk with terrible customer support.,Negative,2
REV-11175,Apparel,Fantastic experience. The customer service was helpful and the running shoes is perfect.,Positive,4
REV-12576,Beauty,Ordered the black color variant. Delivery took 4 business days.,Neutral,3
REV-13154,Beauty,Standard quality for this price point. Moderate performance in everyday use.,Neutral,3
REV-10804,Home & Kitchen,Great quality skincare serum. Works flawlessly and the battery life is simply amazing.,Positive,5
REV-11475,Beauty,Poor quality material and terrible design. Does not match the description at all.,Negative,1
REV-10603,Office Supplies,Incredible product! Totally worth every penny. Super fast shipping and great display clarity.,Positive,5
REV-11965,Office Supplies,Regret buying this. Overpriced junk with terrible customer support.,Negative,1
REV-12729,Office Supplies,"Decent product. Meets the baseline requirements, but nothing to write home about.",Neutral,3
REV-11337,Home & Kitchen,Defective out of the box! Returning it right now for a full refund.,Negative,1
REV-10949,Beauty,Absolutely love this wireless earbuds! The reliability is top-notch and exceeded my expectations.,Positive,5
REV-13177,Beauty,The running shoes is okay. Does what it says on the box. Nothing extraordinary.,Neutral,3
REV-10803,Apparel,"Five stars! Excellent build quality, seamless setup, and brilliant reliability.",Positive,4
REV-11766,Apparel,Poor quality material and terrible design. Does not match the description at all.,Negative,1
REV-10071,Beauty,Best purchase I have made all year! Highly recommend this office chair to everyone.,Positive,4
REV-10444,Beauty,Impressive performance and stylish design. Very satisfied with the quick delivery and finishing.,Positive,4
REV-12330,Apparel,Inferior build quality. The reliability feels fragile and useless.,Negative,1
REV-12454,Apparel,The air fryer is okay. Does what it says on the box. Nothing extraordinary.,Neutral,3
REV-11068,Electronics,Super happy with this item! Works better than advertised and very easy to use.,Positive,4
REV-12637,Home & Kitchen,Received the denim jacket yesterday. It matches the specifications listed on the page.,Neutral,3
REV-12773,Apparel,Standard quality for this price point. Moderate performance in everyday use.,Neutral,3
REV-12335,Beauty,Waste of money! The smartwatch broke immediately. Do not buy this garbage.,Negative,1
REV-12283,Beauty,Worst purchase ever. Stopped working after 3 days and customer service refused a refund.,Negative,1
REV-11415,Office Supplies,"Very frustrated with this order. Arrived late, damaged packaging, and awful user interface.",Negative,1
REV-10606,Home & Kitchen,"Five stars! Excellent build quality, seamless setup, and brilliant performance.",Positive,4
REV-10292,Apparel,Impressive performance and stylish design. Very satisfied with the quick delivery and display clarity.,Positive,5
REV-10565,Electronics,I am genuinely blown away by how good this smartwatch is. Will buy again!,Positive,5
REV-12568,Apparel,The package contains one denim jacket and standard accessories. As described.,Neutral,3
REV-13582,Electronics,Normal purchase experience. Arrived within the estimated delivery window.,Neutral,3
REV-11107,Electronics,Impressive performance and stylish design. Very satisfied with the quick delivery and ergonomics.,Positive,5
REV-12385,Home & Kitchen,Regret buying this. Overpriced junk with terrible customer support.,Negative,1
REV-10552,Office Supplies,Absolutely love this skincare serum! The ergonomics is top-notch and exceeded my expectations.,Positive,5
REV-11237,Beauty,Defective out of the box! Returning it right now for a full refund.,Negative,1
REV-11573,Office Supplies,Inferior build quality. The ergonomics feels fragile and useless.,Negative,1
REV-11996,Apparel,"Very frustrated with this order. Arrived late, damaged packaging, and awful user interface.",Negative,1
REV-11427,Electronics,"Total scam. Horrible performance, constantly glitching, and very slow.",Negative,1
REV-10197,Beauty,Outstanding value for the money. The running shoes feels premium and durable.,Positive,5
REV-13263,Office Supplies,The gaming laptop is okay. Does what it says on the box. Nothing extraordinary.,Neutral,3
REV-11054,Home & Kitchen,Incredible product! Totally worth every penny. Super fast shipping and great build material.,Positive,5
REV-10890,Home & Kitchen,Great quality gaming laptop. Works flawlessly and the user interface is simply amazing.,Positive,5
REV-12865,Home & Kitchen,Normal purchase experience. Arrived within the estimated delivery window.,Neutral,3
REV-13200,Home & Kitchen,"Decent product. Meets the baseline requirements, but nothing to write home about.",Neutral,3
REV-10412,Home & Kitchen,Outstanding value for the money. The gaming laptop feels premium and durable.,Positive,4
REV-10150,Apparel,Super happy with this item! Works better than advertised and very easy to use.,Positive,5
REV-10938,Office Supplies,Super happy with this item! Works better than advertised and very easy to use.,Positive,4
REV-12226,Apparel,"Very frustrated with this order. Arrived late, damaged packaging, and awful sound quality.",Negative,1
REV-10315,Apparel,Best purchase I have made all year! Highly recommend this running shoes to everyone.,Positive,5
REV-12504,Beauty,The air fryer is okay. Does what it says on the box. Nothing extraordinary.,Neutral,3
REV-12270,Office Supplies,Regret buying this. Overpriced junk with terrible customer support.,Negative,1
REV-11897,Apparel,Poor quality material and terrible design. Does not match the description at all.,Negative,1
REV-11814,Apparel,Waste of money! The espresso maker broke immediately. Do not buy this garbage.,Negative,1
REV-11299,Home & Kitchen,"Total scam. Horrible performance, constantly glitching, and very slow.",Negative,2
REV-12148,Electronics,"Very frustrated with this order. Arrived late, damaged packaging, and awful battery life.",Negative,2
REV-13425,Office Supplies,The wireless earbuds arrived on Tuesday in standard packaging. Included cable and manual.,Neutral,3
REV-13223,Beauty,Ordered the black color variant. Delivery took 4 business days.,Neutral,3
REV-13533,Home & Kitchen,Normal purchase experience. Arrived within the estimated delivery window.,Neutral,3
REV-10300,Beauty,Incredible product! Totally worth every penny. Super fast shipping and great battery life.,Positive,4
REV-11109,Apparel,Best purchase I have made all year! Highly recommend this denim jacket to everyone.,Positive,5
REV-11771,Office Supplies,Regret buying this. Overpriced junk with terrible customer support.,Negative,1
REV-10806,Apparel,Absolutely love this denim jacket! The packaging is top-notch and exceeded my expectations.,Positive,5
REV-12986,Beauty,The air fryer arrived on Tuesday in standard packaging. Included cable and manual.,Neutral,3
REV-10184,Home & Kitchen,Super happy with this item! Works better than advertised and very easy to use.,Positive,5
REV-13328,Apparel,Normal purchase experience. Arrived within the estimated delivery window.,Neutral,3
REV-11026,Home & Kitchen,Impressive performance and stylish design. Very satisfied with the quick delivery and battery life.,Positive,5
REV-12190,Home & Kitchen,Extremely disappointed with this running shoes. The packaging is completely defective and cheap.,Negative,1
REV-10882,Beauty,"Five stars! Excellent build quality, seamless setup, and brilliant reliability.",Positive,5
REV-12794,Home & Kitchen,The wireless earbuds is okay. Does what it says on the box. Nothing extraordinary.,Neutral,3
REV-12845,Apparel,The espresso maker arrived on Tuesday in standard packaging. Included cable and manual.,Neutral,3
REV-11377,Electronics,Waste of money! The smartwatch broke immediately. Do not buy this garbage.,Negative,2
REV-11172,Home & Kitchen,Fantastic experience. The customer service was helpful and the skincare serum is perfect.,Positive,5
REV-13424,Home & Kitchen,The package contains one gaming laptop and standard accessories. As described.,Neutral,3
REV-10052,Beauty,Incredible product! Totally worth every penny. Super fast shipping and great battery life.,Positive,4
REV-10352,Electronics,Great quality smartwatch. Works flawlessly and the performance is simply amazing.,Positive,5
REV-11878,Electronics,Waste of money! The running shoes broke immediately. Do not buy this garbage.,Negative,1
REV-10863,Beauty,Outstanding value for the money. The skincare serum feels premium and durable.,Positive,4
REV-10535,Electronics,Incredible product! Totally worth every penny. Super fast shipping and great build material.,Positive,5
REV-12894,Electronics,Normal purchase experience. Arrived within the estimated delivery window.,Neutral,3
REV-12828,Office Supplies,The package contains one bluetooth speaker and standard accessories. As described.,Neutral,3
REV-12919,Beauty,"Average item. It functions as expected, neither particularly good nor bad.",Neutral,3
REV-11045,Apparel,Impressive performance and stylish design. Very satisfied with the quick delivery and finishing.,Positive,4
REV-13352,Electronics,The gaming laptop dimensions are as stated in the manual. Fairly average overall.,Neutral,3
REV-10171,Apparel,Incredible product! Totally worth every penny. Super fast shipping and great packaging.,Positive,5
REV-10140,Apparel,Great quality gaming laptop. Works flawlessly and the packaging is simply amazing.,Positive,4
REV-11214,Apparel,Regret buying this. Overpriced junk with terrible customer support.,Negative,2
REV-12114,Apparel,Waste of money! The smartwatch broke immediately. Do not buy this garbage.,Negative,1
REV-13307,Electronics,The package contains one wireless earbuds and standard accessories. As described.,Neutral,3
REV-10280,Home & Kitchen,Incredible product! Totally worth every penny. Super fast shipping and great ergonomics.,Positive,4
REV-11981,Electronics,Poor quality material and terrible design. Does not match the description at all.,Negative,1
REV-12900,Electronics,The skincare serum arrived on Tuesday in standard packaging. Included cable and manual.,Neutral,3
REV-12375,Electronics,Defective out of the box! Returning it right now for a full refund.,Negative,1
REV-11065,Office Supplies,Fantastic experience. The customer service was helpful and the office chair is perfect.,Positive,5
REV-10568,Office Supplies,Best purchase I have made all year! Highly recommend this wireless earbuds to everyone.,Positive,5
REV-11481,Apparel,Extremely disappointed with this smartwatch. The performance is completely defective and cheap.,Negative,2
REV-12997,Electronics,The espresso maker is okay. Does what it says on the box. Nothing extraordinary.,Neutral,3
REV-13115,Apparel,"Average item. It functions as expected, neither particularly good nor bad.",Neutral,3
REV-11609,Office Supplies,Poor quality material and terrible design. Does not match the description at all.,Negative,1
REV-12727,Electronics,Received the office chair yesterday. It matches the specifications listed on the page.,Neutral,3
REV-10965,Electronics,Great quality smartwatch. Works flawlessly and the reliability is simply amazing.,Positive,5
REV-11937,Home & Kitchen,Zero stars if I could. The gaming laptop failed on the first day. Extremely annoying.,Negative,1
REV-11392,Electronics,Poor quality material and terrible design. Does not match the description at all.,Negative,1
REV-12397,Home & Kitchen,Waste of money! The bluetooth speaker broke immediately. Do not buy this garbage.,Negative,1
REV-12222,Home & Kitchen,Waste of money! The smartwatch broke immediately. Do not buy this garbage.,Negative,2
REV-13557,Beauty,"Average item. It functions as expected, neither particularly good nor bad.",Neutral,3
REV-13215,Electronics,The smartwatch is okay. Does what it says on the box. Nothing extraordinary.,Neutral,3
REV-13193,Beauty,Standard quality for this price point. Moderate performance in everyday use.,Neutral,3
REV-12149,Electronics,"Total scam. Horrible performance, constantly glitching, and very slow.",Negative,1
REV-11489,Apparel,"Very frustrated with this order. Arrived late, damaged packaging, and awful display clarity.",Negative,2
REV-12737,Electronics,Received the air fryer yesterday. It matches the specifications listed on the page.,Neutral,3
REV-12930,Electronics,Ordered the black color variant. Delivery took 4 business days.,Neutral,3
REV-11719,Home & Kitchen,Zero stars if I could. The smartwatch failed on the first day. Extremely annoying.,Negative,1
REV-11158,Electronics,Best purchase I have made all year! Highly recommend this office chair to everyone.,Positive,5
REV-11954,Apparel,Inferior build quality. The ergonomics feels fragile and useless.,Negative,1
REV-13199,Beauty,Standard quality for this price point. Moderate performance in everyday use.,Neutral,3
REV-12906,Electronics,The gaming laptop arrived on Tuesday in standard packaging. Included cable and manual.,Neutral,3
REV-12563,Beauty,The bluetooth speaker is okay. Does what it says on the box. Nothing extraordinary.,Neutral,3
REV-11789,Office Supplies,"Total scam. Horrible performance, constantly glitching, and very slow.",Negative,2
REV-10439,Home & Kitchen,Incredible product! Totally worth every penny. Super fast shipping and great packaging.,Positive,5
REV-12612,Beauty,"Decent product. Meets the baseline requirements, but nothing to write home about.",Neutral,3
REV-10753,Apparel,Absolutely love this office chair! The reliability is top-notch and exceeded my expectations.,Positive,5
REV-12714,Home & Kitchen,"Average item. It functions as expected, neither particularly good nor bad.",Neutral,3
REV-11398,Beauty,Defective out of the box! Returning it right now for a full refund.,Negative,1
REV-13357,Beauty,"Average item. It functions as expected, neither particularly good nor bad.",Neutral,3
REV-11883,Apparel,Regret buying this. Overpriced junk with terrible customer support.,Negative,1
REV-12961,Electronics,"Decent product. Meets the baseline requirements, but nothing to write home about.",Neutral,3
REV-12322,Beauty,Zero stars if I could. The denim jacket failed on the first day. Extremely annoying.,Negative,2
REV-11830,Office Supplies,Inferior build quality. The ergonomics feels fragile and useless.,Negative,1
REV-11638,Home & Kitchen,"Total scam. Horrible performance, constantly glitching, and very slow.",Negative,1
REV-10409,Home & Kitchen,Great quality bluetooth speaker. Works flawlessly and the finishing is simply amazing.,Positive,5
REV-13336,Office Supplies,Normal purchase experience. Arrived within the estimated delivery window.,Neutral,3
REV-10053,Apparel,Outstanding value for the money. The espresso maker feels premium and durable.,Positive,5
REV-10950,Beauty,Outstanding value for the money. The skincare serum feels premium and durable.,Positive,4
REV-11875,Electronics,Extremely disappointed with this gaming laptop. The finishing is completely defective and cheap.,Negative,1
REV-12781,Home & Kitchen,The package contains one gaming laptop and standard accessories. As described.,Neutral,3
REV-10394,Office Supplies,Fantastic experience. The customer service was helpful and the wireless earbuds is perfect.,Positive,4
REV-10677,Beauty,Incredible product! Totally worth every penny. Super fast shipping and great user interface.,Positive,5
REV-11792,Electronics,Regret buying this. Overpriced junk with terrible customer support.,Negative,2
REV-13018,Beauty,Received the office chair yesterday. It matches the specifications listed on the page.,Neutral,3
REV-11463,Office Supplies,"Very frustrated with this order. Arrived late, damaged packaging, and awful sound quality.",Negative,2
REV-11222,Home & Kitchen,Extremely disappointed with this smartwatch. The user interface is completely defective and cheap.,Negative,2
REV-11584,Office Supplies,Regret buying this. Overpriced junk with terrible customer support.,Negative,1
REV-10145,Home & Kitchen,I am genuinely blown away by how good this smartwatch is. Will buy again!,Positive,5
REV-11174,Apparel,Absolutely love this espresso maker! The sound quality is top-notch and exceeded my expectations.,Positive,5
REV-13471,Electronics,The package contains one air fryer and standard accessories. As described.,Neutral,3
REV-12652,Office Supplies,Normal purchase experience. Arrived within the estimated delivery window.,Neutral,3
REV-10077,Office Supplies,Super happy with this item! Works better than advertised and very easy to use.,Positive,5
REV-11111,Home & Kitchen,I am genuinely blown away by how good this air fryer is. Will buy again!,Positive,5
REV-10252,Electronics,"Five stars! Excellent build quality, seamless setup, and brilliant sound quality.",Positive,5
REV-12316,Office Supplies,Zero stars if I could. The skincare serum failed on the first day. Extremely annoying.,Negative,1
REV-10018,Home & Kitchen,Best purchase I have made all year! Highly recommend this wireless earbuds to everyone.,Positive,5
REV-10299,Apparel,Outstanding value for the money. The bluetooth speaker feels premium and durable.,Positive,4
REV-12237,Apparel,Regret buying this. Overpriced junk with terrible customer support.,Negative,1
REV-12823,Electronics,The espresso maker dimensions are as stated in the manual. Fairly average overall.,Neutral,3
REV-11765,Apparel,Inferior build quality. The ergonomics feels fragile and useless.,Negative,1
REV-11739,Office Supplies,Extremely disappointed with this denim jacket. The performance is completely defective and cheap.,Negative,1
REV-10558,Beauty,Absolutely love this skincare serum! The ergonomics is top-notch and exceeded my expectations.,Positive,5
REV-13197,Electronics,The wireless earbuds dimensions are as stated in the manual. Fairly average overall.,Neutral,3
REV-12154,Office Supplies,Inferior build quality. The display clarity feels fragile and useless.,Negative,1
REV-11872,Home & Kitchen,Worst purchase ever. Stopped working after 3 days and customer service refused a refund.,Negative,1
REV-12224,Apparel,"Total scam. Horrible performance, constantly glitching, and very slow.",Negative,1
REV-12233,Office Supplies,Poor quality material and terrible design. Does not match the description at all.,Negative,2
REV-13138,Apparel,"Average item. It functions as expected, neither particularly good nor bad.",Neutral,3
REV-10323,Electronics,Impressive performance and stylish design. Very satisfied with the quick delivery and sound quality.,Positive,5
REV-11403,Apparel,Zero stars if I could. The gaming laptop failed on the first day. Extremely annoying.,Negative,1
REV-12019,Office Supplies,Inferior build quality. The user interface feels fragile and useless.,Negative,1
REV-13302,Office Supplies,"Average item. It functions as expected, neither particularly good nor bad.",Neutral,3
REV-12416,Beauty,"Average item. It functions as expected, neither particularly good nor bad.",Neutral,3
REV-11570,Beauty,Extremely disappointed with this wireless earbuds. The finishing is completely defective and cheap.,Negative,1
REV-10933,Electronics,Absolutely love this espresso maker! The display clarity is top-notch and exceeded my expectations.,Positive,5
REV-11076,Electronics,Fantastic experience. The customer service was helpful and the gaming laptop is perfect.,Positive,5
REV-11035,Electronics,"Five stars! Excellent build quality, seamless setup, and brilliant user interface.",Positive,5
REV-11682,Electronics,Inferior build quality. The display clarity feels fragile and useless.,Negative,1
REV-12217,Apparel,Waste of money! The wireless earbuds broke immediately. Do not buy this garbage.,Negative,1
REV-11796,Home & Kitchen,Inferior build quality. The performance feels fragile and useless.,Negative,1
REV-11024,Apparel,Impressive performance and stylish design. Very satisfied with the quick delivery and display clarity.,Positive,5
REV-12595,Beauty,"Decent product. Meets the baseline requirements, but nothing to write home about.",Neutral,3
REV-13558,Apparel,Received the wireless earbuds yesterday. It matches the specifications listed on the page.,Neutral,3
REV-10658,Electronics,I am genuinely blown away by how good this office chair is. Will buy again!,Positive,5
REV-10528,Beauty,Great quality bluetooth speaker. Works flawlessly and the performance is simply amazing.,Positive,5
REV-12257,Electronics,"Total scam. Horrible performance, constantly glitching, and very slow.",Negative,1
REV-13441,Apparel,The espresso maker arrived on Tuesday in standard packaging. Included cable and manual.,Neutral,3
REV-11892,Electronics,Extremely disappointed with this gaming laptop. The reliability is completely defective and cheap.,Negative,2
REV-12248,Apparel,Regret buying this. Overpriced junk with terrible customer support.,Negative,2
REV-12726,Home & Kitchen,The bluetooth speaker is okay. Does what it says on the box. Nothing extraordinary.,Neutral,3
REV-12765,Office Supplies,"Decent product. Meets the baseline requirements, but nothing to write home about.",Neutral,3
REV-13076,Apparel,Standard quality for this price point. Moderate performance in everyday use.,Neutral,3
REV-10326,Home & Kitchen,I am genuinely blown away by how good this gaming laptop is. Will buy again!,Positive,5
REV-10433,Apparel,Absolutely love this gaming laptop! The reliability is top-notch and exceeded my expectations.,Positive,4
REV-10031,Home & Kitchen,Outstanding value for the money. The wireless earbuds feels premium and durable.,Positive,5
REV-10458,Home & Kitchen,"Five stars! Excellent build quality, seamless setup, and brilliant packaging.",Positive,5
REV-10230,Office Supplies,Outstanding value for the money. The office chair feels premium and durable.,Positive,5
REV-10204,Electronics,"Five stars! Excellent build quality, seamless setup, and brilliant battery life.",Positive,5
REV-12623,Office Supplies,The bluetooth speaker arrived on Tuesday in standard packaging. Included cable and manual.,Neutral,3
REV-10786,Beauty,Best purchase I have made all year! Highly recommend this air fryer to everyone.,Positive,5
REV-11484,Home & Kitchen,Worst purchase ever. Stopped working after 3 days and customer service refused a refund.,Negative,2
REV-12271,Electronics,Extremely disappointed with this gaming laptop. The packaging is completely defective and cheap.,Negative,1
REV-11583,Beauty,Defective out of the box! Returning it right now for a full refund.,Negative,1
REV-10694,Office Supplies,Great quality running shoes. Works flawlessly and the battery life is simply amazing.,Positive,5
REV-12923,Beauty,Standard quality for this price point. Moderate performance in everyday use.,Neutral,3
REV-12021,Office Supplies,Zero stars if I could. The wireless earbuds failed on the first day. Extremely annoying.,Negative,2
REV-10193,Office Supplies,Incredible product! Totally worth every penny. Super fast shipping and great build material.,Positive,4
REV-12668,Home & Kitchen,Received the bluetooth speaker yesterday. It matches the specifications listed on the page.,Neutral,3
REV-11537,Home & Kitchen,Regret buying this. Overpriced junk with terrible customer support.,Negative,2
REV-13473,Home & Kitchen,Normal purchase experience. Arrived within the estimated delivery window.,Neutral,3
REV-13049,Home & Kitchen,Received the running shoes yesterday. It matches the specifications listed on the page.,Neutral,3
REV-10167,Apparel,I am genuinely blown away by how good this denim jacket is. Will buy again!,Positive,5
REV-13065,Beauty,The package contains one wireless earbuds and standard accessories. As described.,Neutral,3
REV-11737,Beauty,"Total scam. Horrible performance, constantly glitching, and very slow.",Negative,2
REV-12826,Home & Kitchen,The gaming laptop is okay. Does what it says on the box. Nothing extraordinary.,Neutral,3
REV-12679,Beauty,The denim jacket is okay. Does what it says on the box. Nothing extraordinary.,Neutral,3
REV-13257,Home & Kitchen,The package contains one espresso maker and standard accessories. As described.,Neutral,3
REV-10977,Electronics,Incredible product! Totally worth every penny. Super fast shipping and great reliability.,Positive,5
REV-11607,Apparel,Regret buying this. Overpriced junk with terrible customer support.,Negative,1
REV-10322,Beauty,Fantastic experience. The customer service was helpful and the espresso maker is perfect.,Positive,5
REV-11512,Electronics,Waste of money! The denim jacket broke immediately. Do not buy this garbage.,Negative,2
REV-13431,Office Supplies,The running shoes arrived on Tuesday in standard packaging. Included cable and manual.,Neutral,3
REV-10195,Electronics,Outstanding value for the money. The skincare serum feels premium and durable.,Positive,5
REV-11443,Electronics,Zero stars if I could. The bluetooth speaker failed on the first day. Extremely annoying.,Negative,1
REV-13005,Electronics,The gaming laptop dimensions are as stated in the manual. Fairly average overall.,Neutral,3
REV-13144,Home & Kitchen,The espresso maker is okay. Does what it says on the box. Nothing extraordinary.,Neutral,3
REV-11043,Office Supplies,Best purchase I have made all year! Highly recommend this denim jacket to everyone.,Positive,5
REV-13337,Home & Kitchen,Ordered the black color variant. Delivery took 4 business days.,Neutral,3
REV-10502,Apparel,Impressive performance and stylish design. Very satisfied with the quick delivery and packaging.,Positive,5
REV-12680,Apparel,The air fryer dimensions are as stated in the manual. Fairly average overall.,Neutral,3
REV-13406,Beauty,The smartwatch dimensions are as stated in the manual. Fairly average overall.,Neutral,3
REV-12078,Electronics,Extremely disappointed with this skincare serum. The reliability is completely defective and cheap.,Negative,1
REV-11917,Apparel,Waste of money! The wireless earbuds broke immediately. Do not buy this garbage.,Negative,1
REV-11790,Office Supplies,Zero stars if I could. The skincare serum failed on the first day. Extremely annoying.,Negative,1
REV-13589,Apparel,The bluetooth speaker dimensions are as stated in the manual. Fairly average overall.,Neutral,3
REV-13472,Beauty,The office chair is okay. Does what it says on the box. Nothing extraordinary.,Neutral,3
REV-13364,Home & Kitchen,Ordered the black color variant. Delivery took 4 business days.,Neutral,3
REV-11437,Electronics,Worst purchase ever. Stopped working after 3 days and customer service refused a refund.,Negative,2
REV-11007,Apparel,I am genuinely blown away by how good this wireless earbuds is. Will buy again!,Positive,4
REV-11164,Apparel,Fantastic experience. The customer service was helpful and the running shoes is perfect.,Positive,5
REV-10081,Home & Kitchen,Outstanding value for the money. The office chair feels premium and durable.,Positive,5
REV-11633,Electronics,Defective out of the box! Returning it right now for a full refund.,Negative,1
REV-10296,Beauty,Absolutely love this running shoes! The reliability is top-notch and exceeded my expectations.,Positive,5
REV-12267,Electronics,Waste of money! The skincare serum broke immediately. Do not buy this garbage.,Negative,1
REV-11718,Home & Kitchen,Defective out of the box! Returning it right now for a full refund.,Negative,2
REV-11579,Office Supplies,"Total scam. Horrible performance, constantly glitching, and very slow.",Negative,1
REV-13598,Home & Kitchen,Normal purchase experience. Arrived within the estimated delivery window.,Neutral,3
REV-13236,Office Supplies,Received the smartwatch yesterday. It matches the specifications listed on the page.,Neutral,3
REV-13321,Office Supplies,The gaming laptop is okay. Does what it says on the box. Nothing extraordinary.,Neutral,3
REV-12624,Apparel,Normal purchase experience. Arrived within the estimated delivery window.,Neutral,3
REV-11899,Apparel,Zero stars if I could. The denim jacket failed on the first day. Extremely annoying.,Negative,1
REV-10898,Office Supplies,Absolutely love this espresso maker! The performance is top-notch and exceeded my expectations.,Positive,5
REV-10464,Home & Kitchen,Best purchase I have made all year! Highly recommend this bluetooth speaker to everyone.,Positive,5
REV-10841,Home & Kitchen,I am genuinely blown away by how good this gaming laptop is. Will buy again!,Positive,5
REV-11648,Home & Kitchen,Regret buying this. Overpriced junk with terrible customer support.,Negative,1
REV-11188,Office Supplies,Fantastic experience. The customer service was helpful and the smartwatch is perfect.,Positive,4
REV-11229,Home & Kitchen,"Very frustrated with this order. Arrived late, damaged packaging, and awful user interface.",Negative,1
REV-12371,Office Supplies,Zero stars if I could. The bluetooth speaker failed on the first day. Extremely annoying.,Negative,1
REV-13517,Beauty,Standard quality for this price point. Moderate performance in everyday use.,Neutral,3
REV-11118,Office Supplies,Incredible product! Totally worth every penny. Super fast shipping and great sound quality.,Positive,4
REV-12644,Beauty,The denim jacket dimensions are as stated in the manual. Fairly average overall.,Neutral,3
REV-10258,Home & Kitchen,Fantastic experience. The customer service was helpful and the smartwatch is perfect.,Positive,4
REV-11430,Apparel,Zero stars if I could. The skincare serum failed on the first day. Extremely annoying.,Negative,2
REV-11689,Apparel,"Very frustrated with this order. Arrived late, damaged packaging, and awful packaging.",Negative,1
REV-13374,Office Supplies,"Decent product. Meets the baseline requirements, but nothing to write home about.",Neutral,3
REV-11816,Office Supplies,Inferior build quality. The sound quality feels fragile and useless.,Negative,1
REV-12585,Electronics,The denim jacket dimensions are as stated in the manual. Fairly average overall.,Neutral,3
REV-13423,Office Supplies,Normal purchase experience. Arrived within the estimated delivery window.,Neutral,3
REV-10239,Apparel,Fantastic experience. The customer service was helpful and the skincare serum is perfect.,Positive,5
REV-10359,Home & Kitchen,"Five stars! Excellent build quality, seamless setup, and brilliant build material.",Positive,5
REV-10737,Apparel,Outstanding value for the money. The smartwatch feels premium and durable.,Positive,5
REV-13320,Electronics,Normal purchase experience. Arrived within the estimated delivery window.,Neutral,3
REV-10512,Home & Kitchen,Great quality espresso maker. Works flawlessly and the performance is simply amazing.,Positive,5
REV-13399,Beauty,"Average item. It functions as expected, neither particularly good nor bad.",Neutral,3
REV-12872,Beauty,The denim jacket dimensions are as stated in the manual. Fairly average overall.,Neutral,3
REV-10175,Beauty,Fantastic experience. The customer service was helpful and the running shoes is perfect.,Positive,4
REV-10756,Home & Kitchen,"Five stars! Excellent build quality, seamless setup, and brilliant packaging.",Positive,5
REV-10215,Office Supplies,Impressive performance and stylish design. Very satisfied with the quick delivery and performance.,Positive,5
REV-10480,Electronics,Incredible product! Totally worth every penny. Super fast shipping and great reliability.,Positive,5
REV-12929,Electronics,The denim jacket is okay. Does what it says on the box. Nothing extraordinary.,Neutral,3
REV-10415,Electronics,Impressive performance and stylish design. Very satisfied with the quick delivery and reliability.,Positive,4
REV-12241,Electronics,Poor quality material and terrible design. Does not match the description at all.,Negative,1
REV-10760,Office Supplies,Impressive performance and stylish design. Very satisfied with the quick delivery and ergonomics.,Positive,5
REV-10103,Home & Kitchen,Great quality running shoes. Works flawlessly and the user interface is simply amazing.,Positive,5
REV-12935,Beauty,Received the wireless earbuds yesterday. It matches the specifications listed on the page.,Neutral,3
REV-11587,Beauty,Poor quality material and terrible design. Does not match the description at all.,Negative,2
REV-10240,Home & Kitchen,Outstanding value for the money. The gaming laptop feels premium and durable.,Positive,4
REV-10411,Apparel,"Five stars! Excellent build quality, seamless setup, and brilliant ergonomics.",Positive,5
REV-10403,Apparel,Fantastic experience. The customer service was helpful and the skincare serum is perfect.,Positive,5
REV-11565,Apparel,Inferior build quality. The build material feels fragile and useless.,Negative,2
REV-12340,Apparel,Zero stars if I could. The smartwatch failed on the first day. Extremely annoying.,Negative,1
REV-11625,Office Supplies,Zero stars if I could. The skincare serum failed on the first day. Extremely annoying.,Negative,2
REV-12072,Apparel,Regret buying this. Overpriced junk with terrible customer support.,Negative,2
REV-12472,Office Supplies,Normal purchase experience. Arrived within the estimated delivery window.,Neutral,3
REV-12294,Home & Kitchen,Zero stars if I could. The gaming laptop failed on the first day. Extremely annoying.,Negative,1
REV-10045,Beauty,I am genuinely blown away by how good this running shoes is. Will buy again!,Positive,5
REV-10046,Apparel,Absolutely love this air fryer! The finishing is top-notch and exceeded my expectations.,Positive,4
REV-11038,Electronics,I am genuinely blown away by how good this running shoes is. Will buy again!,Positive,4
REV-10333,Office Supplies,Fantastic experience. The customer service was helpful and the bluetooth speaker is perfect.,Positive,4
REV-11069,Apparel,Great quality bluetooth speaker. Works flawlessly and the build material is simply amazing.,Positive,5
REV-12064,Apparel,Poor quality material and terrible design. Does not match the description at all.,Negative,1
REV-11768,Apparel,Worst purchase ever. Stopped working after 3 days and customer service refused a refund.,Negative,1
REV-11028,Office Supplies,Impressive performance and stylish design. Very satisfied with the quick delivery and user interface.,Positive,4
REV-11053,Beauty,Incredible product! Totally worth every penny. Super fast shipping and great display clarity.,Positive,5
REV-10719,Apparel,Great quality bluetooth speaker. Works flawlessly and the performance is simply amazing.,Positive,5
REV-10059,Electronics,Absolutely love this espresso maker! The finishing is top-notch and exceeded my expectations.,Positive,5
REV-13595,Beauty,The smartwatch dimensions are as stated in the manual. Fairly average overall.,Neutral,3
REV-11012,Apparel,Absolutely love this office chair! The user interface is top-notch and exceeded my expectations.,Positive,5
REV-13294,Office Supplies,Received the denim jacket yesterday. It matches the specifications listed on the page.,Neutral,3
REV-13139,Home & Kitchen,"Average item. It functions as expected, neither particularly good nor bad.",Neutral,3
REV-11612,Apparel,Regret buying this. Overpriced junk with terrible customer support.,Negative,1
REV-12462,Apparel,The package contains one bluetooth speaker and standard accessories. As described.,Neutral,3
REV-12003,Apparel,"Total scam. Horrible performance, constantly glitching, and very slow.",Negative,1
REV-12390,Beauty,Worst purchase ever. Stopped working after 3 days and customer service refused a refund.,Negative,1
REV-11396,Apparel,"Total scam. Horrible performance, constantly glitching, and very slow.",Negative,2
REV-12634,Beauty,The denim jacket dimensions are as stated in the manual. Fairly average overall.,Neutral,3
REV-10310,Home & Kitchen,I am genuinely blown away by how good this skincare serum is. Will buy again!,Positive,4
REV-12046,Electronics,Inferior build quality. The display clarity feels fragile and useless.,Negative,1
REV-11433,Apparel,Extremely disappointed with this office chair. The finishing is completely defective and cheap.,Negative,2
REV-11666,Office Supplies,Extremely disappointed with this wireless earbuds. The reliability is completely defective and cheap.,Negative,1
REV-11117,Home & Kitchen,Impressive performance and stylish design. Very satisfied with the quick delivery and battery life.,Positive,5
REV-12158,Home & Kitchen,Worst purchase ever. Stopped working after 3 days and customer service refused a refund.,Negative,1
REV-12796,Apparel,Normal purchase experience. Arrived within the estimated delivery window.,Neutral,3
REV-10795,Apparel,Fantastic experience. The customer service was helpful and the office chair is perfect.,Positive,5
REV-11428,Office Supplies,"Very frustrated with this order. Arrived late, damaged packaging, and awful battery life.",Negative,2
REV-11491,Beauty,Worst purchase ever. Stopped working after 3 days and customer service refused a refund.,Negative,2
REV-11469,Beauty,"Very frustrated with this order. Arrived late, damaged packaging, and awful battery life.",Negative,1
REV-10713,Home & Kitchen,Impressive performance and stylish design. Very satisfied with the quick delivery and reliability.,Positive,5
REV-10539,Beauty,Impressive performance and stylish design. Very satisfied with the quick delivery and build material.,Positive,4
REV-11234,Office Supplies,Defective out of the box! Returning it right now for a full refund.,Negative,1
REV-11212,Home & Kitchen,"Total scam. Horrible performance, constantly glitching, and very slow.",Negative,1
REV-10782,Office Supplies,Great quality wireless earbuds. Works flawlessly and the finishing is simply amazing.,Positive,5
REV-12692,Beauty,Standard quality for this price point. Moderate performance in everyday use.,Neutral,3
REV-10189,Home & Kitchen,Fantastic experience. The customer service was helpful and the denim jacket is perfect.,Positive,5
REV-11558,Beauty,Zero stars if I could. The running shoes failed on the first day. Extremely annoying.,Negative,2
REV-12818,Office Supplies,Received the office chair yesterday. It matches the specifications listed on the page.,Neutral,3
REV-13561,Apparel,The package contains one running shoes and standard accessories. As described.,Neutral,3
REV-12150,Electronics,"Very frustrated with this order. Arrived late, damaged packaging, and awful battery life.",Negative,1
REV-12687,Beauty,"Average item. It functions as expected, neither particularly good nor bad.",Neutral,3
REV-13379,Office Supplies,The wireless earbuds is okay. Does what it says on the box. Nothing extraordinary.,Neutral,3
REV-12971,Electronics,Normal purchase experience. Arrived within the estimated delivery window.,Neutral,3
REV-10355,Office Supplies,"Five stars! Excellent build quality, seamless setup, and brilliant sound quality.",Positive,5
REV-10241,Home & Kitchen,Outstanding value for the money. The wireless earbuds feels premium and durable.,Positive,5
REV-10791,Beauty,Great quality bluetooth speaker. Works flawlessly and the performance is simply amazing.,Positive,4
REV-13101,Apparel,"Decent product. Meets the baseline requirements, but nothing to write home about.",Neutral,3
REV-10966,Electronics,Super happy with this item! Works better than advertised and very easy to use.,Positive,4
REV-13488,Electronics,"Average item. It functions as expected, neither particularly good nor bad.",Neutral,3
REV-12393,Office Supplies,Waste of money! The bluetooth speaker broke immediately. Do not buy this garbage.,Negative,2
REV-11002,Beauty,Outstanding value for the money. The denim jacket feels premium and durable.,Positive,5
REV-10579,Electronics,Impressive performance and stylish design. Very satisfied with the quick delivery and performance.,Positive,4
REV-10555,Office Supplies,Super happy with this item! Works better than advertised and very easy to use.,Positive,5
REV-10479,Beauty,Impressive performance and stylish design. Very satisfied with the quick delivery and packaging.,Positive,4
REV-13489,Electronics,The espresso maker dimensions are as stated in the manual. Fairly average overall.,Neutral,3
REV-11627,Home & Kitchen,Worst purchase ever. Stopped working after 3 days and customer service refused a refund.,Negative,1
REV-12632,Apparel,Standard quality for this price point. Moderate performance in everyday use.,Neutral,3
REV-10153,Home & Kitchen,Incredible product! Totally worth every penny. Super fast shipping and great ergonomics.,Positive,5
REV-12741,Home & Kitchen,The smartwatch is okay. Does what it says on the box. Nothing extraordinary.,Neutral,3
REV-12260,Electronics,Poor quality material and terrible design. Does not match the description at all.,Negative,1
REV-12913,Electronics,The package contains one air fryer and standard accessories. As described.,Neutral,3
REV-11913,Beauty,Worst purchase ever. Stopped working after 3 days and customer service refused a refund.,Negative,1
REV-10257,Electronics,Impressive performance and stylish design. Very satisfied with the quick delivery and battery life.,Positive,4
REV-11873,Beauty,Poor quality material and terrible design. Does not match the description at all.,Negative,1
REV-10347,Home & Kitchen,"Five stars! Excellent build quality, seamless setup, and brilliant performance.",Positive,5
REV-11539,Office Supplies,Zero stars if I could. The denim jacket failed on the first day. Extremely annoying.,Negative,2
REV-11808,Home & Kitchen,Poor quality material and terrible design. Does not match the description at all.,Negative,1
REV-10777,Electronics,Best purchase I have made all year! Highly recommend this espresso maker to everyone.,Positive,4
REV-12513,Beauty,Ordered the black color variant. Delivery took 4 business days.,Neutral,3
REV-12518,Beauty,Ordered the black color variant. Delivery took 4 business days.,Neutral,3
REV-11105,Apparel,Best purchase I have made all year! Highly recommend this smartwatch to everyone.,Positive,5
REV-11707,Home & Kitchen,Worst purchase ever. Stopped working after 3 days and customer service refused a refund.,Negative,1
REV-12955,Home & Kitchen,"Average item. It functions as expected, neither particularly good nor bad.",Neutral,3
REV-11425,Apparel,Regret buying this. Overpriced junk with terrible customer support.,Negative,1
REV-12488,Beauty,Normal purchase experience. Arrived within the estimated delivery window.,Neutral,3
REV-11421,Office Supplies,Worst purchase ever. Stopped working after 3 days and customer service refused a refund.,Negative,1
REV-10179,Electronics,Absolutely love this office chair! The battery life is top-notch and exceeded my expectations.,Positive,5
REV-12816,Office Supplies,Received the air fryer yesterday. It matches the specifications listed on the page.,Neutral,3
REV-11984,Home & Kitchen,"Very frustrated with this order. Arrived late, damaged packaging, and awful display clarity.",Negative,2
REV-11062,Apparel,Absolutely love this air fryer! The user interface is top-notch and exceeded my expectations.,Positive,4
REV-10574,Beauty,I am genuinely blown away by how good this running shoes is. Will buy again!,Positive,5
REV-11269,Electronics,Defective out of the box! Returning it right now for a full refund.,Negative,2
REV-11081,Home & Kitchen,Fantastic experience. The customer service was helpful and the office chair is perfect.,Positive,5
REV-12701,Apparel,Received the smartwatch yesterday. It matches the specifications listed on the page.,Neutral,3
REV-11727,Home & Kitchen,Defective out of the box! Returning it right now for a full refund.,Negative,1
REV-11285,Beauty,Extremely disappointed with this wireless earbuds. The packaging is completely defective and cheap.,Negative,1
REV-11124,Office Supplies,Absolutely love this office chair! The packaging is top-notch and exceeded my expectations.,Positive,5
REV-13196,Electronics,Standard quality for this price point. Moderate performance in everyday use.,Neutral,3
REV-10706,Beauty,Absolutely love this running shoes! The build material is top-notch and exceeded my expectations.,Positive,5
REV-10015,Home & Kitchen,Great quality air fryer. Works flawlessly and the reliability is simply amazing.,Positive,5
REV-10986,Apparel,Outstanding value for the money. The espresso maker feels premium and durable.,Positive,5
REV-10174,Beauty,Best purchase I have made all year! Highly recommend this gaming laptop to everyone.,Positive,5
REV-13429,Beauty,Received the smartwatch yesterday. It matches the specifications listed on the page.,Neutral,3
REV-12764,Home & Kitchen,The wireless earbuds arrived on Tuesday in standard packaging. Included cable and manual.,Neutral,3
REV-10332,Office Supplies,Great quality gaming laptop. Works flawlessly and the finishing is simply amazing.,Positive,5
REV-10692,Apparel,Outstanding value for the money. The wireless earbuds feels premium and durable.,Positive,5
REV-10431,Beauty,Fantastic experience. The customer service was helpful and the gaming laptop is perfect.,Positive,5
REV-12587,Apparel,The smartwatch is okay. Does what it says on the box. Nothing extraordinary.,Neutral,3
REV-13575,Apparel,The wireless earbuds arrived on Tuesday in standard packaging. Included cable and manual.,Neutral,3
REV-13378,Apparel,"Average item. It functions as expected, neither particularly good nor bad.",Neutral,3
REV-12841,Apparel,The package contains one skincare serum and standard accessories. As described.,Neutral,3
REV-12060,Apparel,"Very frustrated with this order. Arrived late, damaged packaging, and awful packaging.",Negative,2
REV-11678,Office Supplies,Extremely disappointed with this running shoes. The battery life is completely defective and cheap.,Negative,2
REV-11447,Office Supplies,Worst purchase ever. Stopped working after 3 days and customer service refused a refund.,Negative,1
REV-10545,Beauty,"Five stars! Excellent build quality, seamless setup, and brilliant performance.",Positive,5
REV-11162,Beauty,Great quality espresso maker. Works flawlessly and the finishing is simply amazing.,Positive,4
REV-13233,Apparel,The smartwatch dimensions are as stated in the manual. Fairly average overall.,Neutral,3
REV-11290,Home & Kitchen,Worst purchase ever. Stopped working after 3 days and customer service refused a refund.,Negative,1
REV-12227,Apparel,Inferior build quality. The reliability feels fragile and useless.,Negative,1
REV-10451,Apparel,Outstanding value for the money. The wireless earbuds feels premium and durable.,Positive,5
REV-13045,Office Supplies,Ordered the black color variant. Delivery took 4 business days.,Neutral,3
REV-11749,Beauty,Waste of money! The wireless earbuds broke immediately. Do not buy this garbage.,Negative,1
REV-12494,Home & Kitchen,Normal purchase experience. Arrived within the estimated delivery window.,Neutral,3
REV-10325,Beauty,Impressive performance and stylish design. Very satisfied with the quick delivery and sound quality.,Positive,5
REV-11023,Office Supplies,Great quality running shoes. Works flawlessly and the build material is simply amazing.,Positive,5
REV-10487,Office Supplies,Incredible product! Totally worth every penny. Super fast shipping and great user interface.,Positive,5
REV-11147,Electronics,Outstanding value for the money. The denim jacket feels premium and durable.,Positive,5
REV-10819,Office Supplies,I am genuinely blown away by how good this gaming laptop is. Will buy again!,Positive,5
REV-10064,Electronics,I am genuinely blown away by how good this gaming laptop is. Will buy again!,Positive,5
REV-10267,Home & Kitchen,Absolutely love this skincare serum! The build material is top-notch and exceeded my expectations.,Positive,5
REV-11729,Beauty,"Very frustrated with this order. Arrived late, damaged packaging, and awful battery life.",Negative,1
REV-10926,Home & Kitchen,Super happy with this item! Works better than advertised and very easy to use.,Positive,5
REV-10158,Office Supplies,Great quality bluetooth speaker. Works flawlessly and the performance is simply amazing.,Positive,5
REV-10858,Beauty,Fantastic experience. The customer service was helpful and the running shoes is perfect.,Positive,4
REV-10369,Office Supplies,Incredible product! Totally worth every penny. Super fast shipping and great user interface.,Positive,4
REV-10062,Electronics,I am genuinely blown away by how good this smartwatch is. Will buy again!,Positive,5
REV-12979,Home & Kitchen,"Decent product. Meets the baseline requirements, but nothing to write home about.",Neutral,3
REV-12572,Home & Kitchen,Ordered the black color variant. Delivery took 4 business days.,Neutral,3
REV-13025,Apparel,Standard quality for this price point. Moderate performance in everyday use.,Neutral,3
REV-10255,Beauty,Impressive performance and stylish design. Very satisfied with the quick delivery and finishing.,Positive,5
REV-12442,Apparel,The gaming laptop is okay. Does what it says on the box. Nothing extraordinary.,Neutral,3
REV-12792,Electronics,"Decent product. Meets the baseline requirements, but nothing to write home about.",Neutral,3
REV-12555,Apparel,The package contains one running shoes and standard accessories. As described.,Neutral,3
REV-12124,Home & Kitchen,Waste of money! The bluetooth speaker broke immediately. Do not buy this garbage.,Negative,1
REV-10110,Office Supplies,I am genuinely blown away by how good this espresso maker is. Will buy again!,Positive,5
REV-10125,Home & Kitchen,"Five stars! Excellent build quality, seamless setup, and brilliant battery life.",Positive,4
REV-11264,Electronics,"Total scam. Horrible performance, constantly glitching, and very slow.",Negative,1
REV-12437,Beauty,The office chair arrived on Tuesday in standard packaging. Included cable and manual.,Neutral,3
REV-10264,Home & Kitchen,I am genuinely blown away by how good this smartwatch is. Will buy again!,Positive,4
REV-13251,Office Supplies,"Decent product. Meets the baseline requirements, but nothing to write home about.",Neutral,3
REV-12990,Home & Kitchen,Ordered the black color variant. Delivery took 4 business days.,Neutral,3
REV-10600,Apparel,Absolutely love this bluetooth speaker! The ergonomics is top-notch and exceeded my expectations.,Positive,5
REV-11614,Office Supplies,Defective out of the box! Returning it right now for a full refund.,Negative,1
REV-10222,Electronics,I am genuinely blown away by how good this bluetooth speaker is. Will buy again!,Positive,5
REV-11611,Apparel,Regret buying this. Overpriced junk with terrible customer support.,Negative,1
REV-13159,Home & Kitchen,Ordered the black color variant. Delivery took 4 business days.,Neutral,3
REV-12196,Apparel,Worst purchase ever. Stopped working after 3 days and customer service refused a refund.,Negative,1
REV-10550,Electronics,Best purchase I have made all year! Highly recommend this espresso maker to everyone.,Positive,5
REV-11744,Electronics,Defective out of the box! Returning it right now for a full refund.,Negative,1
REV-11748,Electronics,Worst purchase ever. Stopped working after 3 days and customer service refused a refund.,Negative,1
REV-12619,Electronics,The package contains one running shoes and standard accessories. As described.,Neutral,3
REV-10089,Home & Kitchen,I am genuinely blown away by how good this bluetooth speaker is. Will buy again!,Positive,4
REV-12926,Office Supplies,"Average item. It functions as expected, neither particularly good nor bad.",Neutral,3
REV-13091,Home & Kitchen,"Average item. It functions as expected, neither particularly good nor bad.",Neutral,3
REV-12341,Beauty,"Very frustrated with this order. Arrived late, damaged packaging, and awful ergonomics.",Negative,1
REV-12567,Apparel,The air fryer arrived on Tuesday in standard packaging. Included cable and manual.,Neutral,3
REV-10595,Office Supplies,Outstanding value for the money. The smartwatch feels premium and durable.,Positive,5
REV-12311,Home & Kitchen,Poor quality material and terrible design. Does not match the description at all.,Negative,1
REV-13479,Apparel,The package contains one running shoes and standard accessories. As described.,Neutral,3
REV-12099,Beauty,Zero stars if I could. The skincare serum failed on the first day. Extremely annoying.,Negative,1
REV-13096,Electronics,The package contains one espresso maker and standard accessories. As described.,Neutral,3
REV-13242,Beauty,Ordered the black color variant. Delivery took 4 business days.,Neutral,3
REV-11895,Beauty,Waste of money! The denim jacket broke immediately. Do not buy this garbage.,Negative,2
REV-11567,Office Supplies,Extremely disappointed with this running shoes. The finishing is completely defective and cheap.,Negative,1
REV-11236,Home & Kitchen,Waste of money! The bluetooth speaker broke immediately. Do not buy this garbage.,Negative,1
REV-12610,Home & Kitchen,The skincare serum arrived on Tuesday in standard packaging. Included cable and manual.,Neutral,3
REV-10722,Beauty,Fantastic experience. The customer service was helpful and the wireless earbuds is perfect.,Positive,5
REV-13188,Apparel,The bluetooth speaker is okay. Does what it says on the box. Nothing extraordinary.,Neutral,3
REV-10284,Beauty,I am genuinely blown away by how good this running shoes is. Will buy again!,Positive,5
REV-10275,Office Supplies,Outstanding value for the money. The wireless earbuds feels premium and durable.,Positive,5
REV-10745,Beauty,"Five stars! Excellent build quality, seamless setup, and brilliant build material.",Positive,5
REV-12347,Apparel,Extremely disappointed with this office chair. The packaging is completely defective and cheap.,Negative,2
REV-13238,Electronics,The skincare serum arrived on Tuesday in standard packaging. Included cable and manual.,Neutral,3
REV-12755,Apparel,"Decent product. Meets the baseline requirements, but nothing to write home about.",Neutral,3
REV-10424,Beauty,Impressive performance and stylish design. Very satisfied with the quick delivery and display clarity.,Positive,5
REV-11740,Beauty,"Total scam. Horrible performance, constantly glitching, and very slow.",Negative,1
REV-10507,Office Supplies,Great quality office chair. Works flawlessly and the build material is simply amazing.,Positive,5
REV-11863,Apparel,Waste of money! The running shoes broke immediately. Do not buy this garbage.,Negative,2
REV-12879,Office Supplies,Received the smartwatch yesterday. It matches the specifications listed on the page.,Neutral,3
REV-11106,Apparel,Best purchase I have made all year! Highly recommend this skincare serum to everyone.,Positive,5
REV-10443,Electronics,Incredible product! Totally worth every penny. Super fast shipping and great user interface.,Positive,4
REV-10991,Office Supplies,"Five stars! Excellent build quality, seamless setup, and brilliant reliability.",Positive,5
REV-10219,Beauty,I am genuinely blown away by how good this smartwatch is. Will buy again!,Positive,5
REV-11779,Apparel,"Very frustrated with this order. Arrived late, damaged packaging, and awful battery life.",Negative,1
REV-12998,Apparel,The package contains one bluetooth speaker and standard accessories. As described.,Neutral,3
REV-13353,Beauty,The espresso maker dimensions are as stated in the manual. Fairly average overall.,Neutral,3
REV-13434,Beauty,"Average item. It functions as expected, neither particularly good nor bad.",Neutral,3
REV-12740,Beauty,Received the skincare serum yesterday. It matches the specifications listed on the page.,Neutral,3
REV-11657,Apparel,Extremely disappointed with this espresso maker. The battery life is completely defective and cheap.,Negative,1
REV-11692,Apparel,Defective out of the box! Returning it right now for a full refund.,Negative,1
REV-10808,Office Supplies,Super happy with this item! Works better than advertised and very easy to use.,Positive,5
REV-11176,Home & Kitchen,I am genuinely blown away by how good this running shoes is. Will buy again!,Positive,5
REV-10840,Beauty,Impressive performance and stylish design. Very satisfied with the quick delivery and finishing.,Positive,5
REV-11747,Electronics,Defective out of the box! Returning it right now for a full refund.,Negative,1
REV-10765,Beauty,Outstanding value for the money. The wireless earbuds feels premium and durable.,Positive,4
REV-11252,Home & Kitchen,Inferior build quality. The ergonomics feels fragile and useless.,Negative,2
REV-11074,Office Supplies,"Five stars! Excellent build quality, seamless setup, and brilliant performance.",Positive,5
REV-11030,Apparel,"Five stars! Excellent build quality, seamless setup, and brilliant reliability.",Positive,5
REV-12054,Electronics,Waste of money! The bluetooth speaker broke immediately. Do not buy this garbage.,Negative,1
REV-10001,Office Supplies,Super happy with this item! Works better than advertised and very easy to use.,Positive,5
REV-13400,Beauty,The package contains one denim jacket and standard accessories. As described.,Neutral,3
REV-13461,Apparel,The package contains one office chair and standard accessories. As described.,Neutral,3
REV-12938,Beauty,Ordered the black color variant. Delivery took 4 business days.,Neutral,3
REV-11223,Home & Kitchen,Zero stars if I could. The running shoes failed on the first day. Extremely annoying.,Negative,1
REV-12100,Office Supplies,Poor quality material and terrible design. Does not match the description at all.,Negative,1
REV-10248,Home & Kitchen,Impressive performance and stylish design. Very satisfied with the quick delivery and build material.,Positive,5
REV-12084,Beauty,Zero stars if I could. The office chair failed on the first day. Extremely annoying.,Negative,1
REV-12954,Home & Kitchen,The skincare serum is okay. Does what it says on the box. Nothing extraordinary.,Neutral,3
REV-12155,Apparel,Waste of money! The skincare serum broke immediately. Do not buy this garbage.,Negative,2
REV-11615,Apparel,Worst purchase ever. Stopped working after 3 days and customer service refused a refund.,Negative,2
REV-11713,Apparel,"Total scam. Horrible performance, constantly glitching, and very slow.",Negative,1
REV-10176,Apparel,Outstanding value for the money. The air fryer feels premium and durable.,Positive,5
REV-10279,Apparel,"Five stars! Excellent build quality, seamless setup, and brilliant finishing.",Positive,5
REV-12195,Apparel,Regret buying this. Overpriced junk with terrible customer support.,Negative,1
REV-12172,Office Supplies,Worst purchase ever. Stopped working after 3 days and customer service refused a refund.,Negative,2
REV-13073,Electronics,Received the gaming laptop yesterday. It matches the specifications listed on the page.,Neutral,3
REV-12895,Apparel,The bluetooth speaker arrived on Tuesday in standard packaging. Included cable and manual.,Neutral,3
REV-12286,Home & Kitchen,Regret buying this. Overpriced junk with terrible customer support.,Negative,1
REV-11809,Office Supplies,Waste of money! The bluetooth speaker broke immediately. Do not buy this garbage.,Negative,1
REV-10417,Office Supplies,Great quality air fryer. Works flawlessly and the display clarity is simply amazing.,Positive,5
REV-13285,Home & Kitchen,The wireless earbuds arrived on Tuesday in standard packaging. Included cable and manual.,Neutral,3
REV-10218,Office Supplies,Great quality smartwatch. Works flawlessly and the battery life is simply amazing.,Positive,5
REV-11616,Office Supplies,Zero stars if I could. The bluetooth speaker failed on the first day. Extremely annoying.,Negative,1
REV-10680,Electronics,Outstanding value for the money. The gaming laptop feels premium and durable.,Positive,5
REV-10643,Home & Kitchen,Outstanding value for the money. The skincare serum feels premium and durable.,Positive,4
REV-10799,Apparel,I am genuinely blown away by how good this espresso maker is. Will buy again!,Positive,5
REV-12119,Apparel,"Total scam. Horrible performance, constantly glitching, and very slow.",Negative,1
REV-11353,Home & Kitchen,Waste of money! The running shoes broke immediately. Do not buy this garbage.,Negative,1
REV-10788,Beauty,"Five stars! Excellent build quality, seamless setup, and brilliant build material.",Positive,5
REV-10450,Beauty,Best purchase I have made all year! Highly recommend this office chair to everyone.,Positive,5
REV-11133,Home & Kitchen,Super happy with this item! Works better than advertised and very easy to use.,Positive,5
REV-13226,Apparel,"Average item. It functions as expected, neither particularly good nor bad.",Neutral,3
REV-11834,Office Supplies,"Very frustrated with this order. Arrived late, damaged packaging, and awful ergonomics.",Negative,1
REV-10868,Beauty,Super happy with this item! Works better than advertised and very easy to use.,Positive,5
REV-10434,Home & Kitchen,Outstanding value for the money. The espresso maker feels premium and durable.,Positive,5
REV-10875,Electronics,Incredible product! Totally worth every penny. Super fast shipping and great packaging.,Positive,4
REV-10372,Office Supplies,I am genuinely blown away by how good this office chair is. Will buy again!,Positive,5
REV-12957,Home & Kitchen,The smartwatch arrived on Tuesday in standard packaging. Included cable and manual.,Neutral,3
REV-12160,Electronics,Worst purchase ever. Stopped working after 3 days and customer service refused a refund.,Negative,1
REV-11455,Apparel,"Total scam. Horrible performance, constantly glitching, and very slow.",Negative,2
REV-13209,Office Supplies,"Decent product. Meets the baseline requirements, but nothing to write home about.",Neutral,3
REV-11273,Apparel,Poor quality material and terrible design. Does not match the description at all.,Negative,1
REV-10811,Apparel,"Five stars! Excellent build quality, seamless setup, and brilliant finishing.",Positive,5
REV-13485,Office Supplies,The air fryer dimensions are as stated in the manual. Fairly average overall.,Neutral,3
REV-11906,Home & Kitchen,Regret buying this. Overpriced junk with terrible customer support.,Negative,1
REV-11617,Home & Kitchen,Inferior build quality. The reliability feels fragile and useless.,Negative,1
REV-10247,Office Supplies,Fantastic experience. The customer service was helpful and the smartwatch is perfect.,Positive,5
REV-11374,Home & Kitchen,Regret buying this. Overpriced junk with terrible customer support.,Negative,1
REV-10506,Beauty,Fantastic experience. The customer service was helpful and the smartwatch is perfect.,Positive,5
REV-11492,Beauty,Regret buying this. Overpriced junk with terrible customer support.,Negative,1
REV-11339,Electronics,"Very frustrated with this order. Arrived late, damaged packaging, and awful performance.",Negative,2
REV-13446,Electronics,The running shoes dimensions are as stated in the manual. Fairly average overall.,Neutral,3
REV-13103,Home & Kitchen,Ordered the black color variant. Delivery took 4 business days.,Neutral,3
REV-12252,Apparel,Inferior build quality. The reliability feels fragile and useless.,Negative,1
REV-10865,Electronics,Absolutely love this denim jacket! The display clarity is top-notch and exceeded my expectations.,Positive,5
REV-13152,Apparel,"Average item. It functions as expected, neither particularly good nor bad.",Neutral,3
REV-12548,Office Supplies,Received the gaming laptop yesterday. It matches the specifications listed on the page.,Neutral,3
REV-12177,Beauty,Defective out of the box! Returning it right now for a full refund.,Negative,1
REV-12405,Electronics,The running shoes dimensions are as stated in the manual. Fairly average overall.,Neutral,3
REV-10544,Beauty,Incredible product! Totally worth every penny. Super fast shipping and great display clarity.,Positive,4
REV-13474,Home & Kitchen,"Decent product. Meets the baseline requirements, but nothing to write home about.",Neutral,3
REV-12813,Apparel,The skincare serum arrived on Tuesday in standard packaging. Included cable and manual.,Neutral,3
REV-10622,Beauty,Great quality espresso maker. Works flawlessly and the finishing is simply amazing.,Positive,4
REV-10762,Office Supplies,Great quality running shoes. Works flawlessly and the battery life is simply amazing.,Positive,4
REV-10613,Apparel,Impressive performance and stylish design. Very satisfied with the quick delivery and build material.,Positive,5
REV-11071,Office Supplies,Incredible product! Totally worth every penny. Super fast shipping and great user interface.,Positive,5
REV-12604,Apparel,The office chair arrived on Tuesday in standard packaging. Included cable and manual.,Neutral,3
REV-12383,Electronics,Defective out of the box! Returning it right now for a full refund.,Negative,1
REV-10486,Home & Kitchen,Super happy with this item! Works better than advertised and very easy to use.,Positive,5
REV-12087,Beauty,Zero stars if I could. The bluetooth speaker failed on the first day. Extremely annoying.,Negative,1
REV-13585,Office Supplies,"Decent product. Meets the baseline requirements, but nothing to write home about.",Neutral,3
REV-11136,Electronics,"Five stars! Excellent build quality, seamless setup, and brilliant user interface.",Positive,5
REV-10259,Electronics,Incredible product! Totally worth every penny. Super fast shipping and great finishing.,Positive,4
REV-12502,Home & Kitchen,"Average item. It functions as expected, neither particularly good nor bad.",Neutral,3
REV-13480,Apparel,Normal purchase experience. Arrived within the estimated delivery window.,Neutral,3
REV-10651,Beauty,Super happy with this item! Works better than advertised and very easy to use.,Positive,4
REV-13038,Electronics,Received the smartwatch yesterday. It matches the specifications listed on the page.,Neutral,3
REV-12598,Electronics,The denim jacket arrived on Tuesday in standard packaging. Included cable and manual.,Neutral,3
REV-13375,Apparel,Standard quality for this price point. Moderate performance in everyday use.,Neutral,3
REV-12716,Home & Kitchen,The package contains one bluetooth speaker and standard accessories. As described.,Neutral,3
REV-11098,Electronics,Super happy with this item! Works better than advertised and very easy to use.,Positive,5
REV-13039,Electronics,Received the air fryer yesterday. It matches the specifications listed on the page.,Neutral,3
REV-10830,Beauty,Great quality wireless earbuds. Works flawlessly and the sound quality is simply amazing.,Positive,5
REV-12431,Electronics,"Decent product. Meets the baseline requirements, but nothing to write home about.",Neutral,3
REV-13088,Apparel,The air fryer arrived on Tuesday in standard packaging. Included cable and manual.,Neutral,3
REV-10597,Beauty,Outstanding value for the money. The wireless earbuds feels premium and durable.,Positive,5
REV-12269,Electronics,Defective out of the box! Returning it right now for a full refund.,Negative,2
REV-12070,Apparel,Poor quality material and terrible design. Does not match the description at all.,Negative,1
REV-10297,Office Supplies,Fantastic experience. The customer service was helpful and the running shoes is perfect.,Positive,5
REV-11503,Office Supplies,Worst purchase ever. Stopped working after 3 days and customer service refused a refund.,Negative,1
REV-10508,Electronics,Great quality bluetooth speaker. Works flawlessly and the performance is simply amazing.,Positive,5
REV-10008,Beauty,Incredible product! Totally worth every penny. Super fast shipping and great sound quality.,Positive,5
REV-12012,Beauty,Regret buying this. Overpriced junk with terrible customer support.,Negative,2
REV-12761,Electronics,The denim jacket is okay. Does what it says on the box. Nothing extraordinary.,Neutral,3
REV-11661,Office Supplies,Inferior build quality. The packaging feels fragile and useless.,Negative,1
REV-11911,Office Supplies,Poor quality material and terrible design. Does not match the description at all.,Negative,1
REV-11460,Apparel,Waste of money! The wireless earbuds broke immediately. Do not buy this garbage.,Negative,2
REV-12690,Apparel,The bluetooth speaker dimensions are as stated in the manual. Fairly average overall.,Neutral,3
REV-13468,Apparel,Standard quality for this price point. Moderate performance in everyday use.,Neutral,3
REV-12520,Office Supplies,The package contains one skincare serum and standard accessories. As described.,Neutral,3
REV-13504,Apparel,Ordered the black color variant. Delivery took 4 business days.,Neutral,3
REV-12314,Home & Kitchen,Zero stars if I could. The denim jacket failed on the first day. Extremely annoying.,Negative,1
REV-12484,Home & Kitchen,Standard quality for this price point. Moderate performance in everyday use.,Neutral,3
REV-10097,Beauty,Best purchase I have made all year! Highly recommend this wireless earbuds to everyone.,Positive,5
REV-12079,Home & Kitchen,Defective out of the box! Returning it right now for a full refund.,Negative,2
REV-13454,Home & Kitchen,"Average item. It functions as expected, neither particularly good nor bad.",Neutral,3
REV-12156,Electronics,Waste of money! The skincare serum broke immediately. Do not buy this garbage.,Negative,1
REV-12315,Electronics,Worst purchase ever. Stopped working after 3 days and customer service refused a refund.,Negative,1
REV-10026,Beauty,Impressive performance and stylish design. Very satisfied with the quick delivery and build material.,Positive,5
REV-11316,Home & Kitchen,Regret buying this. Overpriced junk with terrible customer support.,Negative,1
REV-12336,Apparel,Extremely disappointed with this running shoes. The finishing is completely defective and cheap.,Negative,2
REV-12441,Office Supplies,The espresso maker is okay. Does what it says on the box. Nothing extraordinary.,Neutral,3
REV-10848,Apparel,Outstanding value for the money. The denim jacket feels premium and durable.,Positive,4
REV-12544,Electronics,The wireless earbuds dimensions are as stated in the manual. Fairly average overall.,Neutral,3
REV-10998,Office Supplies,Impressive performance and stylish design. Very satisfied with the quick delivery and reliability.,Positive,5
REV-13278,Apparel,The gaming laptop is okay. Does what it says on the box. Nothing extraordinary.,Neutral,3
REV-10747,Electronics,Fantastic experience. The customer service was helpful and the wireless earbuds is perfect.,Positive,4
REV-11836,Office Supplies,Worst purchase ever. Stopped working after 3 days and customer service refused a refund.,Negative,2
REV-10068,Electronics,"Five stars! Excellent build quality, seamless setup, and brilliant user interface.",Positive,4
REV-11778,Home & Kitchen,Poor quality material and terrible design. Does not match the description at all.,Negative,1
REV-11019,Electronics,Incredible product! Totally worth every penny. Super fast shipping and great user interface.,Positive,5
REV-12074,Beauty,Regret buying this. Overpriced junk with terrible customer support.,Negative,1
REV-12892,Home & Kitchen,Ordered the black color variant. Delivery took 4 business days.,Neutral,3
REV-13270,Apparel,Received the skincare serum yesterday. It matches the specifications listed on the page.,Neutral,3
REV-10032,Beauty,"Five stars! Excellent build quality, seamless setup, and brilliant packaging.",Positive,5
REV-12004,Apparel,Waste of money! The running shoes broke immediately. Do not buy this garbage.,Negative,1
REV-12606,Apparel,"Decent product. Meets the baseline requirements, but nothing to write home about.",Neutral,3
REV-10611,Electronics,Fantastic experience. The customer service was helpful and the air fryer is perfect.,Positive,5
REV-12043,Beauty,Zero stars if I could. The bluetooth speaker failed on the first day. Extremely annoying.,Negative,1
REV-10571,Office Supplies,Best purchase I have made all year! Highly recommend this office chair to everyone.,Positive,5
REV-13333,Apparel,The skincare serum is okay. Does what it says on the box. Nothing extraordinary.,Neutral,3
REV-10344,Beauty,Fantastic experience. The customer service was helpful and the smartwatch is perfect.,Positive,5
REV-12112,Office Supplies,Regret buying this. Overpriced junk with terrible customer support.,Negative,1
REV-11557,Electronics,Defective out of the box! Returning it right now for a full refund.,Negative,2
REV-10679,Apparel,Incredible product! Totally worth every penny. Super fast shipping and great battery life.,Positive,5
REV-11351,Office Supplies,Inferior build quality. The user interface feels fragile and useless.,Negative,1
REV-12749,Electronics,"Decent product. Meets the baseline requirements, but nothing to write home about.",Neutral,3
REV-12950,Home & Kitchen,Ordered the black color variant. Delivery took 4 business days.,Neutral,3
REV-13522,Office Supplies,Normal purchase experience. Arrived within the estimated delivery window.,Neutral,3
REV-10941,Electronics,I am genuinely blown away by how good this office chair is. Will buy again!,Positive,5
REV-13269,Home & Kitchen,Ordered the black color variant. Delivery took 4 business days.,Neutral,3
REV-12133,Home & Kitchen,Waste of money! The office chair broke immediately. Do not buy this garbage.,Negative,1
REV-11770,Home & Kitchen,"Total scam. Horrible performance, constantly glitching, and very slow.",Negative,1
REV-12323,Office Supplies,Inferior build quality. The user interface feels fragile and useless.,Negative,2
REV-11753,Electronics,Worst purchase ever. Stopped working after 3 days and customer service refused a refund.,Negative,1
REV-10577,Beauty,Impressive performance and stylish design. Very satisfied with the quick delivery and user interface.,Positive,5
REV-12527,Electronics,Normal purchase experience. Arrived within the estimated delivery window.,Neutral,3
REV-13405,Apparel,"Decent product. Meets the baseline requirements, but nothing to write home about.",Neutral,3
REV-12855,Apparel,"Average item. It functions as expected, neither particularly good nor bad.",Neutral,3
REV-12275,Office Supplies,Worst purchase ever. Stopped working after 3 days and customer service refused a refund.,Negative,1
REV-10529,Electronics,Best purchase I have made all year! Highly recommend this gaming laptop to everyone.,Positive,4
REV-10177,Office Supplies,I am genuinely blown away by how good this espresso maker is. Will buy again!,Positive,5
REV-12458,Beauty,Standard quality for this price point. Moderate performance in everyday use.,Neutral,3
REV-10423,Office Supplies,Outstanding value for the money. The espresso maker feels premium and durable.,Positive,5
REV-10681,Office Supplies,I am genuinely blown away by how good this wireless earbuds is. Will buy again!,Positive,5
REV-13475,Apparel,"Decent product. Meets the baseline requirements, but nothing to write home about.",Neutral,3
REV-11654,Home & Kitchen,Waste of money! The smartwatch broke immediately. Do not buy this garbage.,Negative,1
REV-13387,Home & Kitchen,The bluetooth speaker is okay. Does what it says on the box. Nothing extraordinary.,Neutral,3
REV-12776,Office Supplies,The running shoes arrived on Tuesday in standard packaging. Included cable and manual.,Neutral,3
REV-12501,Beauty,Ordered the black color variant. Delivery took 4 business days.,Neutral,3
REV-11042,Beauty,Best purchase I have made all year! Highly recommend this gaming laptop to everyone.,Positive,4
REV-13155,Apparel,Ordered the black color variant. Delivery took 4 business days.,Neutral,3
REV-10289,Apparel,Super happy with this item! Works better than advertised and very easy to use.,Positive,5
REV-13282,Beauty,"Decent product. Meets the baseline requirements, but nothing to write home about.",Neutral,3
REV-12384,Office Supplies,Inferior build quality. The packaging feels fragile and useless.,Negative,1
REV-12010,Home & Kitchen,"Very frustrated with this order. Arrived late, damaged packaging, and awful performance.",Negative,2
REV-12115,Office Supplies,Inferior build quality. The user interface feels fragile and useless.,Negative,1
REV-11129,Beauty,Absolutely love this bluetooth speaker! The display clarity is top-notch and exceeded my expectations.,Positive,4
REV-10178,Apparel,Great quality bluetooth speaker. Works flawlessly and the reliability is simply amazing.,Positive,5
REV-10839,Office Supplies,Super happy with this item! Works better than advertised and very easy to use.,Positive,4
REV-11114,Home & Kitchen,Absolutely love this bluetooth speaker! The display clarity is top-notch and exceeded my expectations.,Positive,5
REV-11838,Apparel,Extremely disappointed with this air fryer. The battery life is completely defective and cheap.,Negative,1
REV-12326,Electronics,Extremely disappointed with this wireless earbuds. The packaging is completely defective and cheap.,Negative,2
REV-10371,Electronics,Impressive performance and stylish design. Very satisfied with the quick delivery and display clarity.,Positive,5
REV-11495,Office Supplies,Zero stars if I could. The gaming laptop failed on the first day. Extremely annoying.,Negative,1
REV-10730,Home & Kitchen,I am genuinely blown away by how good this wireless earbuds is. Will buy again!,Positive,4
REV-10599,Home & Kitchen,Impressive performance and stylish design. Very satisfied with the quick delivery and ergonomics.,Positive,5
REV-12184,Electronics,Defective out of the box! Returning it right now for a full refund.,Negative,1
REV-11488,Home & Kitchen,Worst purchase ever. Stopped working after 3 days and customer service refused a refund.,Negative,2
REV-12273,Home & Kitchen,Worst purchase ever. Stopped working after 3 days and customer service refused a refund.,Negative,1
REV-12185,Home & Kitchen,Worst purchase ever. Stopped working after 3 days and customer service refused a refund.,Negative,2
REV-13293,Apparel,Normal purchase experience. Arrived within the estimated delivery window.,Neutral,3
REV-12830,Office Supplies,Ordered the black color variant. Delivery took 4 business days.,Neutral,3
REV-11621,Beauty,Inferior build quality. The ergonomics feels fragile and useless.,Negative,1
REV-10142,Office Supplies,Best purchase I have made all year! Highly recommend this gaming laptop to everyone.,Positive,4
REV-12967,Beauty,"Decent product. Meets the baseline requirements, but nothing to write home about.",Neutral,3
REV-10666,Apparel,Absolutely love this wireless earbuds! The sound quality is top-notch and exceeded my expectations.,Positive,5
REV-10810,Electronics,Impressive performance and stylish design. Very satisfied with the quick delivery and reliability.,Positive,5
REV-12510,Beauty,The smartwatch arrived on Tuesday in standard packaging. Included cable and manual.,Neutral,3
REV-10655,Beauty,Great quality smartwatch. Works flawlessly and the ergonomics is simply amazing.,Positive,4
REV-10472,Home & Kitchen,Incredible product! Totally worth every penny. Super fast shipping and great user interface.,Positive,4
REV-11599,Electronics,"Total scam. Horrible performance, constantly glitching, and very slow.",Negative,1
REV-11189,Home & Kitchen,Impressive performance and stylish design. Very satisfied with the quick delivery and sound quality.,Positive,5
REV-11139,Apparel,"Five stars! Excellent build quality, seamless setup, and brilliant reliability.",Positive,4
REV-10953,Apparel,I am genuinely blown away by how good this air fryer is. Will buy again!,Positive,5
REV-12669,Beauty,The package contains one espresso maker and standard accessories. As described.,Neutral,3
REV-11211,Electronics,Defective out of the box! Returning it right now for a full refund.,Negative,1
REV-11160,Electronics,Great quality office chair. Works flawlessly and the packaging is simply amazing.,Positive,5
REV-11363,Beauty,Extremely disappointed with this skincare serum. The build material is completely defective and cheap.,Negative,1
REV-10196,Office Supplies,"Five stars! Excellent build quality, seamless setup, and brilliant build material.",Positive,5
REV-10533,Office Supplies,Incredible product! Totally worth every penny. Super fast shipping and great display clarity.,Positive,5
REV-11357,Beauty,Worst purchase ever. Stopped working after 3 days and customer service refused a refund.,Negative,2
REV-13255,Office Supplies,The denim jacket arrived on Tuesday in standard packaging. Included cable and manual.,Neutral,3
REV-11271,Office Supplies,"Total scam. Horrible performance, constantly glitching, and very slow.",Negative,1
REV-10870,Office Supplies,Super happy with this item! Works better than advertised and very easy to use.,Positive,5
REV-13264,Apparel,Ordered the black color variant. Delivery took 4 business days.,Neutral,3
REV-10228,Office Supplies,Super happy with this item! Works better than advertised and very easy to use.,Positive,5
REV-10556,Beauty,Best purchase I have made all year! Highly recommend this wireless earbuds to everyone.,Positive,5
REV-11704,Office Supplies,Inferior build quality. The user interface feels fragile and useless.,Negative,1
REV-12722,Home & Kitchen,Received the smartwatch yesterday. It matches the specifications listed on the page.,Neutral,3
REV-13157,Home & Kitchen,The running shoes arrived on Tuesday in standard packaging. Included cable and manual.,Neutral,3
REV-12688,Electronics,The denim jacket dimensions are as stated in the manual. Fairly average overall.,Neutral,3
REV-11942,Home & Kitchen,"Total scam. Horrible performance, constantly glitching, and very slow.",Negative,1
REV-12402,Apparel,Standard quality for this price point. Moderate performance in everyday use.,Neutral,3
REV-10632,Home & Kitchen,Incredible product! Totally worth every penny. Super fast shipping and great ergonomics.,Positive,4
REV-13593,Home & Kitchen,The running shoes arrived on Tuesday in standard packaging. Included cable and manual.,Neutral,3
REV-11207,Beauty,Zero stars if I could. The espresso maker failed on the first day. Extremely annoying.,Negative,1
REV-10163,Home & Kitchen,"Five stars! Excellent build quality, seamless setup, and brilliant packaging.",Positive,5
REV-10220,Home & Kitchen,Outstanding value for the money. The denim jacket feels premium and durable.,Positive,5
REV-11973,Office Supplies,"Total scam. Horrible performance, constantly glitching, and very slow.",Negative,1
REV-11033,Beauty,Absolutely love this air fryer! The sound quality is top-notch and exceeded my expectations.,Positive,4
REV-12167,Beauty,Inferior build quality. The finishing feels fragile and useless.,Negative,1
REV-12127,Beauty,Inferior build quality. The display clarity feels fragile and useless.,Negative,1
REV-11504,Office Supplies,Extremely disappointed with this denim jacket. The reliability is completely defective and cheap.,Negative,1
REV-10548,Apparel,"Five stars! Excellent build quality, seamless setup, and brilliant reliability.",Positive,5
REV-12743,Office Supplies,Standard quality for this price point. Moderate performance in everyday use.,Neutral,3
REV-12987,Apparel,The package contains one running shoes and standard accessories. As described.,Neutral,3
REV-11833,Electronics,"Total scam. Horrible performance, constantly glitching, and very slow.",Negative,1
REV-10569,Electronics,Outstanding value for the money. The air fryer feels premium and durable.,Positive,5
REV-10872,Beauty,Incredible product! Totally worth every penny. Super fast shipping and great user interface.,Positive,5
REV-12543,Electronics,Normal purchase experience. Arrived within the estimated delivery window.,Neutral,3
REV-11090,Home & Kitchen,Impressive performance and stylish design. Very satisfied with the quick delivery and finishing.,Positive,5
REV-12482,Office Supplies,The wireless earbuds is okay. Does what it says on the box. Nothing extraordinary.,Neutral,3
REV-10612,Electronics,Great quality bluetooth speaker. Works flawlessly and the ergonomics is simply amazing.,Positive,5
REV-12440,Beauty,Ordered the black color variant. Delivery took 4 business days.,Neutral,3
REV-11908,Electronics,Regret buying this. Overpriced junk with terrible customer support.,Negative,2
REV-13299,Office Supplies,The denim jacket is okay. Does what it says on the box. Nothing extraordinary.,Neutral,3
REV-13565,Office Supplies,"Average item. It functions as expected, neither particularly good nor bad.",Neutral,3
REV-10743,Beauty,Best purchase I have made all year! Highly recommend this wireless earbuds to everyone.,Positive,5
REV-13231,Office Supplies,Normal purchase experience. Arrived within the estimated delivery window.,Neutral,3
REV-13415,Electronics,"Decent product. Meets the baseline requirements, but nothing to write home about.",Neutral,3
REV-11827,Apparel,Extremely disappointed with this bluetooth speaker. The sound quality is completely defective and cheap.,Negative,2
REV-10582,Apparel,I am genuinely blown away by how good this gaming laptop is. Will buy again!,Positive,4
REV-13258,Electronics,Normal purchase experience. Arrived within the estimated delivery window.,Neutral,3
REV-11886,Apparel,"Total scam. Horrible performance, constantly glitching, and very slow.",Negative,1
REV-11004,Apparel,Incredible product! Totally worth every penny. Super fast shipping and great reliability.,Positive,5
REV-10074,Beauty,Outstanding value for the money. The office chair feels premium and durable.,Positive,5
REV-10049,Beauty,Fantastic experience. The customer service was helpful and the espresso maker is perfect.,Positive,5
REV-11887,Apparel,Zero stars if I could. The gaming laptop failed on the first day. Extremely annoying.,Negative,1
REV-11095,Apparel,I am genuinely blown away by how good this office chair is. Will buy again!,Positive,5
REV-11502,Office Supplies,Worst purchase ever. Stopped working after 3 days and customer service refused a refund.,Negative,1
REV-13208,Home & Kitchen,The bluetooth speaker is okay. Does what it says on the box. Nothing extraordinary.,Neutral,3
REV-13042,Apparel,The espresso maker dimensions are as stated in the manual. Fairly average overall.,Neutral,3
REV-10757,Apparel,Outstanding value for the money. The smartwatch feels premium and durable.,Positive,5
REV-11075,Office Supplies,Great quality bluetooth speaker. Works flawlessly and the build material is simply amazing.,Positive,5
REV-12474,Office Supplies,Standard quality for this price point. Moderate performance in everyday use.,Neutral,3
REV-10979,Apparel,Super happy with this item! Works better than advertised and very easy to use.,Positive,5
REV-13515,Beauty,"Decent product. Meets the baseline requirements, but nothing to write home about.",Neutral,3
REV-12542,Office Supplies,Normal purchase experience. Arrived within the estimated delivery window.,Neutral,3
REV-11456,Beauty,Zero stars if I could. The air fryer failed on the first day. Extremely annoying.,Negative,1
REV-12762,Home & Kitchen,Standard quality for this price point. Moderate performance in everyday use.,Neutral,3
REV-11408,Electronics,"Total scam. Horrible performance, constantly glitching, and very slow.",Negative,1
REV-12355,Apparel,Defective out of the box! Returning it right now for a full refund.,Negative,1
REV-10573,Apparel,Incredible product! Totally worth every penny. Super fast shipping and great reliability.,Positive,5
REV-11964,Home & Kitchen,Inferior build quality. The ergonomics feels fragile and useless.,Negative,2
REV-13549,Home & Kitchen,Standard quality for this price point. Moderate performance in everyday use.,Neutral,3
REV-12866,Home & Kitchen,The wireless earbuds dimensions are as stated in the manual. Fairly average overall.,Neutral,3
REV-12507,Apparel,Ordered the black color variant. Delivery took 4 business days.,Neutral,3
REV-12197,Electronics,"Total scam. Horrible performance, constantly glitching, and very slow.",Negative,2
REV-12290,Apparel,Zero stars if I could. The air fryer failed on the first day. Extremely annoying.,Negative,2
REV-11205,Home & Kitchen,Inferior build quality. The sound quality feels fragile and useless.,Negative,1
REV-13116,Home & Kitchen,The running shoes is okay. Does what it says on the box. Nothing extraordinary.,Neutral,3
REV-11407,Electronics,Defective out of the box! Returning it right now for a full refund.,Negative,1
REV-12132,Electronics,Extremely disappointed with this skincare serum. The ergonomics is completely defective and cheap.,Negative,1
REV-12759,Home & Kitchen,The air fryer is okay. Does what it says on the box. Nothing extraordinary.,Neutral,3
REV-12207,Beauty,Poor quality material and terrible design. Does not match the description at all.,Negative,1
REV-13534,Office Supplies,"Average item. It functions as expected, neither particularly good nor bad.",Neutral,3
REV-13319,Apparel,"Decent product. Meets the baseline requirements, but nothing to write home about.",Neutral,3
REV-10260,Beauty,Incredible product! Totally worth every penny. Super fast shipping and great display clarity.,Positive,5
REV-11601,Home & Kitchen,Regret buying this. Overpriced junk with terrible customer support.,Negative,1
REV-11832,Home & Kitchen,Waste of money! The smartwatch broke immediately. Do not buy this garbage.,Negative,1
REV-13245,Apparel,The air fryer is okay. Does what it says on the box. Nothing extraordinary.,Neutral,3
REV-10813,Office Supplies,Fantastic experience. The customer service was helpful and the bluetooth speaker is perfect.,Positive,5
REV-12592,Home & Kitchen,"Average item. It functions as expected, neither particularly good nor bad.",Neutral,3
REV-12118,Home & Kitchen,Inferior build quality. The user interface feels fragile and useless.,Negative,2
REV-11547,Electronics,"Total scam. Horrible performance, constantly glitching, and very slow.",Negative,1
REV-11624,Beauty,Worst purchase ever. Stopped working after 3 days and customer service refused a refund.,Negative,1
REV-13428,Apparel,Normal purchase experience. Arrived within the estimated delivery window.,Neutral,3
REV-11974,Beauty,Poor quality material and terrible design. Does not match the description at all.,Negative,2
REV-12802,Office Supplies,Received the running shoes yesterday. It matches the specifications listed on the page.,Neutral,3
REV-13266,Home & Kitchen,Ordered the black color variant. Delivery took 4 business days.,Neutral,3
REV-12620,Home & Kitchen,Standard quality for this price point. Moderate performance in everyday use.,Neutral,3
REV-11379,Electronics,Regret buying this. Overpriced junk with terrible customer support.,Negative,1
REV-13453,Home & Kitchen,Ordered the black color variant. Delivery took 4 business days.,Neutral,3
REV-13134,Home & Kitchen,The package contains one wireless earbuds and standard accessories. As described.,Neutral,3
REV-11238,Beauty,"Very frustrated with this order. Arrived late, damaged packaging, and awful display clarity.",Negative,2
REV-13433,Office Supplies,"Average item. It functions as expected, neither particularly good nor bad.",Neutral,3
REV-11072,Office Supplies,Super happy with this item! Works better than advertised and very easy to use.,Positive,4
REV-12847,Office Supplies,Ordered the black color variant. Delivery took 4 business days.,Neutral,3
REV-11746,Electronics,Zero stars if I could. The denim jacket failed on the first day. Extremely annoying.,Negative,1
REV-12141,Apparel,Extremely disappointed with this air fryer. The packaging is completely defective and cheap.,Negative,1
REV-13499,Office Supplies,"Average item. It functions as expected, neither particularly good nor bad.",Neutral,3
REV-11919,Apparel,Defective out of the box! Returning it right now for a full refund.,Negative,1
REV-11862,Home & Kitchen,Regret buying this. Overpriced junk with terrible customer support.,Negative,1
REV-11726,Apparel,"Very frustrated with this order. Arrived late, damaged packaging, and awful ergonomics.",Negative,1
REV-13554,Beauty,"Decent product. Meets the baseline requirements, but nothing to write home about.",Neutral,3
REV-12958,Apparel,The denim jacket arrived on Tuesday in standard packaging. Included cable and manual.,Neutral,3
REV-10109,Office Supplies,Best purchase I have made all year! Highly recommend this office chair to everyone.,Positive,4
REV-11085,Beauty,Incredible product! Totally worth every penny. Super fast shipping and great user interface.,Positive,5
REV-11651,Home & Kitchen,Inferior build quality. The packaging feels fragile and useless.,Negative,1
REV-11378,Beauty,"Very frustrated with this order. Arrived late, damaged packaging, and awful display clarity.",Negative,1
REV-10319,Apparel,Outstanding value for the money. The bluetooth speaker feels premium and durable.,Positive,5
REV-10817,Apparel,Best purchase I have made all year! Highly recommend this denim jacket to everyone.,Positive,4
REV-10060,Home & Kitchen,Great quality running shoes. Works flawlessly and the user interface is simply amazing.,Positive,5
REV-10894,Beauty,Great quality office chair. Works flawlessly and the sound quality is simply amazing.,Positive,5
REV-11420,Office Supplies,Poor quality material and terrible design. Does not match the description at all.,Negative,2
REV-11371,Beauty,Waste of money! The air fryer broke immediately. Do not buy this garbage.,Negative,1
REV-11296,Home & Kitchen,"Total scam. Horrible performance, constantly glitching, and very slow.",Negative,1
REV-13507,Electronics,Standard quality for this price point. Moderate performance in everyday use.,Neutral,3
REV-11967,Office Supplies,"Very frustrated with this order. Arrived late, damaged packaging, and awful user interface.",Negative,1
REV-10766,Electronics,Fantastic experience. The customer service was helpful and the skincare serum is perfect.,Positive,5
REV-12485,Beauty,The wireless earbuds dimensions are as stated in the manual. Fairly average overall.,Neutral,3
REV-11980,Beauty,Regret buying this. Overpriced junk with terrible customer support.,Negative,1
REV-10913,Home & Kitchen,Fantastic experience. The customer service was helpful and the wireless earbuds is perfect.,Positive,4
REV-11221,Home & Kitchen,Zero stars if I could. The bluetooth speaker failed on the first day. Extremely annoying.,Negative,1
REV-13090,Home & Kitchen,The wireless earbuds arrived on Tuesday in standard packaging. Included cable and manual.,Neutral,3
REV-10728,Home & Kitchen,Fantastic experience. The customer service was helpful and the espresso maker is perfect.,Positive,5
REV-11642,Home & Kitchen,Inferior build quality. The user interface feels fragile and useless.,Negative,1
REV-12554,Office Supplies,The skincare serum arrived on Tuesday in standard packaging. Included cable and manual.,Neutral,3
REV-10221,Beauty,Best purchase I have made all year! Highly recommend this espresso maker to everyone.,Positive,4
REV-12671,Office Supplies,The package contains one bluetooth speaker and standard accessories. As described.,Neutral,3
REV-10583,Home & Kitchen,Outstanding value for the money. The skincare serum feels premium and durable.,Positive,4
REV-11056,Home & Kitchen,Great quality smartwatch. Works flawlessly and the sound quality is simply amazing.,Positive,5
REV-11193,Apparel,"Five stars! Excellent build quality, seamless setup, and brilliant display clarity.",Positive,5
REV-10908,Home & Kitchen,I am genuinely blown away by how good this running shoes is. Will buy again!,Positive,5
REV-10057,Apparel,Absolutely love this wireless earbuds! The finishing is top-notch and exceeded my expectations.,Positive,5
REV-10188,Apparel,I am genuinely blown away by how good this air fryer is. Will buy again!,Positive,5
REV-12125,Electronics,Zero stars if I could. The office chair failed on the first day. Extremely annoying.,Negative,1
REV-12081,Electronics,Defective out of the box! Returning it right now for a full refund.,Negative,1
REV-12426,Beauty,The package contains one air fryer and standard accessories. As described.,Neutral,3
REV-13345,Office Supplies,The package contains one espresso maker and standard accessories. As described.,Neutral,3
REV-11806,Electronics,Poor quality material and terrible design. Does not match the description at all.,Negative,1
REV-11256,Home & Kitchen,"Total scam. Horrible performance, constantly glitching, and very slow.",Negative,1
REV-10469,Beauty,Impressive performance and stylish design. Very satisfied with the quick delivery and packaging.,Positive,5
REV-11150,Beauty,Super happy with this item! Works better than advertised and very easy to use.,Positive,5
REV-13309,Apparel,The running shoes is okay. Does what it says on the box. Nothing extraordinary.,Neutral,3
REV-12242,Office Supplies,Extremely disappointed with this air fryer. The display clarity is completely defective and cheap.,Negative,1
REV-10227,Electronics,Great quality wireless earbuds. Works flawlessly and the finishing is simply amazing.,Positive,5
REV-10536,Beauty,Incredible product! Totally worth every penny. Super fast shipping and great display clarity.,Positive,5
REV-10906,Apparel,Absolutely love this bluetooth speaker! The build material is top-notch and exceeded my expectations.,Positive,5
REV-10922,Apparel,Super happy with this item! Works better than advertised and very easy to use.,Positive,5
REV-12601,Beauty,The package contains one air fryer and standard accessories. As described.,Neutral,3
REV-13300,Electronics,Standard quality for this price point. Moderate performance in everyday use.,Neutral,3
REV-13408,Office Supplies,Ordered the black color variant. Delivery took 4 business days.,Neutral,3
REV-13350,Apparel,The wireless earbuds dimensions are as stated in the manual. Fairly average overall.,Neutral,3
REV-10698,Beauty,Best purchase I have made all year! Highly recommend this gaming laptop to everyone.,Positive,5
REV-12936,Home & Kitchen,The air fryer arrived on Tuesday in standard packaging. Included cable and manual.,Neutral,3
REV-10211,Electronics,Super happy with this item! Works better than advertised and very easy to use.,Positive,4
REV-12877,Apparel,"Average item. It functions as expected, neither particularly good nor bad.",Neutral,3
REV-10070,Office Supplies,Outstanding value for the money. The office chair feels premium and durable.,Positive,4
REV-10735,Apparel,Super happy with this item! Works better than advertised and very easy to use.,Positive,5
REV-11695,Home & Kitchen,Waste of money! The wireless earbuds broke immediately. Do not buy this garbage.,Negative,1
REV-11293,Beauty,Worst purchase ever. Stopped working after 3 days and customer service refused a refund.,Negative,1
REV-13265,Electronics,The denim jacket dimensions are as stated in the manual. Fairly average overall.,Neutral,3
REV-13148,Beauty,The running shoes arrived on Tuesday in standard packaging. Included cable and manual.,Neutral,3
REV-10377,Home & Kitchen,I am genuinely blown away by how good this wireless earbuds is. Will buy again!,Positive,4
REV-10437,Electronics,Absolutely love this bluetooth speaker! The reliability is top-notch and exceeded my expectations.,Positive,5
REV-12415,Electronics,Normal purchase experience. Arrived within the estimated delivery window.,Neutral,3
REV-11905,Office Supplies,Waste of money! The office chair broke immediately. Do not buy this garbage.,Negative,1
REV-13348,Beauty,Ordered the black color variant. Delivery took 4 business days.,Neutral,3
REV-10209,Home & Kitchen,Super happy with this item! Works better than advertised and very easy to use.,Positive,5
REV-11581,Electronics,Poor quality material and terrible design. Does not match the description at all.,Negative,1
REV-10566,Apparel,Best purchase I have made all year! Highly recommend this espresso maker to everyone.,Positive,5
REV-10314,Home & Kitchen,Super happy with this item! Works better than advertised and very easy to use.,Positive,5
REV-10602,Office Supplies,Great quality gaming laptop. Works flawlessly and the display clarity is simply amazing.,Positive,5
REV-10234,Home & Kitchen,Fantastic experience. The customer service was helpful and the gaming laptop is perfect.,Positive,5
REV-13117,Electronics,The package contains one wireless earbuds and standard accessories. As described.,Neutral,3
REV-13267,Home & Kitchen,Ordered the black color variant. Delivery took 4 business days.,Neutral,3
REV-12911,Electronics,"Decent product. Meets the baseline requirements, but nothing to write home about.",Neutral,3
REV-11115,Beauty,Great quality denim jacket. Works flawlessly and the sound quality is simply amazing.,Positive,4
REV-10013,Home & Kitchen,Great quality skincare serum. Works flawlessly and the sound quality is simply amazing.,Positive,5
REV-10112,Electronics,Incredible product! Totally worth every penny. Super fast shipping and great packaging.,Positive,4
REV-12250,Beauty,"Total scam. Horrible performance, constantly glitching, and very slow.",Negative,1
REV-11653,Apparel,Poor quality material and terrible design. Does not match the description at all.,Negative,1
REV-12487,Beauty,"Decent product. Meets the baseline requirements, but nothing to write home about.",Neutral,3
REV-11994,Office Supplies,Zero stars if I could. The office chair failed on the first day. Extremely annoying.,Negative,2
REV-11660,Beauty,"Total scam. Horrible performance, constantly glitching, and very slow.",Negative,2
REV-11018,Electronics,Super happy with this item! Works better than advertised and very easy to use.,Positive,5
REV-13027,Home & Kitchen,The package contains one espresso maker and standard accessories. As described.,Neutral,3
REV-11152,Electronics,Absolutely love this air fryer! The performance is top-notch and exceeded my expectations.,Positive,5
REV-12853,Electronics,Standard quality for this price point. Moderate performance in everyday use.,Neutral,3
REV-10473,Electronics,Absolutely love this denim jacket! The performance is top-notch and exceeded my expectations.,Positive,5
REV-10491,Electronics,I am genuinely blown away by how good this running shoes is. Will buy again!,Positive,5
REV-12663,Beauty,Received the gaming laptop yesterday. It matches the specifications listed on the page.,Neutral,3
REV-12246,Office Supplies,Worst purchase ever. Stopped working after 3 days and customer service refused a refund.,Negative,2
REV-10832,Office Supplies,Best purchase I have made all year! Highly recommend this bluetooth speaker to everyone.,Positive,4
REV-12806,Beauty,The package contains one skincare serum and standard accessories. As described.,Neutral,3
REV-12534,Office Supplies,The gaming laptop arrived on Tuesday in standard packaging. Included cable and manual.,Neutral,3
REV-13261,Office Supplies,Standard quality for this price point. Moderate performance in everyday use.,Neutral,3
REV-12469,Office Supplies,Ordered the black color variant. Delivery took 4 business days.,Neutral,3
REV-13312,Home & Kitchen,Standard quality for this price point. Moderate performance in everyday use.,Neutral,3
REV-13362,Electronics,Ordered the black color variant. Delivery took 4 business days.,Neutral,3
REV-12995,Beauty,"Average item. It functions as expected, neither particularly good nor bad.",Neutral,3
REV-12654,Electronics,Received the denim jacket yesterday. It matches the specifications listed on the page.,Neutral,3
REV-13239,Beauty,The bluetooth speaker dimensions are as stated in the manual. Fairly average overall.,Neutral,3
REV-11393,Home & Kitchen,"Total scam. Horrible performance, constantly glitching, and very slow.",Negative,1
REV-10656,Office Supplies,I am genuinely blown away by how good this bluetooth speaker is. Will buy again!,Positive,5
REV-13206,Home & Kitchen,Normal purchase experience. Arrived within the estimated delivery window.,Neutral,3
REV-10362,Beauty,Outstanding value for the money. The smartwatch feels premium and durable.,Positive,5
REV-10136,Electronics,Great quality espresso maker. Works flawlessly and the packaging is simply amazing.,Positive,5
REV-11780,Beauty,Poor quality material and terrible design. Does not match the description at all.,Negative,1
REV-12603,Electronics,Ordered the black color variant. Delivery took 4 business days.,Neutral,3
REV-12011,Office Supplies,Defective out of the box! Returning it right now for a full refund.,Negative,1
REV-12710,Beauty,The denim jacket dimensions are as stated in the manual. Fairly average overall.,Neutral,3
REV-10367,Home & Kitchen,Outstanding value for the money. The espresso maker feels premium and durable.,Positive,5
REV-12228,Office Supplies,Waste of money! The wireless earbuds broke immediately. Do not buy this garbage.,Negative,1
REV-12131,Electronics,Inferior build quality. The packaging feels fragile and useless.,Negative,1
REV-10030,Apparel,Impressive performance and stylish design. Very satisfied with the quick delivery and build material.,Positive,5
REV-12993,Electronics,The bluetooth speaker is okay. Does what it says on the box. Nothing extraordinary.,Neutral,3
REV-10023,Home & Kitchen,Super happy with this item! Works better than advertised and very easy to use.,Positive,5
REV-13578,Office Supplies,The package contains one gaming laptop and standard accessories. As described.,Neutral,3
REV-11284,Apparel,Worst purchase ever. Stopped working after 3 days and customer service refused a refund.,Negative,1
REV-13032,Apparel,The air fryer dimensions are as stated in the manual. Fairly average overall.,Neutral,3
REV-11289,Beauty,Regret buying this. Overpriced junk with terrible customer support.,Negative,1
REV-10696,Office Supplies,Incredible product! Totally worth every penny. Super fast shipping and great performance.,Positive,5
REV-11335,Apparel,Regret buying this. Overpriced junk with terrible customer support.,Negative,1
REV-10701,Beauty,Best purchase I have made all year! Highly recommend this running shoes to everyone.,Positive,5
REV-10421,Office Supplies,Outstanding value for the money. The skincare serum feels premium and durable.,Positive,5
REV-10683,Office Supplies,Absolutely love this skincare serum! The user interface is top-notch and exceeded my expectations.,Positive,5
REV-12790,Home & Kitchen,Received the espresso maker yesterday. It matches the specifications listed on the page.,Neutral,3
REV-10461,Office Supplies,Best purchase I have made all year! Highly recommend this skincare serum to everyone.,Positive,4
REV-10044,Home & Kitchen,Incredible product! Totally worth every penny. Super fast shipping and great sound quality.,Positive,5
REV-10088,Apparel,Great quality gaming laptop. Works flawlessly and the sound quality is simply amazing.,Positive,5
REV-11457,Office Supplies,Defective out of the box! Returning it right now for a full refund.,Negative,1
REV-13064,Office Supplies,Received the gaming laptop yesterday. It matches the specifications listed on the page.,Neutral,3
REV-11847,Apparel,Defective out of the box! Returning it right now for a full refund.,Negative,1
REV-10562,Electronics,Fantastic experience. The customer service was helpful and the espresso maker is perfect.,Positive,5
REV-10283,Apparel,Great quality bluetooth speaker. Works flawlessly and the build material is simply amazing.,Positive,5
REV-11079,Apparel,Super happy with this item! Works better than advertised and very easy to use.,Positive,5
REV-11422,Beauty,Zero stars if I could. The gaming laptop failed on the first day. Extremely annoying.,Negative,2
REV-13476,Home & Kitchen,Ordered the black color variant. Delivery took 4 business days.,Neutral,3
REV-13416,Home & Kitchen,Standard quality for this price point. Moderate performance in everyday use.,Neutral,3
REV-11399,Home & Kitchen,Worst purchase ever. Stopped working after 3 days and customer service refused a refund.,Negative,1
REV-10466,Apparel,Best purchase I have made all year! Highly recommend this gaming laptop to everyone.,Positive,4
REV-11048,Beauty,Fantastic experience. The customer service was helpful and the wireless earbuds is perfect.,Positive,4
REV-12541,Electronics,The espresso maker arrived on Tuesday in standard packaging. Included cable and manual.,Neutral,3
REV-10860,Electronics,"Five stars! Excellent build quality, seamless setup, and brilliant ergonomics.",Positive,5
REV-10534,Electronics,Fantastic experience. The customer service was helpful and the wireless earbuds is perfect.,Positive,5
REV-11652,Beauty,Poor quality material and terrible design. Does not match the description at all.,Negative,1
REV-12934,Electronics,Received the bluetooth speaker yesterday. It matches the specifications listed on the page.,Neutral,3
REV-12067,Beauty,"Very frustrated with this order. Arrived late, damaged packaging, and awful user interface.",Negative,1
REV-13272,Office Supplies,The wireless earbuds is okay. Does what it says on the box. Nothing extraordinary.,Neutral,3
REV-12819,Home & Kitchen,"Decent product. Meets the baseline requirements, but nothing to write home about.",Neutral,3
REV-13274,Apparel,The gaming laptop arrived on Tuesday in standard packaging. Included cable and manual.,Neutral,3
REV-12628,Office Supplies,Received the denim jacket yesterday. It matches the specifications listed on the page.,Neutral,3
REV-12539,Home & Kitchen,The gaming laptop is okay. Does what it says on the box. Nothing extraordinary.,Neutral,3
REV-12551,Electronics,Normal purchase experience. Arrived within the estimated delivery window.,Neutral,3
REV-13546,Home & Kitchen,The office chair arrived on Tuesday in standard packaging. Included cable and manual.,Neutral,3
REV-12093,Home & Kitchen,"Total scam. Horrible performance, constantly glitching, and very slow.",Negative,1
REV-13013,Apparel,"Decent product. Meets the baseline requirements, but nothing to write home about.",Neutral,3
REV-11345,Office Supplies,Extremely disappointed with this air fryer. The ergonomics is completely defective and cheap.,Negative,1
REV-10904,Office Supplies,Outstanding value for the money. The skincare serum feels premium and durable.,Positive,4
REV-10638,Home & Kitchen,Great quality air fryer. Works flawlessly and the display clarity is simply amazing.,Positive,4
REV-13131,Beauty,The running shoes arrived on Tuesday in standard packaging. Included cable and manual.,Neutral,3
REV-13078,Apparel,Normal purchase experience. Arrived within the estimated delivery window.,Neutral,3
REV-13401,Apparel,Normal purchase experience. Arrived within the estimated delivery window.,Neutral,3
REV-13170,Beauty,Standard quality for this price point. Moderate performance in everyday use.,Neutral,3
REV-10943,Office Supplies,Outstanding value for the money. The air fryer feels premium and durable.,Positive,5
REV-13459,Office Supplies,Normal purchase experience. Arrived within the estimated delivery window.,Neutral,3
REV-11135,Home & Kitchen,Super happy with this item! Works better than advertised and very easy to use.,Positive,5
REV-11949,Electronics,Poor quality material and terrible design. Does not match the description at all.,Negative,1
REV-12901,Office Supplies,The skincare serum is okay. Does what it says on the box. Nothing extraordinary.,Neutral,3
REV-10888,Beauty,Fantastic experience. The customer service was helpful and the bluetooth speaker is perfect.,Positive,4
REV-13414,Electronics,The skincare serum is okay. Does what it says on the box. Nothing extraordinary.,Neutral,3
REV-10686,Apparel,Incredible product! Totally worth every penny. Super fast shipping and great finishing.,Positive,5
REV-12014,Office Supplies,Zero stars if I could. The running shoes failed on the first day. Extremely annoying.,Negative,1
REV-10790,Home & Kitchen,Best purchase I have made all year! Highly recommend this air fryer to everyone.,Positive,5
REV-11898,Beauty,Zero stars if I could. The wireless earbuds failed on the first day. Extremely annoying.,Negative,2
REV-11165,Office Supplies,Great quality espresso maker. Works flawlessly and the sound quality is simply amazing.,Positive,5
REV-11201,Electronics,Extremely disappointed with this gaming laptop. The build material is completely defective and cheap.,Negative,1
REV-12772,Beauty,The running shoes is okay. Does what it says on the box. Nothing extraordinary.,Neutral,3
REV-13463,Office Supplies,Received the air fryer yesterday. It matches the specifications listed on the page.,Neutral,3
REV-11819,Electronics,Zero stars if I could. The gaming laptop failed on the first day. Extremely annoying.,Negative,1
REV-10273,Apparel,Great quality bluetooth speaker. Works flawlessly and the performance is simply amazing.,Positive,5
REV-11468,Home & Kitchen,Poor quality material and terrible design. Does not match the description at all.,Negative,1
REV-10522,Beauty,Great quality gaming laptop. Works flawlessly and the reliability is simply amazing.,Positive,5
REV-10523,Beauty,"Five stars! Excellent build quality, seamless setup, and brilliant display clarity.",Positive,5
REV-11845,Apparel,Poor quality material and terrible design. Does not match the description at all.,Negative,1
REV-10351,Home & Kitchen,Outstanding value for the money. The air fryer feels premium and durable.,Positive,5
REV-11323,Office Supplies,Regret buying this. Overpriced junk with terrible customer support.,Negative,2
REV-13391,Office Supplies,"Average item. It functions as expected, neither particularly good nor bad.",Neutral,3
REV-12808,Home & Kitchen,The air fryer arrived on Tuesday in standard packaging. Included cable and manual.,Neutral,3
REV-11262,Home & Kitchen,Worst purchase ever. Stopped working after 3 days and customer service refused a refund.,Negative,1
REV-10652,Beauty,Outstanding value for the money. The espresso maker feels premium and durable.,Positive,5
REV-12214,Beauty,Waste of money! The bluetooth speaker broke immediately. Do not buy this garbage.,Negative,2
REV-13102,Electronics,Standard quality for this price point. Moderate performance in everyday use.,Neutral,3
REV-13334,Home & Kitchen,Received the denim jacket yesterday. It matches the specifications listed on the page.,Neutral,3
REV-11877,Home & Kitchen,Worst purchase ever. Stopped working after 3 days and customer service refused a refund.,Negative,1
REV-11603,Home & Kitchen,"Very frustrated with this order. Arrived late, damaged packaging, and awful user interface.",Negative,1
REV-12044,Office Supplies,Waste of money! The office chair broke immediately. Do not buy this garbage.,Negative,1
REV-11585,Electronics,Extremely disappointed with this denim jacket. The sound quality is completely defective and cheap.,Negative,1
REV-10169,Beauty,Outstanding value for the money. The office chair feels premium and durable.,Positive,4
REV-13339,Electronics,"Decent product. Meets the baseline requirements, but nothing to write home about.",Neutral,3
REV-10963,Apparel,Impressive performance and stylish design. Very satisfied with the quick delivery and user interface.,Positive,5
REV-10946,Beauty,I am genuinely blown away by how good this denim jacket is. Will buy again!,Positive,5
REV-10463,Beauty,Impressive performance and stylish design. Very satisfied with the quick delivery and ergonomics.,Positive,5
REV-13444,Electronics,"Average item. It functions as expected, neither particularly good nor bad.",Neutral,3
REV-10329,Office Supplies,Super happy with this item! Works better than advertised and very easy to use.,Positive,5
REV-11508,Beauty,Worst purchase ever. Stopped working after 3 days and customer service refused a refund.,Negative,1
REV-12025,Electronics,Poor quality material and terrible design. Does not match the description at all.,Negative,1
REV-10368,Office Supplies,Great quality smartwatch. Works flawlessly and the battery life is simply amazing.,Positive,5
REV-13110,Home & Kitchen,The package contains one wireless earbuds and standard accessories. As described.,Neutral,3
REV-13407,Home & Kitchen,Standard quality for this price point. Moderate performance in everyday use.,Neutral,3
REV-12985,Beauty,The skincare serum dimensions are as stated in the manual. Fairly average overall.,Neutral,3
REV-11426,Electronics,Poor quality material and terrible design. Does not match the description at all.,Negative,1
REV-10773,Office Supplies,Incredible product! Totally worth every penny. Super fast shipping and great ergonomics.,Positive,5
REV-12293,Electronics,Poor quality material and terrible design. Does not match the description at all.,Negative,1
REV-13222,Office Supplies,"Average item. It functions as expected, neither particularly good nor bad.",Neutral,3
REV-12836,Electronics,"Average item. It functions as expected, neither particularly good nor bad.",Neutral,3
REV-10499,Home & Kitchen,Impressive performance and stylish design. Very satisfied with the quick delivery and reliability.,Positive,5
REV-11235,Office Supplies,Extremely disappointed with this office chair. The reliability is completely defective and cheap.,Negative,1
REV-10436,Home & Kitchen,I am genuinely blown away by how good this air fryer is. Will buy again!,Positive,4
REV-10366,Office Supplies,"Five stars! Excellent build quality, seamless setup, and brilliant sound quality.",Positive,5
REV-13412,Electronics,The running shoes dimensions are as stated in the manual. Fairly average overall.,Neutral,3
REV-10277,Apparel,Absolutely love this denim jacket! The reliability is top-notch and exceeded my expectations.,Positive,5
REV-13050,Office Supplies,The smartwatch dimensions are as stated in the manual. Fairly average overall.,Neutral,3
REV-11992,Electronics,Waste of money! The office chair broke immediately. Do not buy this garbage.,Negative,1
REV-13419,Electronics,"Average item. It functions as expected, neither particularly good nor bad.",Neutral,3
REV-10408,Electronics,Best purchase I have made all year! Highly recommend this running shoes to everyone.,Positive,5
REV-11538,Apparel,"Total scam. Horrible performance, constantly glitching, and very slow.",Negative,1
REV-11092,Office Supplies,Super happy with this item! Works better than advertised and very easy to use.,Positive,5
REV-10845,Beauty,Fantastic experience. The customer service was helpful and the bluetooth speaker is perfect.,Positive,5
REV-11566,Beauty,Regret buying this. Overpriced junk with terrible customer support.,Negative,1
REV-12597,Electronics,Normal purchase experience. Arrived within the estimated delivery window.,Neutral,3
REV-11757,Beauty,Regret buying this. Overpriced junk with terrible customer support.,Negative,2
REV-11259,Electronics,Regret buying this. Overpriced junk with terrible customer support.,Negative,1
REV-11675,Office Supplies,Inferior build quality. The performance feels fragile and useless.,Negative,2
REV-11424,Apparel,Inferior build quality. The battery life feels fragile and useless.,Negative,1
REV-11340,Office Supplies,"Very frustrated with this order. Arrived late, damaged packaging, and awful finishing.",Negative,1
REV-12020,Home & Kitchen,Extremely disappointed with this bluetooth speaker. The battery life is completely defective and cheap.,Negative,1
REV-12733,Apparel,The wireless earbuds dimensions are as stated in the manual. Fairly average overall.,Neutral,3
REV-11963,Electronics,Defective out of the box! Returning it right now for a full refund.,Negative,1
REV-10945,Apparel,Absolutely love this gaming laptop! The sound quality is top-notch and exceeded my expectations.,Positive,4
REV-10200,Electronics,Absolutely love this gaming laptop! The performance is top-notch and exceeded my expectations.,Positive,5
REV-13388,Beauty,"Average item. It functions as expected, neither particularly good nor bad.",Neutral,3
REV-11321,Office Supplies,Waste of money! The running shoes broke immediately. Do not buy this garbage.,Negative,1
REV-10802,Home & Kitchen,Outstanding value for the money. The air fryer feels premium and durable.,Positive,5
REV-12169,Electronics,Zero stars if I could. The bluetooth speaker failed on the first day. Extremely annoying.,Negative,1
REV-13036,Beauty,The air fryer dimensions are as stated in the manual. Fairly average overall.,Neutral,3
REV-12917,Office Supplies,The smartwatch arrived on Tuesday in standard packaging. Included cable and manual.,Neutral,3
REV-10232,Beauty,Absolutely love this gaming laptop! The finishing is top-notch and exceeded my expectations.,Positive,5
REV-11553,Home & Kitchen,Poor quality material and terrible design. Does not match the description at all.,Negative,1
REV-13161,Beauty,The smartwatch is okay. Does what it says on the box. Nothing extraordinary.,Neutral,3
REV-11968,Home & Kitchen,Regret buying this. Overpriced junk with terrible customer support.,Negative,1
REV-12006,Apparel,Poor quality material and terrible design. Does not match the description at all.,Negative,1
REV-11564,Office Supplies,Inferior build quality. The performance feels fragile and useless.,Negative,1
REV-11331,Office Supplies,Regret buying this. Overpriced junk with terrible customer support.,Negative,2
REV-13435,Office Supplies,"Decent product. Meets the baseline requirements, but nothing to write home about.",Neutral,3
REV-12026,Electronics,Waste of money! The bluetooth speaker broke immediately. Do not buy this garbage.,Negative,2
REV-11993,Beauty,"Very frustrated with this order. Arrived late, damaged packaging, and awful finishing.",Negative,1
REV-10105,Office Supplies,I am genuinely blown away by how good this smartwatch is. Will buy again!,Positive,4
REV-12674,Beauty,"Average item. It functions as expected, neither particularly good nor bad.",Neutral,3
REV-11950,Apparel,"Total scam. Horrible performance, constantly glitching, and very slow.",Negative,1
REV-11179,Apparel,Absolutely love this bluetooth speaker! The build material is top-notch and exceeded my expectations.,Positive,5
REV-11458,Apparel,Defective out of the box! Returning it right now for a full refund.,Negative,1
REV-11781,Electronics,Defective out of the box! Returning it right now for a full refund.,Negative,1
REV-12660,Office Supplies,Received the denim jacket yesterday. It matches the specifications listed on the page.,Neutral,3
REV-11243,Beauty,"Total scam. Horrible performance, constantly glitching, and very slow.",Negative,2
REV-12753,Electronics,Standard quality for this price point. Moderate performance in everyday use.,Neutral,3
REV-12171,Home & Kitchen,"Total scam. Horrible performance, constantly glitching, and very slow.",Negative,1
REV-12675,Apparel,Ordered the black color variant. Delivery took 4 business days.,Neutral,3
REV-11515,Electronics,Inferior build quality. The user interface feels fragile and useless.,Negative,2
REV-12182,Home & Kitchen,Inferior build quality. The sound quality feels fragile and useless.,Negative,2
REV-13421,Beauty,Normal purchase experience. Arrived within the estimated delivery window.,Neutral,3
REV-13511,Beauty,"Decent product. Meets the baseline requirements, but nothing to write home about.",Neutral,3
REV-12479,Electronics,The smartwatch dimensions are as stated in the manual. Fairly average overall.,Neutral,3
REV-11346,Beauty,"Total scam. Horrible performance, constantly glitching, and very slow.",Negative,1
REV-13028,Home & Kitchen,"Decent product. Meets the baseline requirements, but nothing to write home about.",Neutral,3
REV-10995,Apparel,Super happy with this item! Works better than advertised and very easy to use.,Positive,5
REV-10465,Home & Kitchen,Impressive performance and stylish design. Very satisfied with the quick delivery and reliability.,Positive,5
REV-12829,Beauty,Ordered the black color variant. Delivery took 4 business days.,Neutral,3
REV-12408,Home & Kitchen,Normal purchase experience. Arrived within the estimated delivery window.,Neutral,3
REV-12896,Home & Kitchen,"Decent product. Meets the baseline requirements, but nothing to write home about.",Neutral,3
REV-11850,Beauty,Poor quality material and terrible design. Does not match the description at all.,Negative,2
REV-12289,Home & Kitchen,Waste of money! The skincare serum broke immediately. Do not buy this garbage.,Negative,2
REV-12689,Beauty,Standard quality for this price point. Moderate performance in everyday use.,Neutral,3
REV-10213,Beauty,Best purchase I have made all year! Highly recommend this gaming laptop to everyone.,Positive,4
REV-11037,Beauty,Fantastic experience. The customer service was helpful and the denim jacket is perfect.,Positive,5
REV-13483,Beauty,The espresso maker dimensions are as stated in the manual. Fairly average overall.,Neutral,3
REV-10901,Office Supplies,Super happy with this item! Works better than advertised and very easy to use.,Positive,5
REV-11362,Electronics,Zero stars if I could. The wireless earbuds failed on the first day. Extremely annoying.,Negative,1
REV-11507,Office Supplies,Regret buying this. Overpriced junk with terrible customer support.,Negative,2
REV-10742,Electronics,Absolutely love this wireless earbuds! The display clarity is top-notch and exceeded my expectations.,Positive,5
REV-13164,Home & Kitchen,The office chair is okay. Does what it says on the box. Nothing extraordinary.,Neutral,3
REV-12793,Beauty,"Average item. It functions as expected, neither particularly good nor bad.",Neutral,3
REV-11861,Home & Kitchen,"Very frustrated with this order. Arrived late, damaged packaging, and awful build material.",Negative,1
REV-10510,Apparel,Outstanding value for the money. The espresso maker feels premium and durable.,Positive,5
REV-10598,Apparel,I am genuinely blown away by how good this denim jacket is. Will buy again!,Positive,5
REV-13213,Office Supplies,Standard quality for this price point. Moderate performance in everyday use.,Neutral,3
REV-10982,Home & Kitchen,Outstanding value for the money. The smartwatch feels premium and durable.,Positive,5
REV-12409,Beauty,The wireless earbuds arrived on Tuesday in standard packaging. Included cable and manual.,Neutral,3
REV-13168,Office Supplies,The package contains one air fryer and standard accessories. As described.,Neutral,3
REV-10519,Home & Kitchen,Outstanding value for the money. The gaming laptop feels premium and durable.,Positive,5
REV-12650,Home & Kitchen,Standard quality for this price point. Moderate performance in everyday use.,Neutral,3
REV-10768,Home & Kitchen,Super happy with this item! Works better than advertised and very easy to use.,Positive,5
REV-12916,Apparel,"Average item. It functions as expected, neither particularly good nor bad.",Neutral,3
REV-10422,Electronics,Great quality air fryer. Works flawlessly and the display clarity is simply amazing.,Positive,4
REV-10124,Home & Kitchen,Great quality wireless earbuds. Works flawlessly and the finishing is simply amazing.,Positive,5
REV-12259,Beauty,Worst purchase ever. Stopped working after 3 days and customer service refused a refund.,Negative,1
REV-12579,Home & Kitchen,"Decent product. Meets the baseline requirements, but nothing to write home about.",Neutral,3
REV-10820,Beauty,I am genuinely blown away by how good this gaming laptop is. Will buy again!,Positive,5
REV-10101,Home & Kitchen,Incredible product! Totally worth every penny. Super fast shipping and great finishing.,Positive,5
REV-13165,Office Supplies,Standard quality for this price point. Moderate performance in everyday use.,Neutral,3
REV-13325,Home & Kitchen,"Average item. It functions as expected, neither particularly good nor bad.",Neutral,3
REV-12747,Electronics,The smartwatch is okay. Does what it says on the box. Nothing extraordinary.,Neutral,3
REV-13145,Home & Kitchen,Normal purchase experience. Arrived within the estimated delivery window.,Neutral,3
REV-11104,Apparel,Super happy with this item! Works better than advertised and very easy to use.,Positive,5
REV-11352,Home & Kitchen,Zero stars if I could. The office chair failed on the first day. Extremely annoying.,Negative,1
REV-12659,Apparel,The air fryer is okay. Does what it says on the box. Nothing extraordinary.,Neutral,3
REV-12881,Electronics,The denim jacket is okay. Does what it says on the box. Nothing extraordinary.,Neutral,3
REV-11279,Office Supplies,Waste of money! The gaming laptop broke immediately. Do not buy this garbage.,Negative,2
REV-11962,Electronics,Zero stars if I could. The denim jacket failed on the first day. Extremely annoying.,Negative,2
REV-12953,Office Supplies,Ordered the black color variant. Delivery took 4 business days.,Neutral,3
REV-10983,Beauty,"Five stars! Excellent build quality, seamless setup, and brilliant performance.",Positive,5
REV-10457,Home & Kitchen,Incredible product! Totally worth every penny. Super fast shipping and great display clarity.,Positive,5
REV-12703,Office Supplies,Normal purchase experience. Arrived within the estimated delivery window.,Neutral,3
REV-13562,Home & Kitchen,The air fryer arrived on Tuesday in standard packaging. Included cable and manual.,Neutral,3
REV-10382,Electronics,"Five stars! Excellent build quality, seamless setup, and brilliant packaging.",Positive,4
REV-13355,Apparel,The package contains one office chair and standard accessories. As described.,Neutral,3
REV-12928,Electronics,Ordered the black color variant. Delivery took 4 business days.,Neutral,3
REV-13547,Beauty,Standard quality for this price point. Moderate performance in everyday use.,Neutral,3
REV-11011,Beauty,"Five stars! Excellent build quality, seamless setup, and brilliant packaging.",Positive,5
REV-13067,Electronics,The denim jacket dimensions are as stated in the manual. Fairly average overall.,Neutral,3
REV-12015,Beauty,Defective out of the box! Returning it right now for a full refund.,Negative,1
REV-10663,Apparel,Absolutely love this smartwatch! The performance is top-notch and exceeded my expectations.,Positive,5
REV-12346,Beauty,Defective out of the box! Returning it right now for a full refund.,Negative,1
REV-13538,Apparel,Ordered the black color variant. Delivery took 4 business days.,Neutral,3
REV-13260,Apparel,"Decent product. Meets the baseline requirements, but nothing to write home about.",Neutral,3
REV-12754,Home & Kitchen,Ordered the black color variant. Delivery took 4 business days.,Neutral,3
REV-12047,Office Supplies,Zero stars if I could. The espresso maker failed on the first day. Extremely annoying.,Negative,2
REV-12821,Electronics,The air fryer dimensions are as stated in the manual. Fairly average overall.,Neutral,3
REV-12742,Home & Kitchen,"Decent product. Meets the baseline requirements, but nothing to write home about.",Neutral,3
REV-11928,Beauty,"Total scam. Horrible performance, constantly glitching, and very slow.",Negative,1
REV-10846,Office Supplies,Absolutely love this espresso maker! The display clarity is top-notch and exceeded my expectations.,Positive,4
REV-10543,Apparel,"Five stars! Excellent build quality, seamless setup, and brilliant finishing.",Positive,5
REV-11823,Office Supplies,Extremely disappointed with this air fryer. The packaging is completely defective and cheap.,Negative,2
REV-13186,Electronics,The gaming laptop is okay. Does what it says on the box. Nothing extraordinary.,Neutral,3
REV-12577,Electronics,Ordered the black color variant. Delivery took 4 business days.,Neutral,3
REV-11197,Home & Kitchen,Best purchase I have made all year! Highly recommend this denim jacket to everyone.,Positive,4
REV-11103,Office Supplies,Fantastic experience. The customer service was helpful and the smartwatch is perfect.,Positive,5
REV-12420,Beauty,The package contains one espresso maker and standard accessories. As described.,Neutral,3
REV-13370,Office Supplies,Received the bluetooth speaker yesterday. It matches the specifications listed on the page.,Neutral,3
REV-11801,Apparel,Defective out of the box! Returning it right now for a full refund.,Negative,2
REV-11499,Beauty,Waste of money! The gaming laptop broke immediately. Do not buy this garbage.,Negative,1
REV-12243,Beauty,Inferior build quality. The packaging feels fragile and useless.,Negative,2
REV-11453,Office Supplies,Poor quality material and terrible design. Does not match the description at all.,Negative,2
REV-11049,Electronics,Fantastic experience. The customer service was helpful and the bluetooth speaker is perfect.,Positive,5
REV-13146,Beauty,Standard quality for this price point. Moderate performance in everyday use.,Neutral,3
REV-12179,Home & Kitchen,Extremely disappointed with this skincare serum. The ergonomics is completely defective and cheap.,Negative,2
REV-11881,Beauty,Defective out of the box! Returning it right now for a full refund.,Negative,1
REV-12516,Electronics,Ordered the black color variant. Delivery took 4 business days.,Neutral,3
REV-10238,Electronics,Incredible product! Totally worth every penny. Super fast shipping and great reliability.,Positive,5
REV-12098,Office Supplies,"Total scam. Horrible performance, constantly glitching, and very slow.",Negative,1
REV-12464,Apparel,The package contains one wireless earbuds and standard accessories. As described.,Neutral,3
REV-11134,Home & Kitchen,Best purchase I have made all year! Highly recommend this skincare serum to everyone.,Positive,4
REV-12351,Home & Kitchen,Regret buying this. Overpriced junk with terrible customer support.,Negative,1
REV-12465,Beauty,Standard quality for this price point. Moderate performance in everyday use.,Neutral,3
REV-10164,Office Supplies,Fantastic experience. The customer service was helpful and the skincare serum is perfect.,Positive,5
REV-11514,Office Supplies,Zero stars if I could. The gaming laptop failed on the first day. Extremely annoying.,Negative,1
REV-10253,Apparel,I am genuinely blown away by how good this smartwatch is. Will buy again!,Positive,5
REV-12175,Beauty,Poor quality material and terrible design. Does not match the description at all.,Negative,1
REV-12500,Office Supplies,Received the gaming laptop yesterday. It matches the specifications listed on the page.,Neutral,3
REV-11594,Beauty,Regret buying this. Overpriced junk with terrible customer support.,Negative,1
REV-10931,Office Supplies,Fantastic experience. The customer service was helpful and the skincare serum is perfect.,Positive,5
REV-11658,Apparel,"Very frustrated with this order. Arrived late, damaged packaging, and awful display clarity.",Negative,1
REV-11784,Apparel,Defective out of the box! Returning it right now for a full refund.,Negative,1
REV-13092,Beauty,The running shoes dimensions are as stated in the manual. Fairly average overall.,Neutral,3
REV-11451,Office Supplies,Extremely disappointed with this wireless earbuds. The packaging is completely defective and cheap.,Negative,2
REV-12991,Office Supplies,Ordered the black color variant. Delivery took 4 business days.,Neutral,3
REV-11972,Home & Kitchen,Worst purchase ever. Stopped working after 3 days and customer service refused a refund.,Negative,1
REV-13443,Electronics,Received the running shoes yesterday. It matches the specifications listed on the page.,Neutral,3
REV-11091,Home & Kitchen,Incredible product! Totally worth every penny. Super fast shipping and great ergonomics.,Positive,5
REV-12873,Beauty,The gaming laptop dimensions are as stated in the manual. Fairly average overall.,Neutral,3
REV-11588,Home & Kitchen,Defective out of the box! Returning it right now for a full refund.,Negative,1
REV-11182,Home & Kitchen,Absolutely love this wireless earbuds! The packaging is top-notch and exceeded my expectations.,Positive,4
REV-10594,Beauty,Outstanding value for the money. The wireless earbuds feels premium and durable.,Positive,5
REV-10678,Apparel,Fantastic experience. The customer service was helpful and the office chair is perfect.,Positive,5
REV-10042,Electronics,Super happy with this item! Works better than advertised and very easy to use.,Positive,5
REV-12284,Office Supplies,"Total scam. Horrible performance, constantly glitching, and very slow.",Negative,1
REV-13380,Electronics,The espresso maker arrived on Tuesday in standard packaging. Included cable and manual.,Neutral,3
REV-12467,Home & Kitchen,The gaming laptop dimensions are as stated in the manual. Fairly average overall.,Neutral,3
REV-10244,Home & Kitchen,I am genuinely blown away by how good this running shoes is. Will buy again!,Positive,5
REV-11125,Electronics,Best purchase I have made all year! Highly recommend this running shoes to everyone.,Positive,5
REV-11314,Electronics,Zero stars if I could. The skincare serum failed on the first day. Extremely annoying.,Negative,2
REV-11500,Apparel,Extremely disappointed with this skincare serum. The build material is completely defective and cheap.,Negative,1
REV-12672,Home & Kitchen,The package contains one bluetooth speaker and standard accessories. As described.,Neutral,3
REV-10262,Beauty,Great quality running shoes. Works flawlessly and the ergonomics is simply amazing.,Positive,4
REV-12609,Home & Kitchen,Ordered the black color variant. Delivery took 4 business days.,Neutral,3
REV-12000,Office Supplies,"Total scam. Horrible performance, constantly glitching, and very slow.",Negative,1
REV-12404,Home & Kitchen,The package contains one gaming laptop and standard accessories. As described.,Neutral,3
REV-10835,Electronics,Fantastic experience. The customer service was helpful and the bluetooth speaker is perfect.,Positive,5
REV-13448,Office Supplies,The skincare serum is okay. Does what it says on the box. Nothing extraordinary.,Neutral,3
REV-11361,Beauty,Defective out of the box! Returning it right now for a full refund.,Negative,1
REV-12717,Electronics,"Decent product. Meets the baseline requirements, but nothing to write home about.",Neutral,3
REV-11310,Beauty,Waste of money! The smartwatch broke immediately. Do not buy this garbage.,Negative,1
REV-10341,Apparel,Outstanding value for the money. The wireless earbuds feels premium and durable.,Positive,4
REV-11534,Apparel,Worst purchase ever. Stopped working after 3 days and customer service refused a refund.,Negative,1
REV-10749,Office Supplies,Impressive performance and stylish design. Very satisfied with the quick delivery and packaging.,Positive,4
REV-13087,Beauty,The package contains one office chair and standard accessories. As described.,Neutral,3
REV-10481,Beauty,Fantastic experience. The customer service was helpful and the skincare serum is perfect.,Positive,5
REV-11698,Electronics,Inferior build quality. The battery life feels fragile and useless.,Negative,1
REV-11955,Home & Kitchen,Extremely disappointed with this espresso maker. The sound quality is completely defective and cheap.,Negative,1
REV-11663,Apparel,Defective out of the box! Returning it right now for a full refund.,Negative,1
REV-10784,Home & Kitchen,Absolutely love this gaming laptop! The ergonomics is top-notch and exceeded my expectations.,Positive,5
REV-13084,Apparel,Received the bluetooth speaker yesterday. It matches the specifications listed on the page.,Neutral,3
REV-13560,Electronics,"Average item. It functions as expected, neither particularly good nor bad.",Neutral,3
REV-12360,Beauty,Zero stars if I could. The smartwatch failed on the first day. Extremely annoying.,Negative,1
REV-13544,Home & Kitchen,Standard quality for this price point. Moderate performance in everyday use.,Neutral,3
REV-12382,Apparel,Poor quality material and terrible design. Does not match the description at all.,Negative,1
REV-12251,Office Supplies,Inferior build quality. The sound quality feels fragile and useless.,Negative,1
REV-11412,Office Supplies,Zero stars if I could. The skincare serum failed on the first day. Extremely annoying.,Negative,1
REV-11676,Beauty,Extremely disappointed with this denim jacket. The build material is completely defective and cheap.,Negative,1
REV-12373,Apparel,Worst purchase ever. Stopped working after 3 days and customer service refused a refund.,Negative,1
REV-12549,Home & Kitchen,Standard quality for this price point. Moderate performance in everyday use.,Neutral,3
REV-11462,Electronics,Waste of money! The denim jacket broke immediately. Do not buy this garbage.,Negative,1
REV-11272,Electronics,"Total scam. Horrible performance, constantly glitching, and very slow.",Negative,2
REV-12234,Office Supplies,Regret buying this. Overpriced junk with terrible customer support.,Negative,2
REV-11128,Electronics,Absolutely love this smartwatch! The ergonomics is top-notch and exceeded my expectations.,Positive,4
REV-10627,Office Supplies,Great quality bluetooth speaker. Works flawlessly and the packaging is simply amazing.,Positive,5
REV-10348,Home & Kitchen,Super happy with this item! Works better than advertised and very easy to use.,Positive,4
REV-12298,Office Supplies,Regret buying this. Overpriced junk with terrible customer support.,Negative,1
REV-11767,Office Supplies,Zero stars if I could. The denim jacket failed on the first day. Extremely annoying.,Negative,1
REV-10980,Electronics,Fantastic experience. The customer service was helpful and the denim jacket is perfect.,Positive,5
REV-13097,Apparel,Standard quality for this price point. Moderate performance in everyday use.,Neutral,3
REV-11593,Electronics,Waste of money! The skincare serum broke immediately. Do not buy this garbage.,Negative,2
REV-10912,Apparel,Absolutely love this denim jacket! The performance is top-notch and exceeded my expectations.,Positive,5
REV-12253,Apparel,Defective out of the box! Returning it right now for a full refund.,Negative,1
REV-10633,Electronics,Outstanding value for the money. The air fryer feels premium and durable.,Positive,5
REV-11432,Home & Kitchen,"Very frustrated with this order. Arrived late, damaged packaging, and awful battery life.",Negative,1
REV-10446,Beauty,Super happy with this item! Works better than advertised and very easy to use.,Positive,5
REV-10618,Electronics,Super happy with this item! Works better than advertised and very easy to use.,Positive,5
REV-13058,Beauty,Ordered the black color variant. Delivery took 4 business days.,Neutral,3
REV-11554,Beauty,Regret buying this. Overpriced junk with terrible customer support.,Negative,1
REV-11868,Beauty,"Very frustrated with this order. Arrived late, damaged packaging, and awful sound quality.",Negative,2
REV-11643,Beauty,Inferior build quality. The user interface feels fragile and useless.,Negative,1
REV-13056,Home & Kitchen,Standard quality for this price point. Moderate performance in everyday use.,Neutral,3
REV-11367,Beauty,Worst purchase ever. Stopped working after 3 days and customer service refused a refund.,Negative,1
REV-11785,Electronics,Inferior build quality. The build material feels fragile and useless.,Negative,2
REV-11812,Beauty,Zero stars if I could. The bluetooth speaker failed on the first day. Extremely annoying.,Negative,1
REV-10354,Beauty,Impressive performance and stylish design. Very satisfied with the quick delivery and performance.,Positive,5
REV-11233,Electronics,Waste of money! The air fryer broke immediately. Do not buy this garbage.,Negative,1
REV-10614,Home & Kitchen,Great quality gaming laptop. Works flawlessly and the performance is simply amazing.,Positive,4
REV-12728,Apparel,The package contains one running shoes and standard accessories. As described.,Neutral,3
REV-12319,Home & Kitchen,Zero stars if I could. The bluetooth speaker failed on the first day. Extremely annoying.,Negative,1
REV-12113,Office Supplies,Waste of money! The smartwatch broke immediately. Do not buy this garbage.,Negative,2
REV-11941,Apparel,"Very frustrated with this order. Arrived late, damaged packaging, and awful user interface.",Negative,1
REV-12280,Home & Kitchen,Extremely disappointed with this denim jacket. The performance is completely defective and cheap.,Negative,1
REV-13382,Office Supplies,Ordered the black color variant. Delivery took 4 business days.,Neutral,3
REV-10058,Office Supplies,Outstanding value for the money. The bluetooth speaker feels premium and durable.,Positive,5
REV-13392,Electronics,"Average item. It functions as expected, neither particularly good nor bad.",Neutral,3
REV-13178,Office Supplies,The package contains one bluetooth speaker and standard accessories. As described.,Neutral,3
REV-12635,Home & Kitchen,The wireless earbuds is okay. Does what it says on the box. Nothing extraordinary.,Neutral,3
REV-11254,Beauty,Regret buying this. Overpriced junk with terrible customer support.,Negative,1
REV-13002,Home & Kitchen,"Average item. It functions as expected, neither particularly good nor bad.",Neutral,3
REV-12261,Beauty,Waste of money! The air fryer broke immediately. Do not buy this garbage.,Negative,1
REV-12104,Beauty,Poor quality material and terrible design. Does not match the description at all.,Negative,1
REV-11923,Home & Kitchen,"Very frustrated with this order. Arrived late, damaged packaging, and awful sound quality.",Negative,1
REV-11559,Home & Kitchen,Inferior build quality. The build material feels fragile and useless.,Negative,2
REV-12321,Apparel,Regret buying this. Overpriced junk with terrible customer support.,Negative,1
REV-11498,Apparel,Waste of money! The running shoes broke immediately. Do not buy this garbage.,Negative,1
REV-10561,Office Supplies,Absolutely love this espresso maker! The sound quality is top-notch and exceeded my expectations.,Positive,4
REV-10708,Office Supplies,Super happy with this item! Works better than advertised and very easy to use.,Positive,5
REV-12973,Apparel,"Average item. It functions as expected, neither particularly good nor bad.",Neutral,3
REV-10425,Office Supplies,Best purchase I have made all year! Highly recommend this running shoes to everyone.,Positive,5
REV-11094,Office Supplies,Impressive performance and stylish design. Very satisfied with the quick delivery and battery life.,Positive,5
REV-10648,Beauty,Absolutely love this bluetooth speaker! The user interface is top-notch and exceeded my expectations.,Positive,4
REV-10073,Home & Kitchen,Best purchase I have made all year! Highly recommend this skincare serum to everyone.,Positive,4
REV-13301,Office Supplies,Standard quality for this price point. Moderate performance in everyday use.,Neutral,3
REV-11546,Electronics,Regret buying this. Overpriced junk with terrible customer support.,Negative,1
REV-11413,Home & Kitchen,"Total scam. Horrible performance, constantly glitching, and very slow.",Negative,1
REV-11006,Beauty,"Five stars! Excellent build quality, seamless setup, and brilliant build material.",Positive,5
REV-10621,Beauty,Fantastic experience. The customer service was helpful and the denim jacket is perfect.,Positive,5
REV-11988,Apparel,"Total scam. Horrible performance, constantly glitching, and very slow.",Negative,2
REV-12038,Electronics,Regret buying this. Overpriced junk with terrible customer support.,Negative,1
REV-10554,Office Supplies,Absolutely love this running shoes! The battery life is top-notch and exceeded my expectations.,Positive,5
REV-11518,Electronics,Regret buying this. Overpriced junk with terrible customer support.,Negative,1
REV-11552,Office Supplies,Poor quality material and terrible design. Does not match the description at all.,Negative,1
REV-13194,Apparel,The running shoes dimensions are as stated in the manual. Fairly average overall.,Neutral,3
REV-12589,Home & Kitchen,The espresso maker is okay. Does what it says on the box. Nothing extraordinary.,Neutral,3
REV-12304,Electronics,Inferior build quality. The performance feels fragile and useless.,Negative,1
REV-10999,Office Supplies,Absolutely love this gaming laptop! The build material is top-notch and exceeded my expectations.,Positive,5
REV-11776,Home & Kitchen,Zero stars if I could. The air fryer failed on the first day. Extremely annoying.,Negative,1
REV-11884,Home & Kitchen,Zero stars if I could. The gaming laptop failed on the first day. Extremely annoying.,Negative,2
REV-12029,Office Supplies,Defective out of the box! Returning it right now for a full refund.,Negative,1
REV-13292,Home & Kitchen,Normal purchase experience. Arrived within the estimated delivery window.,Neutral,3
REV-11851,Office Supplies,Inferior build quality. The sound quality feels fragile and useless.,Negative,2
REV-13580,Apparel,Normal purchase experience. Arrived within the estimated delivery window.,Neutral,3
REV-12092,Beauty,Inferior build quality. The sound quality feels fragile and useless.,Negative,1
REV-12481,Beauty,"Decent product. Meets the baseline requirements, but nothing to write home about.",Neutral,3
REV-10441,Office Supplies,Fantastic experience. The customer service was helpful and the smartwatch is perfect.,Positive,5
REV-10509,Beauty,Super happy with this item! Works better than advertised and very easy to use.,Positive,5
REV-11101,Electronics,Impressive performance and stylish design. Very satisfied with the quick delivery and user interface.,Positive,5
REV-10590,Beauty,Impressive performance and stylish design. Very satisfied with the quick delivery and battery life.,Positive,5
REV-11610,Beauty,Inferior build quality. The sound quality feels fragile and useless.,Negative,1
REV-10650,Electronics,Super happy with this item! Works better than advertised and very easy to use.,Positive,5
REV-13279,Electronics,Normal purchase experience. Arrived within the estimated delivery window.,Neutral,3
REV-12094,Office Supplies,"Total scam. Horrible performance, constantly glitching, and very slow.",Negative,2
REV-13470,Electronics,Received the denim jacket yesterday. It matches the specifications listed on the page.,Neutral,3
REV-13277,Office Supplies,"Decent product. Meets the baseline requirements, but nothing to write home about.",Neutral,3
REV-11738,Apparel,Defective out of the box! Returning it right now for a full refund.,Negative,1
REV-10661,Electronics,Incredible product! Totally worth every penny. Super fast shipping and great user interface.,Positive,5
REV-10631,Home & Kitchen,Absolutely love this skincare serum! The ergonomics is top-notch and exceeded my expectations.,Positive,5
REV-11821,Electronics,Extremely disappointed with this smartwatch. The packaging is completely defective and cheap.,Negative,1
REV-11250,Home & Kitchen,Poor quality material and terrible design. Does not match the description at all.,Negative,1
REV-11423,Beauty,Defective out of the box! Returning it right now for a full refund.,Negative,1
REV-10483,Apparel,"Five stars! Excellent build quality, seamless setup, and brilliant display clarity.",Positive,4
REV-11622,Home & Kitchen,Inferior build quality. The ergonomics feels fragile and useless.,Negative,2
REV-13070,Electronics,The air fryer is okay. Does what it says on the box. Nothing extraordinary.,Neutral,3
REV-11589,Office Supplies,Waste of money! The espresso maker broke immediately. Do not buy this garbage.,Negative,1
REV-12506,Beauty,The smartwatch is okay. Does what it says on the box. Nothing extraordinary.,Neutral,3
REV-12975,Beauty,The gaming laptop is okay. Does what it says on the box. Nothing extraordinary.,Neutral,3
REV-12343,Apparel,Defective out of the box! Returning it right now for a full refund.,Negative,2
REV-10857,Beauty,Incredible product! Totally worth every penny. Super fast shipping and great performance.,Positive,5
REV-11226,Home & Kitchen,Worst purchase ever. Stopped working after 3 days and customer service refused a refund.,Negative,1
REV-11191,Home & Kitchen,Best purchase I have made all year! Highly recommend this office chair to everyone.,Positive,5
REV-13551,Office Supplies,The package contains one wireless earbuds and standard accessories. As described.,Neutral,3
REV-10531,Apparel,Best purchase I have made all year! Highly recommend this gaming laptop to everyone.,Positive,5
REV-12407,Beauty,"Decent product. Meets the baseline requirements, but nothing to write home about.",Neutral,3
REV-10050,Office Supplies,Incredible product! Totally worth every penny. Super fast shipping and great packaging.,Positive,5
REV-13071,Home & Kitchen,The package contains one office chair and standard accessories. As described.,Neutral,3
REV-10859,Home & Kitchen,Best purchase I have made all year! Highly recommend this gaming laptop to everyone.,Positive,5
REV-11476,Apparel,Inferior build quality. The user interface feels fragile and useless.,Negative,2
REV-11073,Home & Kitchen,Incredible product! Totally worth every penny. Super fast shipping and great packaging.,Positive,4
REV-10720,Apparel,Fantastic experience. The customer service was helpful and the office chair is perfect.,Positive,5
REV-11804,Beauty,"Total scam. Horrible performance, constantly glitching, and very slow.",Negative,2
REV-12349,Apparel,"Very frustrated with this order. Arrived late, damaged packaging, and awful packaging.",Negative,1
REV-12699,Home & Kitchen,Received the running shoes yesterday. It matches the specifications listed on the page.,Neutral,3
REV-12898,Office Supplies,Normal purchase experience. Arrived within the estimated delivery window.,Neutral,3
REV-13553,Office Supplies,"Decent product. Meets the baseline requirements, but nothing to write home about.",Neutral,3
REV-13525,Electronics,The smartwatch dimensions are as stated in the manual. Fairly average overall.,Neutral,3
REV-11870,Office Supplies,Worst purchase ever. Stopped working after 3 days and customer service refused a refund.,Negative,1
REV-12677,Apparel,Received the espresso maker yesterday. It matches the specifications listed on the page.,Neutral,3
REV-11533,Office Supplies,Zero stars if I could. The office chair failed on the first day. Extremely annoying.,Negative,1
REV-11865,Apparel,Waste of money! The skincare serum broke immediately. Do not buy this garbage.,Negative,1
REV-13241,Office Supplies,Received the office chair yesterday. It matches the specifications listed on the page.,Neutral,3
REV-12475,Electronics,Received the office chair yesterday. It matches the specifications listed on the page.,Neutral,3
REV-11799,Beauty,Defective out of the box! Returning it right now for a full refund.,Negative,1
REV-11445,Beauty,Defective out of the box! Returning it right now for a full refund.,Negative,1
REV-12045,Apparel,Defective out of the box! Returning it right now for a full refund.,Negative,1
REV-12571,Home & Kitchen,Ordered the black color variant. Delivery took 4 business days.,Neutral,3
REV-11386,Office Supplies,Defective out of the box! Returning it right now for a full refund.,Negative,1
REV-11400,Beauty,Waste of money! The bluetooth speaker broke immediately. Do not buy this garbage.,Negative,2
REV-11196,Office Supplies,Best purchase I have made all year! Highly recommend this skincare serum to everyone.,Positive,5
REV-13389,Beauty,"Decent product. Meets the baseline requirements, but nothing to write home about.",Neutral,3
REV-12477,Home & Kitchen,"Decent product. Meets the baseline requirements, but nothing to write home about.",Neutral,3
REV-13150,Beauty,Ordered the black color variant. Delivery took 4 business days.,Neutral,3
REV-12468,Apparel,The running shoes is okay. Does what it says on the box. Nothing extraordinary.,Neutral,3
REV-10298,Apparel,Great quality espresso maker. Works flawlessly and the ergonomics is simply amazing.,Positive,5
REV-11728,Electronics,Zero stars if I could. The denim jacket failed on the first day. Extremely annoying.,Negative,1
REV-11265,Electronics,Regret buying this. Overpriced junk with terrible customer support.,Negative,1
REV-13308,Electronics,Standard quality for this price point. Moderate performance in everyday use.,Neutral,3
REV-10959,Beauty,"Five stars! Excellent build quality, seamless setup, and brilliant packaging.",Positive,5
REV-11721,Electronics,Worst purchase ever. Stopped working after 3 days and customer service refused a refund.,Negative,1
REV-11755,Office Supplies,Defective out of the box! Returning it right now for a full refund.,Negative,1
REV-11879,Home & Kitchen,Zero stars if I could. The gaming laptop failed on the first day. Extremely annoying.,Negative,1
REV-12721,Beauty,The air fryer arrived on Tuesday in standard packaging. Included cable and manual.,Neutral,3
REV-11375,Office Supplies,Poor quality material and terrible design. Does not match the description at all.,Negative,1
REV-11287,Office Supplies,Extremely disappointed with this air fryer. The battery life is completely defective and cheap.,Negative,1
REV-10350,Electronics,Fantastic experience. The customer service was helpful and the running shoes is perfect.,Positive,5
REV-11369,Electronics,"Total scam. Horrible performance, constantly glitching, and very slow.",Negative,1
REV-12168,Office Supplies,"Very frustrated with this order. Arrived late, damaged packaging, and awful sound quality.",Negative,1
REV-10644,Electronics,Impressive performance and stylish design. Very satisfied with the quick delivery and build material.,Positive,5
REV-13029,Home & Kitchen,The office chair arrived on Tuesday in standard packaging. Included cable and manual.,Neutral,3
REV-11672,Electronics,Inferior build quality. The performance feels fragile and useless.,Negative,1
REV-10670,Electronics,Impressive performance and stylish design. Very satisfied with the quick delivery and sound quality.,Positive,5
REV-12216,Beauty,"Total scam. Horrible performance, constantly glitching, and very slow.",Negative,1
REV-13284,Apparel,The running shoes dimensions are as stated in the manual. Fairly average overall.,Neutral,3
REV-13478,Office Supplies,Ordered the black color variant. Delivery took 4 business days.,Neutral,3
REV-11180,Beauty,I am genuinely blown away by how good this gaming laptop is. Will buy again!,Positive,5
REV-12247,Home & Kitchen,"Very frustrated with this order. Arrived late, damaged packaging, and awful display clarity.",Negative,1
REV-12994,Electronics,The skincare serum is okay. Does what it says on the box. Nothing extraordinary.,Neutral,3
REV-12922,Electronics,The air fryer is okay. Does what it says on the box. Nothing extraordinary.,Neutral,3
REV-12017,Beauty,Inferior build quality. The reliability feels fragile and useless.,Negative,1
REV-12517,Home & Kitchen,Standard quality for this price point. Moderate performance in everyday use.,Neutral,3
REV-11358,Electronics,Waste of money! The wireless earbuds broke immediately. Do not buy this garbage.,Negative,1
REV-10787,Electronics,"Five stars! Excellent build quality, seamless setup, and brilliant reliability.",Positive,5
REV-13228,Apparel,The denim jacket dimensions are as stated in the manual. Fairly average overall.,Neutral,3
REV-10141,Beauty,Fantastic experience. The customer service was helpful and the espresso maker is perfect.,Positive,5
REV-10789,Apparel,Incredible product! Totally worth every penny. Super fast shipping and great build material.,Positive,5
REV-10324,Office Supplies,Incredible product! Totally worth every penny. Super fast shipping and great user interface.,Positive,5
REV-12438,Electronics,Received the gaming laptop yesterday. It matches the specifications listed on the page.,Neutral,3
REV-10715,Electronics,"Five stars! Excellent build quality, seamless setup, and brilliant battery life.",Positive,5
REV-12536,Home & Kitchen,"Decent product. Meets the baseline requirements, but nothing to write home about.",Neutral,3
REV-13482,Apparel,Normal purchase experience. Arrived within the estimated delivery window.,Neutral,3
REV-13323,Office Supplies,The package contains one denim jacket and standard accessories. As described.,Neutral,3
REV-11703,Beauty,"Very frustrated with this order. Arrived late, damaged packaging, and awful finishing.",Negative,2
REV-13031,Office Supplies,Received the wireless earbuds yesterday. It matches the specifications listed on the page.,Neutral,3
REV-12357,Electronics,Extremely disappointed with this bluetooth speaker. The sound quality is completely defective and cheap.,Negative,2
REV-10619,Office Supplies,Outstanding value for the money. The air fryer feels premium and durable.,Positive,5
REV-10407,Office Supplies,Absolutely love this espresso maker! The battery life is top-notch and exceeded my expectations.,Positive,5
REV-11685,Beauty,Inferior build quality. The display clarity feels fragile and useless.,Negative,1
REV-11668,Apparel,Waste of money! The air fryer broke immediately. Do not buy this garbage.,Negative,1
REV-12969,Electronics,The espresso maker arrived on Tuesday in standard packaging. Included cable and manual.,Neutral,3
REV-11745,Electronics,Extremely disappointed with this bluetooth speaker. The battery life is completely defective and cheap.,Negative,1
REV-13450,Apparel,"Average item. It functions as expected, neither particularly good nor bad.",Neutral,3
REV-10498,Office Supplies,Impressive performance and stylish design. Very satisfied with the quick delivery and performance.,Positive,5
REV-12016,Apparel,"Very frustrated with this order. Arrived late, damaged packaging, and awful performance.",Negative,1
REV-10343,Office Supplies,Great quality running shoes. Works flawlessly and the sound quality is simply amazing.,Positive,5
REV-12334,Electronics,"Very frustrated with this order. Arrived late, damaged packaging, and awful battery life.",Negative,1
REV-13249,Home & Kitchen,"Average item. It functions as expected, neither particularly good nor bad.",Neutral,3
REV-10783,Office Supplies,Fantastic experience. The customer service was helpful and the skincare serum is perfect.,Positive,5
REV-11324,Apparel,Poor quality material and terrible design. Does not match the description at all.,Negative,1
REV-12285,Electronics,Zero stars if I could. The denim jacket failed on the first day. Extremely annoying.,Negative,1
REV-12471,Beauty,The package contains one wireless earbuds and standard accessories. As described.,Neutral,3
REV-10304,Electronics,Great quality denim jacket. Works flawlessly and the packaging is simply amazing.,Positive,5
REV-12937,Office Supplies,Received the bluetooth speaker yesterday. It matches the specifications listed on the page.,Neutral,3
REV-12553,Electronics,Ordered the black color variant. Delivery took 4 business days.,Neutral,3
REV-10665,Beauty,Best purchase I have made all year! Highly recommend this denim jacket to everyone.,Positive,5
REV-11178,Beauty,I am genuinely blown away by how good this gaming laptop is. Will buy again!,Positive,5
REV-11245,Apparel,Worst purchase ever. Stopped working after 3 days and customer service refused a refund.,Negative,1
REV-13130,Apparel,"Decent product. Meets the baseline requirements, but nothing to write home about.",Neutral,3
REV-12647,Office Supplies,The smartwatch is okay. Does what it says on the box. Nothing extraordinary.,Neutral,3
REV-12723,Apparel,Ordered the black color variant. Delivery took 4 business days.,Neutral,3
REV-13210,Apparel,The espresso maker arrived on Tuesday in standard packaging. Included cable and manual.,Neutral,3
REV-12345,Beauty,Extremely disappointed with this smartwatch. The reliability is completely defective and cheap.,Negative,1
REV-10085,Apparel,Impressive performance and stylish design. Very satisfied with the quick delivery and sound quality.,Positive,5
REV-12657,Home & Kitchen,"Decent product. Meets the baseline requirements, but nothing to write home about.",Neutral,3
REV-10942,Apparel,Impressive performance and stylish design. Very satisfied with the quick delivery and user interface.,Positive,4
REV-10962,Home & Kitchen,Great quality skincare serum. Works flawlessly and the packaging is simply amazing.,Positive,5
REV-10842,Home & Kitchen,I am genuinely blown away by how good this smartwatch is. Will buy again!,Positive,5
REV-11939,Beauty,Inferior build quality. The display clarity feels fragile and useless.,Negative,1
REV-12846,Home & Kitchen,"Decent product. Meets the baseline requirements, but nothing to write home about.",Neutral,3
REV-11922,Electronics,Worst purchase ever. Stopped working after 3 days and customer service refused a refund.,Negative,1
REV-12097,Beauty,"Very frustrated with this order. Arrived late, damaged packaging, and awful performance.",Negative,1
REV-11840,Beauty,Regret buying this. Overpriced junk with terrible customer support.,Negative,1
REV-10291,Office Supplies,Absolutely love this gaming laptop! The packaging is top-notch and exceeded my expectations.,Positive,5
REV-12300,Beauty,Regret buying this. Overpriced junk with terrible customer support.,Negative,1
REV-11619,Home & Kitchen,Regret buying this. Overpriced junk with terrible customer support.,Negative,1
REV-13015,Apparel,The package contains one smartwatch and standard accessories. As described.,Neutral,3
REV-10605,Home & Kitchen,Best purchase I have made all year! Highly recommend this air fryer to everyone.,Positive,5
REV-12947,Apparel,Ordered the black color variant. Delivery took 4 business days.,Neutral,3
REV-10917,Office Supplies,Incredible product! Totally worth every penny. Super fast shipping and great user interface.,Positive,5
REV-11802,Electronics,Worst purchase ever. Stopped working after 3 days and customer service refused a refund.,Negative,1
REV-12414,Apparel,The gaming laptop arrived on Tuesday in standard packaging. Included cable and manual.,Neutral,3
REV-11100,Home & Kitchen,"Five stars! Excellent build quality, seamless setup, and brilliant build material.",Positive,5
REV-11089,Office Supplies,Incredible product! Totally worth every penny. Super fast shipping and great build material.,Positive,4
REV-12890,Office Supplies,Ordered the black color variant. Delivery took 4 business days.,Neutral,3
REV-11874,Office Supplies,Waste of money! The smartwatch broke immediately. Do not buy this garbage.,Negative,1
REV-10822,Apparel,Impressive performance and stylish design. Very satisfied with the quick delivery and ergonomics.,Positive,5
REV-11860,Electronics,Regret buying this. Overpriced junk with terrible customer support.,Negative,1
REV-13397,Apparel,The package contains one denim jacket and standard accessories. As described.,Neutral,3
REV-12914,Home & Kitchen,The package contains one denim jacket and standard accessories. As described.,Neutral,3
REV-12952,Apparel,Ordered the black color variant. Delivery took 4 business days.,Neutral,3
REV-11303,Beauty,Regret buying this. Overpriced junk with terrible customer support.,Negative,1
REV-11001,Beauty,Best purchase I have made all year! Highly recommend this denim jacket to everyone.,Positive,5
REV-13587,Apparel,Standard quality for this price point. Moderate performance in everyday use.,Neutral,3
REV-11957,Electronics,Poor quality material and terrible design. Does not match the description at all.,Negative,2
REV-11478,Beauty,Regret buying this. Overpriced junk with terrible customer support.,Negative,1
REV-10019,Beauty,Incredible product! Totally worth every penny. Super fast shipping and great packaging.,Positive,5
REV-10494,Electronics,Outstanding value for the money. The smartwatch feels premium and durable.,Positive,5
REV-11126,Apparel,Incredible product! Totally worth every penny. Super fast shipping and great packaging.,Positive,5
REV-11405,Office Supplies,Inferior build quality. The build material feels fragile and useless.,Negative,1
REV-13195,Beauty,The wireless earbuds arrived on Tuesday in standard packaging. Included cable and manual.,Neutral,3
REV-11761,Home & Kitchen,Extremely disappointed with this skincare serum. The performance is completely defective and cheap.,Negative,1
REV-12209,Home & Kitchen,"Very frustrated with this order. Arrived late, damaged packaging, and awful user interface.",Negative,1
REV-12186,Office Supplies,Zero stars if I could. The wireless earbuds failed on the first day. Extremely annoying.,Negative,1
REV-12868,Electronics,Standard quality for this price point. Moderate performance in everyday use.,Neutral,3
REV-10585,Electronics,Incredible product! Totally worth every penny. Super fast shipping and great display clarity.,Positive,5
REV-12103,Electronics,Worst purchase ever. Stopped working after 3 days and customer service refused a refund.,Negative,1
REV-10688,Home & Kitchen,Super happy with this item! Works better than advertised and very easy to use.,Positive,5
REV-12211,Electronics,Waste of money! The espresso maker broke immediately. Do not buy this garbage.,Negative,1
REV-12108,Apparel,"Very frustrated with this order. Arrived late, damaged packaging, and awful ergonomics.",Negative,1
REV-12422,Home & Kitchen,"Decent product. Meets the baseline requirements, but nothing to write home about.",Neutral,3
REV-11979,Home & Kitchen,Inferior build quality. The display clarity feels fragile and useless.,Negative,1
REV-11010,Office Supplies,Outstanding value for the money. The bluetooth speaker feels premium and durable.,Positive,5
REV-12893,Electronics,The package contains one bluetooth speaker and standard accessories. As described.,Neutral,3
REV-10361,Office Supplies,Great quality denim jacket. Works flawlessly and the finishing is simply amazing.,Positive,5
REV-13404,Electronics,The smartwatch dimensions are as stated in the manual. Fairly average overall.,Neutral,3
REV-13283,Home & Kitchen,Normal purchase experience. Arrived within the estimated delivery window.,Neutral,3
REV-12308,Beauty,Extremely disappointed with this espresso maker. The packaging is completely defective and cheap.,Negative,1
REV-11311,Apparel,Defective out of the box! Returning it right now for a full refund.,Negative,1
REV-11750,Home & Kitchen,Worst purchase ever. Stopped working after 3 days and customer service refused a refund.,Negative,2
REV-12931,Electronics,The office chair arrived on Tuesday in standard packaging. Included cable and manual.,Neutral,3
REV-11815,Apparel,Inferior build quality. The packaging feels fragile and useless.,Negative,1
REV-12164,Home & Kitchen,"Total scam. Horrible performance, constantly glitching, and very slow.",Negative,2
REV-10345,Home & Kitchen,Super happy with this item! Works better than advertised and very easy to use.,Positive,5
REV-10987,Office Supplies,"Five stars! Excellent build quality, seamless setup, and brilliant ergonomics.",Positive,5
REV-11831,Beauty,Extremely disappointed with this office chair. The performance is completely defective and cheap.,Negative,1
REV-10744,Electronics,I am genuinely blown away by how good this denim jacket is. Will buy again!,Positive,5
REV-11926,Electronics,"Total scam. Horrible performance, constantly glitching, and very slow.",Negative,1
REV-11656,Beauty,Zero stars if I could. The gaming laptop failed on the first day. Extremely annoying.,Negative,1
REV-10114,Apparel,Outstanding value for the money. The espresso maker feels premium and durable.,Positive,5
REV-11438,Apparel,"Total scam. Horrible performance, constantly glitching, and very slow.",Negative,1
REV-11578,Beauty,Extremely disappointed with this smartwatch. The performance is completely defective and cheap.,Negative,1
REV-11242,Office Supplies,Defective out of the box! Returning it right now for a full refund.,Negative,1
REV-11143,Home & Kitchen,I am genuinely blown away by how good this smartwatch is. Will buy again!,Positive,5
REV-12173,Home & Kitchen,"Very frustrated with this order. Arrived late, damaged packaging, and awful ergonomics.",Negative,1
REV-11217,Beauty,Regret buying this. Overpriced junk with terrible customer support.,Negative,1
REV-11199,Home & Kitchen,Best purchase I have made all year! Highly recommend this office chair to everyone.,Positive,5
REV-10086,Beauty,Absolutely love this gaming laptop! The finishing is top-notch and exceeded my expectations.,Positive,5
REV-11848,Beauty,Worst purchase ever. Stopped working after 3 days and customer service refused a refund.,Negative,2
REV-12478,Apparel,"Average item. It functions as expected, neither particularly good nor bad.",Neutral,3
REV-11382,Home & Kitchen,Inferior build quality. The packaging feels fragile and useless.,Negative,1
REV-11736,Apparel,Waste of money! The running shoes broke immediately. Do not buy this garbage.,Negative,1
REV-10669,Home & Kitchen,Incredible product! Totally worth every penny. Super fast shipping and great build material.,Positive,5
REV-11015,Apparel,Impressive performance and stylish design. Very satisfied with the quick delivery and battery life.,Positive,5
REV-10129,Apparel,Outstanding value for the money. The running shoes feels premium and durable.,Positive,5
REV-11365,Apparel,Defective out of the box! Returning it right now for a full refund.,Negative,1
REV-12842,Beauty,The espresso maker dimensions are as stated in the manual. Fairly average overall.,Neutral,3
REV-11671,Beauty,"Total scam. Horrible performance, constantly glitching, and very slow.",Negative,1
REV-10892,Apparel,Outstanding value for the money. The gaming laptop feels premium and durable.,Positive,4
REV-12320,Apparel,Waste of money! The gaming laptop broke immediately. Do not buy this garbage.,Negative,1
REV-11360,Office Supplies,Zero stars if I could. The denim jacket failed on the first day. Extremely annoying.,Negative,1
REV-10308,Office Supplies,Absolutely love this wireless earbuds! The packaging is top-notch and exceeded my expectations.,Positive,4
REV-10384,Office Supplies,Super happy with this item! Works better than advertised and very easy to use.,Positive,5
REV-10151,Apparel,Great quality skincare serum. Works flawlessly and the performance is simply amazing.,Positive,5
REV-11318,Beauty,Worst purchase ever. Stopped working after 3 days and customer service refused a refund.,Negative,1
REV-11452,Office Supplies,Inferior build quality. The user interface feels fragile and useless.,Negative,1
REV-11645,Office Supplies,Poor quality material and terrible design. Does not match the description at all.,Negative,1
REV-12352,Office Supplies,Regret buying this. Overpriced junk with terrible customer support.,Negative,1
REV-10427,Electronics,Fantastic experience. The customer service was helpful and the running shoes is perfect.,Positive,5
REV-10495,Beauty,Great quality gaming laptop. Works flawlessly and the ergonomics is simply amazing.,Positive,4
REV-11208,Office Supplies,"Total scam. Horrible performance, constantly glitching, and very slow.",Negative,1
REV-12024,Apparel,"Very frustrated with this order. Arrived late, damaged packaging, and awful ergonomics.",Negative,1
REV-12231,Electronics,"Total scam. Horrible performance, constantly glitching, and very slow.",Negative,1
REV-11209,Electronics,Regret buying this. Overpriced junk with terrible customer support.,Negative,1
REV-12837,Beauty,The espresso maker is okay. Does what it says on the box. Nothing extraordinary.,Neutral,3
REV-12908,Home & Kitchen,Ordered the black color variant. Delivery took 4 business days.,Neutral,3
REV-12640,Office Supplies,Standard quality for this price point. Moderate performance in everyday use.,Neutral,3
REV-11613,Office Supplies,Poor quality material and terrible design. Does not match the description at all.,Negative,1
REV-11240,Beauty,Defective out of the box! Returning it right now for a full refund.,Negative,1
REV-12767,Office Supplies,"Decent product. Meets the baseline requirements, but nothing to write home about.",Neutral,3
REV-13254,Office Supplies,Received the smartwatch yesterday. It matches the specifications listed on the page.,Neutral,3
REV-10276,Home & Kitchen,Best purchase I have made all year! Highly recommend this skincare serum to everyone.,Positive,5
REV-10490,Home & Kitchen,Incredible product! Totally worth every penny. Super fast shipping and great battery life.,Positive,5
REV-12310,Electronics,Poor quality material and terrible design. Does not match the description at all.,Negative,1
REV-11230,Office Supplies,Regret buying this. Overpriced junk with terrible customer support.,Negative,1
REV-10691,Home & Kitchen,Super happy with this item! Works better than advertised and very easy to use.,Positive,5
REV-11910,Office Supplies,Zero stars if I could. The espresso maker failed on the first day. Extremely annoying.,Negative,2
REV-12401,Home & Kitchen,The package contains one gaming laptop and standard accessories. As described.,Neutral,3
REV-12581,Office Supplies,"Average item. It functions as expected, neither particularly good nor bad.",Neutral,3
REV-11733,Home & Kitchen,Inferior build quality. The performance feels fragile and useless.,Negative,2
REV-12648,Electronics,Ordered the black color variant. Delivery took 4 business days.,Neutral,3
REV-13439,Home & Kitchen,Standard quality for this price point. Moderate performance in everyday use.,Neutral,3
REV-11059,Apparel,Incredible product! Totally worth every penny. Super fast shipping and great build material.,Positive,5
REV-10119,Beauty,Fantastic experience. The customer service was helpful and the skincare serum is perfect.,Positive,4
REV-11025,Apparel,Incredible product! Totally worth every penny. Super fast shipping and great build material.,Positive,5
REV-11946,Office Supplies,Worst purchase ever. Stopped working after 3 days and customer service refused a refund.,Negative,2
REV-10282,Electronics,Super happy with this item! Works better than advertised and very easy to use.,Positive,5
REV-12111,Office Supplies,Zero stars if I could. The denim jacket failed on the first day. Extremely annoying.,Negative,1
REV-11317,Apparel,Worst purchase ever. Stopped working after 3 days and customer service refused a refund.,Negative,1
REV-12795,Electronics,The smartwatch arrived on Tuesday in standard packaging. Included cable and manual.,Neutral,3
REV-10969,Beauty,Super happy with this item! Works better than advertised and very easy to use.,Positive,4
REV-11673,Electronics,"Total scam. Horrible performance, constantly glitching, and very slow.",Negative,2
REV-13458,Office Supplies,Received the smartwatch yesterday. It matches the specifications listed on the page.,Neutral,3
REV-12546,Apparel,Standard quality for this price point. Moderate performance in everyday use.,Neutral,3
REV-10620,Home & Kitchen,Incredible product! Totally worth every penny. Super fast shipping and great battery life.,Positive,5
REV-13151,Electronics,"Average item. It functions as expected, neither particularly good nor bad.",Neutral,3
REV-10156,Electronics,Great quality bluetooth speaker. Works flawlessly and the reliability is simply amazing.,Positive,5
REV-13599,Office Supplies,Received the wireless earbuds yesterday. It matches the specifications listed on the page.,Neutral,3
REV-12698,Apparel,The gaming laptop is okay. Does what it says on the box. Nothing extraordinary.,Neutral,3
REV-10305,Apparel,Incredible product! Totally worth every penny. Super fast shipping and great performance.,Positive,4
REV-12338,Apparel,Waste of money! The running shoes broke immediately. Do not buy this garbage.,Negative,1
REV-13055,Home & Kitchen,"Decent product. Meets the baseline requirements, but nothing to write home about.",Neutral,3
REV-11978,Beauty,Poor quality material and terrible design. Does not match the description at all.,Negative,1
REV-13596,Office Supplies,"Average item. It functions as expected, neither particularly good nor bad.",Neutral,3
REV-12685,Home & Kitchen,The smartwatch dimensions are as stated in the manual. Fairly average overall.,Neutral,3
REV-11308,Beauty,Waste of money! The denim jacket broke immediately. Do not buy this garbage.,Negative,1
REV-13427,Electronics,"Average item. It functions as expected, neither particularly good nor bad.",Neutral,3
REV-10576,Electronics,Impressive performance and stylish design. Very satisfied with the quick delivery and reliability.,Positive,5
REV-12453,Beauty,"Average item. It functions as expected, neither particularly good nor bad.",Neutral,3
REV-13080,Home & Kitchen,Ordered the black color variant. Delivery took 4 business days.,Neutral,3
REV-13143,Home & Kitchen,"Decent product. Meets the baseline requirements, but nothing to write home about.",Neutral,3
REV-11300,Home & Kitchen,"Total scam. Horrible performance, constantly glitching, and very slow.",Negative,1
REV-10133,Office Supplies,Outstanding value for the money. The running shoes feels premium and durable.,Positive,5
REV-12611,Office Supplies,The bluetooth speaker dimensions are as stated in the manual. Fairly average overall.,Neutral,3
REV-12886,Apparel,Standard quality for this price point. Moderate performance in everyday use.,Neutral,3
REV-11722,Home & Kitchen,Zero stars if I could. The gaming laptop failed on the first day. Extremely annoying.,Negative,1
REV-10844,Beauty,Incredible product! Totally worth every penny. Super fast shipping and great reliability.,Positive,5
REV-13174,Beauty,The bluetooth speaker is okay. Does what it says on the box. Nothing extraordinary.,Neutral,3
REV-11826,Apparel,Worst purchase ever. Stopped working after 3 days and customer service refused a refund.,Negative,1
REV-10270,Apparel,Great quality running shoes. Works flawlessly and the reliability is simply amazing.,Positive,5
REV-10630,Beauty,Absolutely love this denim jacket! The reliability is top-notch and exceeded my expectations.,Positive,5
REV-11034,Apparel,"Five stars! Excellent build quality, seamless setup, and brilliant build material.",Positive,5
REV-12085,Electronics,"Very frustrated with this order. Arrived late, damaged packaging, and awful display clarity.",Negative,1
REV-10287,Home & Kitchen,I am genuinely blown away by how good this denim jacket is. Will buy again!,Positive,4
REV-11327,Office Supplies,Waste of money! The bluetooth speaker broke immediately. Do not buy this garbage.,Negative,1
REV-12655,Home & Kitchen,Normal purchase experience. Arrived within the estimated delivery window.,Neutral,3
REV-10301,Beauty,Incredible product! Totally worth every penny. Super fast shipping and great packaging.,Positive,4
REV-13167,Apparel,The running shoes is okay. Does what it says on the box. Nothing extraordinary.,Neutral,3
REV-11448,Home & Kitchen,Inferior build quality. The reliability feels fragile and useless.,Negative,1
REV-11473,Office Supplies,Zero stars if I could. The smartwatch failed on the first day. Extremely annoying.,Negative,1
REV-12556,Apparel,The package contains one espresso maker and standard accessories. As described.,Neutral,3
REV-12229,Electronics,Poor quality material and terrible design. Does not match the description at all.,Negative,1
REV-12116,Beauty,Regret buying this. Overpriced junk with terrible customer support.,Negative,1
REV-10066,Beauty,Absolutely love this bluetooth speaker! The build material is top-notch and exceeded my expectations.,Positive,5
REV-12664,Office Supplies,The smartwatch arrived on Tuesday in standard packaging. Included cable and manual.,Neutral,3
REV-10891,Apparel,Impressive performance and stylish design. Very satisfied with the quick delivery and user interface.,Positive,5
REV-12782,Office Supplies,"Average item. It functions as expected, neither particularly good nor bad.",Neutral,3
REV-13124,Office Supplies,The air fryer is okay. Does what it says on the box. Nothing extraordinary.,Neutral,3
REV-13354,Apparel,The bluetooth speaker dimensions are as stated in the manual. Fairly average overall.,Neutral,3
REV-13001,Office Supplies,Normal purchase experience. Arrived within the estimated delivery window.,Neutral,3
REV-10231,Beauty,Outstanding value for the money. The skincare serum feels premium and durable.,Positive,5
REV-10504,Beauty,I am genuinely blown away by how good this bluetooth speaker is. Will buy again!,Positive,5
REV-12622,Office Supplies,The gaming laptop is okay. Does what it says on the box. Nothing extraordinary.,Neutral,3
REV-12903,Apparel,Ordered the black color variant. Delivery took 4 business days.,Neutral,3
REV-12499,Electronics,The wireless earbuds is okay. Does what it says on the box. Nothing extraordinary.,Neutral,3
REV-11526,Home & Kitchen,Zero stars if I could. The wireless earbuds failed on the first day. Extremely annoying.,Negative,1
REV-12068,Office Supplies,Worst purchase ever. Stopped working after 3 days and customer service refused a refund.,Negative,1
REV-13291,Beauty,The bluetooth speaker dimensions are as stated in the manual. Fairly average overall.,Neutral,3
REV-11005,Home & Kitchen,Best purchase I have made all year! Highly recommend this office chair to everyone.,Positive,5
REV-10837,Electronics,Fantastic experience. The customer service was helpful and the air fryer is perfect.,Positive,5
REV-13059,Home & Kitchen,Normal purchase experience. Arrived within the estimated delivery window.,Neutral,3
REV-10375,Apparel,Outstanding value for the money. The espresso maker feels premium and durable.,Positive,5
REV-13179,Home & Kitchen,Received the espresso maker yesterday. It matches the specifications listed on the page.,Neutral,3
REV-12537,Home & Kitchen,The skincare serum dimensions are as stated in the manual. Fairly average overall.,Neutral,3
REV-13456,Electronics,"Decent product. Meets the baseline requirements, but nothing to write home about.",Neutral,3
REV-10940,Home & Kitchen,Fantastic experience. The customer service was helpful and the running shoes is perfect.,Positive,4
REV-11322,Home & Kitchen,Extremely disappointed with this espresso maker. The battery life is completely defective and cheap.,Negative,1
REV-12695,Apparel,Standard quality for this price point. Moderate performance in everyday use.,Neutral,3
REV-12489,Home & Kitchen,Ordered the black color variant. Delivery took 4 business days.,Neutral,3
REV-10752,Apparel,Best purchase I have made all year! Highly recommend this espresso maker to everyone.,Positive,5
REV-10100,Beauty,Incredible product! Totally worth every penny. Super fast shipping and great finishing.,Positive,5
REV-11544,Home & Kitchen,Regret buying this. Overpriced junk with terrible customer support.,Negative,2
REV-12380,Apparel,Worst purchase ever. Stopped working after 3 days and customer service refused a refund.,Negative,1
REV-10867,Apparel,Super happy with this item! Works better than advertised and very easy to use.,Positive,4
REV-10911,Home & Kitchen,Absolutely love this running shoes! The user interface is top-notch and exceeded my expectations.,Positive,5
REV-11927,Beauty,Extremely disappointed with this gaming laptop. The performance is completely defective and cheap.,Negative,1
REV-11576,Office Supplies,Zero stars if I could. The espresso maker failed on the first day. Extremely annoying.,Negative,2
REV-10530,Electronics,Fantastic experience. The customer service was helpful and the skincare serum is perfect.,Positive,5
REV-11261,Beauty,Poor quality material and terrible design. Does not match the description at all.,Negative,1
REV-11732,Beauty,Worst purchase ever. Stopped working after 3 days and customer service refused a refund.,Negative,1
REV-12356,Electronics,"Total scam. Horrible performance, constantly glitching, and very slow.",Negative,1
REV-10637,Beauty,Great quality gaming laptop. Works flawlessly and the packaging is simply amazing.,Positive,5
REV-11270,Beauty,"Very frustrated with this order. Arrived late, damaged packaging, and awful ergonomics.",Negative,1
REV-10186,Office Supplies,Impressive performance and stylish design. Very satisfied with the quick delivery and display clarity.,Positive,5
REV-12511,Electronics,Standard quality for this price point. Moderate performance in everyday use.,Neutral,3
REV-11730,Beauty,Inferior build quality. The performance feels fragile and useless.,Negative,2
REV-12145,Electronics,Poor quality material and terrible design. Does not match the description at all.,Negative,1
REV-10932,Home & Kitchen,"Five stars! Excellent build quality, seamless setup, and brilliant build material.",Positive,4
REV-11442,Beauty,"Total scam. Horrible performance, constantly glitching, and very slow.",Negative,1
REV-12005,Apparel,Worst purchase ever. Stopped working after 3 days and customer service refused a refund.,Negative,1
REV-12751,Beauty,"Decent product. Meets the baseline requirements, but nothing to write home about.",Neutral,3
REV-11536,Electronics,Waste of money! The skincare serum broke immediately. Do not buy this garbage.,Negative,1
REV-12023,Electronics,Zero stars if I could. The office chair failed on the first day. Extremely annoying.,Negative,1
REV-12874,Electronics,The package contains one air fryer and standard accessories. As described.,Neutral,3
REV-11274,Office Supplies,Poor quality material and terrible design. Does not match the description at all.,Negative,1
REV-13221,Electronics,The denim jacket dimensions are as stated in the manual. Fairly average overall.,Neutral,3
REV-12096,Electronics,Extremely disappointed with this air fryer. The finishing is completely defective and cheap.,Negative,1
REV-10608,Home & Kitchen,Incredible product! Totally worth every penny. Super fast shipping and great build material.,Positive,5
REV-11961,Office Supplies,Worst purchase ever. Stopped working after 3 days and customer service refused a refund.,Negative,1
REV-12065,Electronics,"Very frustrated with this order. Arrived late, damaged packaging, and awful packaging.",Negative,1
REV-10152,Beauty,Incredible product! Totally worth every penny. Super fast shipping and great finishing.,Positive,4
REV-11867,Electronics,Extremely disappointed with this bluetooth speaker. The finishing is completely defective and cheap.,Negative,1
REV-12574,Apparel,Standard quality for this price point. Moderate performance in everyday use.,Neutral,3
REV-13023,Home & Kitchen,The smartwatch arrived on Tuesday in standard packaging. Included cable and manual.,Neutral,3
REV-12305,Apparel,Extremely disappointed with this denim jacket. The build material is completely defective and cheap.,Negative,1
REV-10732,Apparel,Absolutely love this wireless earbuds! The ergonomics is top-notch and exceeded my expectations.,Positive,5
REV-11953,Electronics,"Very frustrated with this order. Arrived late, damaged packaging, and awful sound quality.",Negative,1
REV-12291,Home & Kitchen,Worst purchase ever. Stopped working after 3 days and customer service refused a refund.,Negative,1
REV-13271,Electronics,Normal purchase experience. Arrived within the estimated delivery window.,Neutral,3
REV-10024,Beauty,Best purchase I have made all year! Highly recommend this office chair to everyone.,Positive,5
REV-13019,Beauty,Normal purchase experience. Arrived within the estimated delivery window.,Neutral,3
REV-10159,Beauty,Outstanding value for the money. The denim jacket feels premium and durable.,Positive,5
REV-10862,Electronics,Outstanding value for the money. The espresso maker feels premium and durable.,Positive,5
REV-12091,Apparel,Inferior build quality. The display clarity feels fragile and useless.,Negative,1
REV-10903,Electronics,I am genuinely blown away by how good this running shoes is. Will buy again!,Positive,4
REV-10353,Office Supplies,Incredible product! Totally worth every penny. Super fast shipping and great finishing.,Positive,5
REV-11231,Office Supplies,Defective out of the box! Returning it right now for a full refund.,Negative,1
REV-12707,Electronics,The smartwatch is okay. Does what it says on the box. Nothing extraordinary.,Neutral,3
REV-10445,Apparel,Absolutely love this bluetooth speaker! The finishing is top-notch and exceeded my expectations.,Positive,5
REV-13523,Electronics,The office chair dimensions are as stated in the manual. Fairly average overall.,Neutral,3
REV-10755,Beauty,Incredible product! Totally worth every penny. Super fast shipping and great battery life.,Positive,5
REV-10924,Apparel,Impressive performance and stylish design. Very satisfied with the quick delivery and sound quality.,Positive,4
REV-11667,Beauty,Worst purchase ever. Stopped working after 3 days and customer service refused a refund.,Negative,1
REV-13563,Home & Kitchen,Normal purchase experience. Arrived within the estimated delivery window.,Neutral,3
REV-12529,Electronics,The package contains one bluetooth speaker and standard accessories. As described.,Neutral,3
REV-10312,Electronics,"Five stars! Excellent build quality, seamless setup, and brilliant ergonomics.",Positive,5
REV-11376,Home & Kitchen,Extremely disappointed with this gaming laptop. The user interface is completely defective and cheap.,Negative,1
REV-10549,Apparel,Absolutely love this running shoes! The battery life is top-notch and exceeded my expectations.,Positive,4
REV-12882,Apparel,The espresso maker is okay. Does what it says on the box. Nothing extraordinary.,Neutral,3
REV-12421,Beauty,Ordered the black color variant. Delivery took 4 business days.,Neutral,3
REV-12820,Office Supplies,Normal purchase experience. Arrived within the estimated delivery window.,Neutral,3
REV-10307,Beauty,I am genuinely blown away by how good this bluetooth speaker is. Will buy again!,Positive,4
REV-10288,Apparel,Great quality smartwatch. Works flawlessly and the display clarity is simply amazing.,Positive,4
REV-10695,Electronics,Super happy with this item! Works better than advertised and very easy to use.,Positive,4
REV-10309,Home & Kitchen,Impressive performance and stylish design. Very satisfied with the quick delivery and performance.,Positive,5
REV-12649,Office Supplies,The wireless earbuds dimensions are as stated in the manual. Fairly average overall.,Neutral,3
REV-12777,Apparel,Received the bluetooth speaker yesterday. It matches the specifications listed on the page.,Neutral,3
REV-12683,Apparel,Normal purchase experience. Arrived within the estimated delivery window.,Neutral,3
REV-10750,Apparel,Great quality bluetooth speaker. Works flawlessly and the sound quality is simply amazing.,Positive,4
REV-11591,Beauty,Regret buying this. Overpriced junk with terrible customer support.,Negative,1
REV-11171,Office Supplies,Fantastic experience. The customer service was helpful and the skincare serum is perfect.,Positive,5
REV-12803,Home & Kitchen,Standard quality for this price point. Moderate performance in everyday use.,Neutral,3
REV-11267,Home & Kitchen,"Total scam. Horrible performance, constantly glitching, and very slow.",Negative,1
REV-11843,Office Supplies,Waste of money! The wireless earbuds broke immediately. Do not buy this garbage.,Negative,2
REV-13224,Apparel,Received the gaming laptop yesterday. It matches the specifications listed on the page.,Neutral,3
REV-10909,Electronics,Great quality office chair. Works flawlessly and the display clarity is simply amazing.,Positive,5
REV-12651,Office Supplies,"Average item. It functions as expected, neither particularly good nor bad.",Neutral,3
REV-10087,Apparel,Absolutely love this bluetooth speaker! The user interface is top-notch and exceeded my expectations.,Positive,4
REV-13040,Electronics,Ordered the black color variant. Delivery took 4 business days.,Neutral,3
REV-12443,Beauty,"Average item. It functions as expected, neither particularly good nor bad.",Neutral,3
REV-12982,Home & Kitchen,Ordered the black color variant. Delivery took 4 business days.,Neutral,3
REV-10971,Apparel,Best purchase I have made all year! Highly recommend this gaming laptop to everyone.,Positive,5
REV-10014,Office Supplies,Fantastic experience. The customer service was helpful and the office chair is perfect.,Positive,5
REV-10874,Apparel,"Five stars! Excellent build quality, seamless setup, and brilliant build material.",Positive,5
REV-11724,Home & Kitchen,Poor quality material and terrible design. Does not match the description at all.,Negative,1
REV-10809,Beauty,Impressive performance and stylish design. Very satisfied with the quick delivery and ergonomics.,Positive,5
REV-13086,Beauty,The denim jacket arrived on Tuesday in standard packaging. Included cable and manual.,Neutral,3
REV-10515,Beauty,Outstanding value for the money. The gaming laptop feels premium and durable.,Positive,5
REV-12887,Electronics,Standard quality for this price point. Moderate performance in everyday use.,Neutral,3
REV-10410,Office Supplies,Impressive performance and stylish design. Very satisfied with the quick delivery and sound quality.,Positive,4
REV-12760,Home & Kitchen,Ordered the black color variant. Delivery took 4 business days.,Neutral,3
REV-11338,Beauty,"Total scam. Horrible performance, constantly glitching, and very slow.",Negative,1
REV-11414,Home & Kitchen,Poor quality material and terrible design. Does not match the description at all.,Negative,2
REV-12713,Electronics,Normal purchase experience. Arrived within the estimated delivery window.,Neutral,3
REV-11903,Apparel,Poor quality material and terrible design. Does not match the description at all.,Negative,2
REV-12296,Home & Kitchen,Defective out of the box! Returning it right now for a full refund.,Negative,2
REV-13304,Electronics,The office chair dimensions are as stated in the manual. Fairly average overall.,Neutral,3
REV-10007,Apparel,Incredible product! Totally worth every penny. Super fast shipping and great finishing.,Positive,5
REV-10383,Home & Kitchen,Fantastic experience. The customer service was helpful and the gaming laptop is perfect.,Positive,5
REV-13592,Office Supplies,The espresso maker dimensions are as stated in the manual. Fairly average overall.,Neutral,3
REV-12629,Electronics,The smartwatch dimensions are as stated in the manual. Fairly average overall.,Neutral,3
REV-13329,Electronics,The espresso maker is okay. Does what it says on the box. Nothing extraordinary.,Neutral,3
REV-11938,Home & Kitchen,Extremely disappointed with this espresso maker. The user interface is completely defective and cheap.,Negative,2
REV-12219,Office Supplies,Extremely disappointed with this office chair. The display clarity is completely defective and cheap.,Negative,1
REV-11714,Office Supplies,"Total scam. Horrible performance, constantly glitching, and very slow.",Negative,1
REV-12515,Apparel,Standard quality for this price point. Moderate performance in everyday use.,Neutral,3
REV-12621,Home & Kitchen,Ordered the black color variant. Delivery took 4 business days.,Neutral,3
REV-11394,Beauty,"Very frustrated with this order. Arrived late, damaged packaging, and awful user interface.",Negative,1
REV-10553,Electronics,I am genuinely blown away by how good this denim jacket is. Will buy again!,Positive,5
REV-13341,Home & Kitchen,"Average item. It functions as expected, neither particularly good nor bad.",Neutral,3
REV-10223,Home & Kitchen,Absolutely love this running shoes! The reliability is top-notch and exceeded my expectations.,Positive,5
REV-11383,Electronics,Waste of money! The smartwatch broke immediately. Do not buy this garbage.,Negative,1
REV-11097,Beauty,Best purchase I have made all year! Highly recommend this bluetooth speaker to everyone.,Positive,5
REV-13112,Home & Kitchen,The bluetooth speaker arrived on Tuesday in standard packaging. Included cable and manual.,Neutral,3
REV-10009,Home & Kitchen,Great quality skincare serum. Works flawlessly and the packaging is simply amazing.,Positive,4
REV-10635,Home & Kitchen,Best purchase I have made all year! Highly recommend this gaming laptop to everyone.,Positive,4
REV-10317,Office Supplies,Impressive performance and stylish design. Very satisfied with the quick delivery and ergonomics.,Positive,5
REV-11329,Home & Kitchen,Regret buying this. Overpriced junk with terrible customer support.,Negative,1
REV-10428,Home & Kitchen,Absolutely love this skincare serum! The sound quality is top-notch and exceeded my expectations.,Positive,5
REV-12831,Electronics,"Average item. It functions as expected, neither particularly good nor bad.",Neutral,3
REV-10106,Beauty,Best purchase I have made all year! Highly recommend this bluetooth speaker to everyone.,Positive,4
REV-12009,Apparel,Poor quality material and terrible design. Does not match the description at all.,Negative,1
REV-10143,Home & Kitchen,Best purchase I have made all year! Highly recommend this air fryer to everyone.,Positive,5
REV-10122,Home & Kitchen,Best purchase I have made all year! Highly recommend this air fryer to everyone.,Positive,4
REV-12561,Apparel,Standard quality for this price point. Moderate performance in everyday use.,Neutral,3
REV-13069,Electronics,The bluetooth speaker dimensions are as stated in the manual. Fairly average overall.,Neutral,3
REV-13437,Home & Kitchen,Normal purchase experience. Arrived within the estimated delivery window.,Neutral,3
REV-11190,Beauty,Super happy with this item! Works better than advertised and very easy to use.,Positive,5
REV-13147,Office Supplies,The espresso maker dimensions are as stated in the manual. Fairly average overall.,Neutral,3
REV-13114,Electronics,The package contains one gaming laptop and standard accessories. As described.,Neutral,3
REV-13128,Electronics,Normal purchase experience. Arrived within the estimated delivery window.,Neutral,3
REV-11690,Electronics,Inferior build quality. The sound quality feels fragile and useless.,Negative,1
REV-10116,Electronics,"Five stars! Excellent build quality, seamless setup, and brilliant ergonomics.",Positive,5
REV-12827,Home & Kitchen,The espresso maker arrived on Tuesday in standard packaging. Included cable and manual.,Neutral,3
REV-13198,Electronics,Ordered the black color variant. Delivery took 4 business days.,Neutral,3
REV-11841,Apparel,Extremely disappointed with this skincare serum. The packaging is completely defective and cheap.,Negative,2
REV-12575,Apparel,Normal purchase experience. Arrived within the estimated delivery window.,Neutral,3
REV-13356,Beauty,"Average item. It functions as expected, neither particularly good nor bad.",Neutral,3
REV-13537,Apparel,The package contains one denim jacket and standard accessories. As described.,Neutral,3
REV-12429,Office Supplies,Normal purchase experience. Arrived within the estimated delivery window.,Neutral,3
REV-12646,Office Supplies,Received the air fryer yesterday. It matches the specifications listed on the page.,Neutral,3
REV-10673,Office Supplies,Fantastic experience. The customer service was helpful and the smartwatch is perfect.,Positive,5
REV-12460,Office Supplies,"Average item. It functions as expected, neither particularly good nor bad.",Neutral,3
REV-10092,Office Supplies,Incredible product! Totally worth every penny. Super fast shipping and great user interface.,Positive,5
REV-11110,Electronics,"Five stars! Excellent build quality, seamless setup, and brilliant ergonomics.",Positive,5
REV-12122,Electronics,Defective out of the box! Returning it right now for a full refund.,Negative,1
REV-10592,Electronics,Best purchase I have made all year! Highly recommend this smartwatch to everyone.,Positive,5
REV-12088,Beauty,Zero stars if I could. The skincare serum failed on the first day. Extremely annoying.,Negative,1
REV-13501,Home & Kitchen,"Average item. It functions as expected, neither particularly good nor bad.",Neutral,3
REV-12030,Beauty,Zero stars if I could. The air fryer failed on the first day. Extremely annoying.,Negative,1
REV-10889,Office Supplies,Incredible product! Totally worth every penny. Super fast shipping and great reliability.,Positive,5
REV-12282,Apparel,"Total scam. Horrible performance, constantly glitching, and very slow.",Negative,1
REV-11989,Home & Kitchen,Poor quality material and terrible design. Does not match the description at all.,Negative,2
REV-11577,Apparel,Zero stars if I could. The espresso maker failed on the first day. Extremely annoying.,Negative,2
REV-12342,Beauty,Defective out of the box! Returning it right now for a full refund.,Negative,1
REV-11715,Beauty,"Total scam. Horrible performance, constantly glitching, and very slow.",Negative,1
REV-10214,Apparel,Great quality gaming laptop. Works flawlessly and the reliability is simply amazing.,Positive,5
REV-10779,Electronics,Fantastic experience. The customer service was helpful and the bluetooth speaker is perfect.,Positive,5
REV-12584,Electronics,The smartwatch arrived on Tuesday in standard packaging. Included cable and manual.,Neutral,3
REV-11449,Office Supplies,Regret buying this. Overpriced junk with terrible customer support.,Negative,1
REV-12400,Home & Kitchen,"Total scam. Horrible performance, constantly glitching, and very slow.",Negative,2
REV-10801,Home & Kitchen,Super happy with this item! Works better than advertised and very easy to use.,Positive,5
REV-12966,Home & Kitchen,Received the wireless earbuds yesterday. It matches the specifications listed on the page.,Neutral,3
REV-13545,Office Supplies,"Average item. It functions as expected, neither particularly good nor bad.",Neutral,3
REV-12128,Home & Kitchen,Zero stars if I could. The running shoes failed on the first day. Extremely annoying.,Negative,1
REV-11568,Electronics,Regret buying this. Overpriced junk with terrible customer support.,Negative,1
REV-13022,Apparel,Received the running shoes yesterday. It matches the specifications listed on the page.,Neutral,3
REV-13268,Office Supplies,The package contains one gaming laptop and standard accessories. As described.,Neutral,3
REV-11519,Office Supplies,Waste of money! The bluetooth speaker broke immediately. Do not buy this garbage.,Negative,1
REV-12120,Office Supplies,Regret buying this. Overpriced junk with terrible customer support.,Negative,1
REV-13250,Office Supplies,The office chair is okay. Does what it says on the box. Nothing extraordinary.,Neutral,3
REV-11344,Apparel,Defective out of the box! Returning it right now for a full refund.,Negative,1
REV-10274,Office Supplies,I am genuinely blown away by how good this smartwatch is. Will buy again!,Positive,4
REV-11813,Electronics,Poor quality material and terrible design. Does not match the description at all.,Negative,1
REV-10072,Electronics,Great quality skincare serum. Works flawlessly and the build material is simply amazing.,Positive,5
REV-10721,Home & Kitchen,Super happy with this item! Works better than advertised and very easy to use.,Positive,4
REV-11741,Beauty,Defective out of the box! Returning it right now for a full refund.,Negative,1
REV-11088,Apparel,I am genuinely blown away by how good this skincare serum is. Will buy again!,Positive,4
REV-10395,Electronics,"Five stars! Excellent build quality, seamless setup, and brilliant reliability.",Positive,5
REV-10584,Beauty,I am genuinely blown away by how good this air fryer is. Will buy again!,Positive,5
REV-13481,Office Supplies,The denim jacket dimensions are as stated in the manual. Fairly average overall.,Neutral,3
REV-12417,Apparel,"Average item. It functions as expected, neither particularly good nor bad.",Neutral,3
REV-12424,Electronics,Ordered the black color variant. Delivery took 4 business days.,Neutral,3
REV-10501,Apparel,Absolutely love this skincare serum! The display clarity is top-notch and exceeded my expectations.,Positive,4
REV-12496,Apparel,The package contains one bluetooth speaker and standard accessories. As described.,Neutral,3
REV-12667,Electronics,"Average item. It functions as expected, neither particularly good nor bad.",Neutral,3
REV-12348,Beauty,Waste of money! The skincare serum broke immediately. Do not buy this garbage.,Negative,2
REV-13573,Beauty,Received the denim jacket yesterday. It matches the specifications listed on the page.,Neutral,3
REV-13287,Beauty,"Average item. It functions as expected, neither particularly good nor bad.",Neutral,3
REV-12365,Home & Kitchen,Zero stars if I could. The gaming laptop failed on the first day. Extremely annoying.,Negative,2
REV-13464,Home & Kitchen,"Decent product. Meets the baseline requirements, but nothing to write home about.",Neutral,3
REV-11764,Apparel,Worst purchase ever. Stopped working after 3 days and customer service refused a refund.,Negative,1
REV-11260,Beauty,Poor quality material and terrible design. Does not match the description at all.,Negative,1
REV-12187,Beauty,Zero stars if I could. The wireless earbuds failed on the first day. Extremely annoying.,Negative,1
REV-12272,Beauty,Poor quality material and terrible design. Does not match the description at all.,Negative,1
REV-10206,Home & Kitchen,Absolutely love this bluetooth speaker! The build material is top-notch and exceeded my expectations.,Positive,5
REV-10734,Home & Kitchen,I am genuinely blown away by how good this denim jacket is. Will buy again!,Positive,5
REV-11177,Apparel,Absolutely love this smartwatch! The finishing is top-notch and exceeded my expectations.,Positive,5
REV-10527,Apparel,Great quality gaming laptop. Works flawlessly and the battery life is simply amazing.,Positive,4
REV-12822,Home & Kitchen,The package contains one running shoes and standard accessories. As described.,Neutral,3
REV-12139,Beauty,Defective out of the box! Returning it right now for a full refund.,Negative,1
REV-10899,Office Supplies,I am genuinely blown away by how good this espresso maker is. Will buy again!,Positive,5
REV-10378,Electronics,Absolutely love this gaming laptop! The sound quality is top-notch and exceeded my expectations.,Positive,4
REV-12526,Electronics,"Average item. It functions as expected, neither particularly good nor bad.",Neutral,3
REV-11560,Apparel,Zero stars if I could. The wireless earbuds failed on the first day. Extremely annoying.,Negative,1
REV-12974,Electronics,Normal purchase experience. Arrived within the estimated delivery window.,Neutral,3
REV-13214,Electronics,The skincare serum arrived on Tuesday in standard packaging. Included cable and manual.,Neutral,3
REV-10349,Electronics,I am genuinely blown away by how good this bluetooth speaker is. Will buy again!,Positive,4
REV-10387,Home & Kitchen,Great quality air fryer. Works flawlessly and the finishing is simply amazing.,Positive,5
REV-10199,Home & Kitchen,"Five stars! Excellent build quality, seamless setup, and brilliant ergonomics.",Positive,5
REV-13519,Home & Kitchen,The denim jacket is okay. Does what it says on the box. Nothing extraordinary.,Neutral,3
REV-11710,Beauty,Poor quality material and terrible design. Does not match the description at all.,Negative,1
REV-11051,Apparel,Super happy with this item! Works better than advertised and very easy to use.,Positive,4
REV-10591,Apparel,Best purchase I have made all year! Highly recommend this smartwatch to everyone.,Positive,5
REV-10520,Electronics,Great quality skincare serum. Works flawlessly and the packaging is simply amazing.,Positive,5
REV-12427,Beauty,"Decent product. Meets the baseline requirements, but nothing to write home about.",Neutral,3
REV-11629,Home & Kitchen,Defective out of the box! Returning it right now for a full refund.,Negative,2
REV-12910,Office Supplies,The running shoes dimensions are as stated in the manual. Fairly average overall.,Neutral,3
REV-12448,Beauty,The package contains one denim jacket and standard accessories. As described.,Neutral,3
REV-10430,Electronics,"Five stars! Excellent build quality, seamless setup, and brilliant battery life.",Positive,4
REV-11084,Beauty,Fantastic experience. The customer service was helpful and the espresso maker is perfect.,Positive,5
REV-12418,Electronics,"Decent product. Meets the baseline requirements, but nothing to write home about.",Neutral,3
REV-13021,Home & Kitchen,Standard quality for this price point. Moderate performance in everyday use.,Neutral,3
REV-10208,Electronics,"Five stars! Excellent build quality, seamless setup, and brilliant display clarity.",Positive,5
REV-10492,Electronics,Great quality skincare serum. Works flawlessly and the packaging is simply amazing.,Positive,5
REV-11948,Office Supplies,"Total scam. Horrible performance, constantly glitching, and very slow.",Negative,1
REV-11810,Home & Kitchen,Extremely disappointed with this espresso maker. The performance is completely defective and cheap.,Negative,2
REV-12035,Office Supplies,Regret buying this. Overpriced junk with terrible customer support.,Negative,1
REV-13492,Beauty,The package contains one air fryer and standard accessories. As described.,Neutral,3
REV-10793,Beauty,Great quality smartwatch. Works flawlessly and the performance is simply amazing.,Positive,5
REV-12981,Electronics,Standard quality for this price point. Moderate performance in everyday use.,Neutral,3
REV-12531,Apparel,"Decent product. Meets the baseline requirements, but nothing to write home about.",Neutral,3
REV-11187,Beauty,Great quality wireless earbuds. Works flawlessly and the user interface is simply amazing.,Positive,5
REV-11186,Office Supplies,Best purchase I have made all year! Highly recommend this espresso maker to everyone.,Positive,5
REV-11551,Beauty,Zero stars if I could. The bluetooth speaker failed on the first day. Extremely annoying.,Negative,1
REV-13118,Beauty,The smartwatch dimensions are as stated in the manual. Fairly average overall.,Neutral,3
REV-11916,Apparel,Waste of money! The espresso maker broke immediately. Do not buy this garbage.,Negative,1
REV-12885,Apparel,Ordered the black color variant. Delivery took 4 business days.,Neutral,3
REV-13385,Apparel,"Average item. It functions as expected, neither particularly good nor bad.",Neutral,3
REV-11531,Electronics,Regret buying this. Overpriced junk with terrible customer support.,Negative,1
REV-11411,Home & Kitchen,Worst purchase ever. Stopped working after 3 days and customer service refused a refund.,Negative,1
REV-11477,Beauty,"Total scam. Horrible performance, constantly glitching, and very slow.",Negative,1
REV-12859,Apparel,The smartwatch arrived on Tuesday in standard packaging. Included cable and manual.,Neutral,3
REV-11798,Office Supplies,Zero stars if I could. The espresso maker failed on the first day. Extremely annoying.,Negative,1
REV-10084,Electronics,Fantastic experience. The customer service was helpful and the office chair is perfect.,Positive,5
REV-12834,Apparel,The package contains one gaming laptop and standard accessories. As described.,Neutral,3
REV-12670,Electronics,Standard quality for this price point. Moderate performance in everyday use.,Neutral,3
REV-10021,Electronics,Fantastic experience. The customer service was helpful and the denim jacket is perfect.,Positive,5
REV-12376,Home & Kitchen,Worst purchase ever. Stopped working after 3 days and customer service refused a refund.,Negative,1
REV-11628,Beauty,"Very frustrated with this order. Arrived late, damaged packaging, and awful display clarity.",Negative,1
REV-12130,Office Supplies,Extremely disappointed with this running shoes. The battery life is completely defective and cheap.,Negative,1
REV-12633,Electronics,The air fryer arrived on Tuesday in standard packaging. Included cable and manual.,Neutral,3
REV-11406,Beauty,Regret buying this. Overpriced junk with terrible customer support.,Negative,1
REV-13579,Apparel,The bluetooth speaker dimensions are as stated in the manual. Fairly average overall.,Neutral,3
REV-11731,Electronics,Inferior build quality. The display clarity feels fragile and useless.,Negative,2
REV-11563,Office Supplies,"Very frustrated with this order. Arrived late, damaged packaging, and awful ergonomics.",Negative,2
REV-13588,Apparel,The espresso maker is okay. Does what it says on the box. Nothing extraordinary.,Neutral,3
REV-13227,Home & Kitchen,"Decent product. Meets the baseline requirements, but nothing to write home about.",Neutral,3
REV-12391,Apparel,"Total scam. Horrible performance, constantly glitching, and very slow.",Negative,2
REV-10974,Office Supplies,I am genuinely blown away by how good this bluetooth speaker is. Will buy again!,Positive,5
REV-11711,Office Supplies,Inferior build quality. The reliability feels fragile and useless.,Negative,1
REV-13347,Office Supplies,"Decent product. Meets the baseline requirements, but nothing to write home about.",Neutral,3
REV-13127,Home & Kitchen,The office chair is okay. Does what it says on the box. Nothing extraordinary.,Neutral,3
REV-10884,Home & Kitchen,I am genuinely blown away by how good this wireless earbuds is. Will buy again!,Positive,5
REV-11099,Electronics,Impressive performance and stylish design. Very satisfied with the quick delivery and build material.,Positive,4
REV-10157,Beauty,I am genuinely blown away by how good this running shoes is. Will buy again!,Positive,5
REV-12731,Apparel,Standard quality for this price point. Moderate performance in everyday use.,Neutral,3
REV-10887,Electronics,I am genuinely blown away by how good this smartwatch is. Will buy again!,Positive,5
REV-13597,Home & Kitchen,The bluetooth speaker dimensions are as stated in the manual. Fairly average overall.,Neutral,3
REV-12180,Home & Kitchen,Worst purchase ever. Stopped working after 3 days and customer service refused a refund.,Negative,1
REV-11513,Office Supplies,"Very frustrated with this order. Arrived late, damaged packaging, and awful finishing.",Negative,1
REV-12964,Office Supplies,Ordered the black color variant. Delivery took 4 business days.,Neutral,3
REV-13232,Electronics,Received the skincare serum yesterday. It matches the specifications listed on the page.,Neutral,3
REV-13033,Apparel,The skincare serum is okay. Does what it says on the box. Nothing extraordinary.,Neutral,3
REV-12615,Apparel,Received the bluetooth speaker yesterday. It matches the specifications listed on the page.,Neutral,3
REV-10738,Electronics,I am genuinely blown away by how good this running shoes is. Will buy again!,Positive,5
REV-11454,Home & Kitchen,Extremely disappointed with this office chair. The reliability is completely defective and cheap.,Negative,1
REV-11506,Home & Kitchen,Zero stars if I could. The running shoes failed on the first day. Extremely annoying.,Negative,1
REV-13026,Apparel,The package contains one gaming laptop and standard accessories. As described.,Neutral,3
REV-13176,Office Supplies,Standard quality for this price point. Moderate performance in everyday use.,Neutral,3
REV-10459,Apparel,Impressive performance and stylish design. Very satisfied with the quick delivery and ergonomics.,Positive,5
REV-13539,Home & Kitchen,Standard quality for this price point. Moderate performance in everyday use.,Neutral,3
REV-11952,Apparel,Defective out of the box! Returning it right now for a full refund.,Negative,1
REV-10079,Office Supplies,Outstanding value for the money. The wireless earbuds feels premium and durable.,Positive,5
REV-13494,Home & Kitchen,The denim jacket is okay. Does what it says on the box. Nothing extraordinary.,Neutral,3
REV-12497,Home & Kitchen,"Decent product. Meets the baseline requirements, but nothing to write home about.",Neutral,3
REV-11057,Apparel,Great quality smartwatch. Works flawlessly and the packaging is simply amazing.,Positive,5
REV-10907,Office Supplies,Super happy with this item! Works better than advertised and very easy to use.,Positive,4
REV-12163,Apparel,Inferior build quality. The battery life feels fragile and useless.,Negative,1
REV-12658,Home & Kitchen,The office chair arrived on Tuesday in standard packaging. Included cable and manual.,Neutral,3
REV-13230,Beauty,Normal purchase experience. Arrived within the estimated delivery window.,Neutral,3
REV-10381,Home & Kitchen,Best purchase I have made all year! Highly recommend this office chair to everyone.,Positive,5
REV-10948,Beauty,Fantastic experience. The customer service was helpful and the office chair is perfect.,Positive,5
REV-13324,Beauty,The smartwatch dimensions are as stated in the manual. Fairly average overall.,Neutral,3
REV-12410,Home & Kitchen,The smartwatch arrived on Tuesday in standard packaging. Included cable and manual.,Neutral,3
REV-12861,Office Supplies,The espresso maker dimensions are as stated in the manual. Fairly average overall.,Neutral,3
REV-10716,Apparel,Outstanding value for the money. The wireless earbuds feels premium and durable.,Positive,5
REV-12399,Home & Kitchen,Worst purchase ever. Stopped working after 3 days and customer service refused a refund.,Negative,1
REV-10687,Apparel,Outstanding value for the money. The gaming laptop feels premium and durable.,Positive,5
REV-13072,Home & Kitchen,Received the espresso maker yesterday. It matches the specifications listed on the page.,Neutral,3
REV-11294,Electronics,Regret buying this. Overpriced junk with terrible customer support.,Negative,1
REV-10306,Beauty,Absolutely love this running shoes! The performance is top-notch and exceeded my expectations.,Positive,5
REV-10210,Beauty,Great quality wireless earbuds. Works flawlessly and the ergonomics is simply amazing.,Positive,5
REV-11144,Electronics,Absolutely love this denim jacket! The ergonomics is top-notch and exceeded my expectations.,Positive,5
REV-12665,Beauty,"Average item. It functions as expected, neither particularly good nor bad.",Neutral,3
REV-13568,Apparel,"Decent product. Meets the baseline requirements, but nothing to write home about.",Neutral,3
REV-13530,Home & Kitchen,The smartwatch arrived on Tuesday in standard packaging. Included cable and manual.,Neutral,3
REV-10886,Apparel,Best purchase I have made all year! Highly recommend this skincare serum to everyone.,Positive,5
REV-11930,Beauty,Regret buying this. Overpriced junk with terrible customer support.,Negative,1
REV-12203,Apparel,Zero stars if I could. The denim jacket failed on the first day. Extremely annoying.,Negative,1
REV-10918,Home & Kitchen,"Five stars! Excellent build quality, seamless setup, and brilliant sound quality.",Positive,5
REV-13403,Apparel,Standard quality for this price point. Moderate performance in everyday use.,Neutral,3
REV-12223,Apparel,Poor quality material and terrible design. Does not match the description at all.,Negative,1
REV-10192,Beauty,Fantastic experience. The customer service was helpful and the skincare serum is perfect.,Positive,5
REV-12277,Beauty,Waste of money! The bluetooth speaker broke immediately. Do not buy this garbage.,Negative,1
REV-13411,Home & Kitchen,"Decent product. Meets the baseline requirements, but nothing to write home about.",Neutral,3
REV-11266,Beauty,"Very frustrated with this order. Arrived late, damaged packaging, and awful packaging.",Negative,1
REV-10484,Beauty,I am genuinely blown away by how good this running shoes is. Will buy again!,Positive,5
REV-12709,Office Supplies,The office chair arrived on Tuesday in standard packaging. Included cable and manual.,Neutral,3
REV-10916,Home & Kitchen,"Five stars! Excellent build quality, seamless setup, and brilliant performance.",Positive,5
REV-13577,Home & Kitchen,Received the gaming laptop yesterday. It matches the specifications listed on the page.,Neutral,3
REV-10278,Office Supplies,Absolutely love this running shoes! The packaging is top-notch and exceeded my expectations.,Positive,5
REV-10989,Apparel,Impressive performance and stylish design. Very satisfied with the quick delivery and reliability.,Positive,5
REV-13420,Electronics,"Average item. It functions as expected, neither particularly good nor bad.",Neutral,3
REV-11246,Electronics,"Very frustrated with this order. Arrived late, damaged packaging, and awful build material.",Negative,1
REV-12329,Electronics,Poor quality material and terrible design. Does not match the description at all.,Negative,1
REV-10572,Beauty,Great quality gaming laptop. Works flawlessly and the build material is simply amazing.,Positive,5
REV-11436,Office Supplies,Waste of money! The air fryer broke immediately. Do not buy this garbage.,Negative,1
REV-12432,Electronics,"Average item. It functions as expected, neither particularly good nor bad.",Neutral,3
REV-10994,Electronics,Incredible product! Totally worth every penny. Super fast shipping and great ergonomics.,Positive,5
REV-12032,Office Supplies,Poor quality material and terrible design. Does not match the description at all.,Negative,1
REV-13122,Electronics,"Decent product. Meets the baseline requirements, but nothing to write home about.",Neutral,3
REV-10586,Office Supplies,"Five stars! Excellent build quality, seamless setup, and brilliant finishing.",Positive,5
REV-13527,Beauty,Received the wireless earbuds yesterday. It matches the specifications listed on the page.,Neutral,3
REV-10414,Beauty,Outstanding value for the money. The running shoes feels premium and durable.,Positive,5
REV-13591,Electronics,The denim jacket dimensions are as stated in the manual. Fairly average overall.,Neutral,3
REV-11350,Electronics,"Total scam. Horrible performance, constantly glitching, and very slow.",Negative,1
REV-11008,Office Supplies,Fantastic experience. The customer service was helpful and the office chair is perfect.,Positive,5
REV-10675,Home & Kitchen,I am genuinely blown away by how good this air fryer is. Will buy again!,Positive,5
REV-12245,Office Supplies,"Total scam. Horrible performance, constantly glitching, and very slow.",Negative,1
REV-10856,Office Supplies,Fantastic experience. The customer service was helpful and the wireless earbuds is perfect.,Positive,5
REV-10448,Beauty,"Five stars! Excellent build quality, seamless setup, and brilliant packaging.",Positive,4
REV-12523,Electronics,Normal purchase experience. Arrived within the estimated delivery window.,Neutral,3
REV-10866,Home & Kitchen,Absolutely love this bluetooth speaker! The user interface is top-notch and exceeded my expectations.,Positive,5
REV-12600,Apparel,The smartwatch dimensions are as stated in the manual. Fairly average overall.,Neutral,3
REV-12712,Electronics,"Decent product. Meets the baseline requirements, but nothing to write home about.",Neutral,3
REV-13205,Electronics,"Decent product. Meets the baseline requirements, but nothing to write home about.",Neutral,3
REV-12856,Beauty,Ordered the black color variant. Delivery took 4 business days.,Neutral,3
REV-12258,Apparel,"Total scam. Horrible performance, constantly glitching, and very slow.",Negative,1
REV-11691,Electronics,Extremely disappointed with this skincare serum. The user interface is completely defective and cheap.,Negative,2
REV-13201,Electronics,Ordered the black color variant. Delivery took 4 business days.,Neutral,3
REV-13259,Apparel,The skincare serum is okay. Does what it says on the box. Nothing extraordinary.,Neutral,3
REV-11248,Home & Kitchen,Defective out of the box! Returning it right now for a full refund.,Negative,1
REV-11986,Home & Kitchen,Defective out of the box! Returning it right now for a full refund.,Negative,1
REV-10295,Home & Kitchen,Absolutely love this skincare serum! The performance is top-notch and exceeded my expectations.,Positive,4
REV-11548,Beauty,Extremely disappointed with this skincare serum. The build material is completely defective and cheap.,Negative,1
REV-12013,Beauty,Poor quality material and terrible design. Does not match the description at all.,Negative,2
REV-10589,Beauty,Absolutely love this air fryer! The finishing is top-notch and exceeded my expectations.,Positive,5
REV-11742,Home & Kitchen,Regret buying this. Overpriced junk with terrible customer support.,Negative,1
REV-11282,Beauty,Waste of money! The bluetooth speaker broke immediately. Do not buy this garbage.,Negative,1
REV-13216,Beauty,The espresso maker is okay. Does what it says on the box. Nothing extraordinary.,Neutral,3
REV-12324,Home & Kitchen,"Very frustrated with this order. Arrived late, damaged packaging, and awful display clarity.",Negative,1
REV-11951,Apparel,Waste of money! The bluetooth speaker broke immediately. Do not buy this garbage.,Negative,1
REV-13496,Apparel,The package contains one bluetooth speaker and standard accessories. As described.,Neutral,3
REV-13099,Home & Kitchen,The gaming laptop dimensions are as stated in the manual. Fairly average overall.,Neutral,3
REV-12616,Electronics,The air fryer arrived on Tuesday in standard packaging. Included cable and manual.,Neutral,3
REV-12058,Office Supplies,Inferior build quality. The finishing feels fragile and useless.,Negative,2
REV-12933,Apparel,Normal purchase experience. Arrived within the estimated delivery window.,Neutral,3
REV-11418,Electronics,Defective out of the box! Returning it right now for a full refund.,Negative,1
REV-10426,Electronics,Outstanding value for the money. The skincare serum feels premium and durable.,Positive,4
REV-11055,Electronics,Fantastic experience. The customer service was helpful and the office chair is perfect.,Positive,4
REV-12996,Electronics,Received the wireless earbuds yesterday. It matches the specifications listed on the page.,Neutral,3
REV-10557,Office Supplies,Fantastic experience. The customer service was helpful and the bluetooth speaker is perfect.,Positive,5
REV-13190,Home & Kitchen,The smartwatch dimensions are as stated in the manual. Fairly average overall.,Neutral,3
REV-13187,Apparel,Ordered the black color variant. Delivery took 4 business days.,Neutral,3
REV-13011,Apparel,Standard quality for this price point. Moderate performance in everyday use.,Neutral,3
REV-11194,Apparel,Outstanding value for the money. The gaming laptop feels premium and durable.,Positive,5
REV-11717,Apparel,Defective out of the box! Returning it right now for a full refund.,Negative,2
REV-12452,Apparel,"Average item. It functions as expected, neither particularly good nor bad.",Neutral,3
REV-13246,Electronics,Ordered the black color variant. Delivery took 4 business days.,Neutral,3
REV-12924,Home & Kitchen,The air fryer is okay. Does what it says on the box. Nothing extraordinary.,Neutral,3
REV-11286,Office Supplies,Poor quality material and terrible design. Does not match the description at all.,Negative,2
REV-12249,Beauty,"Total scam. Horrible performance, constantly glitching, and very slow.",Negative,1
REV-12274,Apparel,Zero stars if I could. The gaming laptop failed on the first day. Extremely annoying.,Negative,1
REV-12883,Office Supplies,"Average item. It functions as expected, neither particularly good nor bad.",Neutral,3
REV-11890,Beauty,"Total scam. Horrible performance, constantly glitching, and very slow.",Negative,1
REV-11592,Apparel,Poor quality material and terrible design. Does not match the description at all.,Negative,1
REV-13600,Apparel,The package contains one espresso maker and standard accessories. As described.,Neutral,3
REV-12631,Home & Kitchen,Normal purchase experience. Arrived within the estimated delivery window.,Neutral,3
REV-12907,Electronics,"Average item. It functions as expected, neither particularly good nor bad.",Neutral,3
REV-11138,Apparel,I am genuinely blown away by how good this running shoes is. Will buy again!,Positive,4
REV-12303,Beauty,"Very frustrated with this order. Arrived late, damaged packaging, and awful user interface.",Negative,1
REV-13384,Home & Kitchen,Normal purchase experience. Arrived within the estimated delivery window.,Neutral,3
REV-13402,Beauty,"Decent product. Meets the baseline requirements, but nothing to write home about.",Neutral,3
REV-11712,Beauty,Waste of money! The gaming laptop broke immediately. Do not buy this garbage.,Negative,2
REV-13369,Apparel,The smartwatch dimensions are as stated in the manual. Fairly average overall.,Neutral,3
REV-10454,Electronics,Absolutely love this air fryer! The build material is top-notch and exceeded my expectations.,Positive,5
REV-10914,Apparel,"Five stars! Excellent build quality, seamless setup, and brilliant performance.",Positive,4
REV-12430,Apparel,The package contains one smartwatch and standard accessories. As described.,Neutral,3
REV-11200,Home & Kitchen,Super happy with this item! Works better than advertised and very easy to use.,Positive,5
REV-11275,Apparel,Waste of money! The smartwatch broke immediately. Do not buy this garbage.,Negative,1
REV-10038,Office Supplies,Fantastic experience. The customer service was helpful and the wireless earbuds is perfect.,Positive,5
REV-10975,Office Supplies,"Five stars! Excellent build quality, seamless setup, and brilliant finishing.",Positive,5
REV-10984,Electronics,"Five stars! Excellent build quality, seamless setup, and brilliant reliability.",Positive,5
REV-12412,Electronics,Standard quality for this price point. Moderate performance in everyday use.,Neutral,3
REV-11419,Beauty,Worst purchase ever. Stopped working after 3 days and customer service refused a refund.,Negative,2
REV-11561,Apparel,Worst purchase ever. Stopped working after 3 days and customer service refused a refund.,Negative,1
REV-10040,Beauty,"Five stars! Excellent build quality, seamless setup, and brilliant display clarity.",Positive,5
REV-11487,Beauty,"Total scam. Horrible performance, constantly glitching, and very slow.",Negative,2
REV-12299,Office Supplies,Poor quality material and terrible design. Does not match the description at all.,Negative,1
REV-10170,Electronics,Fantastic experience. The customer service was helpful and the smartwatch is perfect.,Positive,4
REV-11356,Home & Kitchen,"Very frustrated with this order. Arrived late, damaged packaging, and awful user interface.",Negative,1
REV-13559,Home & Kitchen,Received the denim jacket yesterday. It matches the specifications listed on the page.,Neutral,3
REV-13248,Apparel,Received the denim jacket yesterday. It matches the specifications listed on the page.,Neutral,3
REV-12368,Beauty,Worst purchase ever. Stopped working after 3 days and customer service refused a refund.,Negative,2
REV-12379,Beauty,Regret buying this. Overpriced junk with terrible customer support.,Negative,1
REV-11641,Beauty,"Total scam. Horrible performance, constantly glitching, and very slow.",Negative,2
REV-11291,Apparel,Inferior build quality. The reliability feels fragile and useless.,Negative,2
REV-11381,Beauty,Extremely disappointed with this wireless earbuds. The display clarity is completely defective and cheap.,Negative,2
REV-11934,Electronics,Inferior build quality. The display clarity feels fragile and useless.,Negative,1
REV-10580,Apparel,Absolutely love this smartwatch! The finishing is top-notch and exceeded my expectations.,Positive,5
REV-12031,Electronics,Zero stars if I could. The air fryer failed on the first day. Extremely annoying.,Negative,1
REV-10893,Beauty,Best purchase I have made all year! Highly recommend this running shoes to everyone.,Positive,5
REV-10781,Office Supplies,Great quality smartwatch. Works flawlessly and the build material is simply amazing.,Positive,5
REV-10160,Apparel,Fantastic experience. The customer service was helpful and the office chair is perfect.,Positive,5
REV-10003,Apparel,Outstanding value for the money. The espresso maker feels premium and durable.,Positive,4
REV-10850,Home & Kitchen,I am genuinely blown away by how good this air fryer is. Will buy again!,Positive,5
REV-12165,Office Supplies,Regret buying this. Overpriced junk with terrible customer support.,Negative,1
REV-11597,Apparel,Worst purchase ever. Stopped working after 3 days and customer service refused a refund.,Negative,1
REV-11777,Beauty,Waste of money! The gaming laptop broke immediately. Do not buy this garbage.,Negative,1
REV-11914,Home & Kitchen,Worst purchase ever. Stopped working after 3 days and customer service refused a refund.,Negative,1
REV-11044,Home & Kitchen,Best purchase I have made all year! Highly recommend this bluetooth speaker to everyone.,Positive,4
REV-11545,Beauty,Zero stars if I could. The wireless earbuds failed on the first day. Extremely annoying.,Negative,2
REV-13160,Office Supplies,Received the skincare serum yesterday. It matches the specifications listed on the page.,Neutral,3
REV-10054,Office Supplies,Absolutely love this gaming laptop! The performance is top-notch and exceeded my expectations.,Positive,5
REV-13467,Home & Kitchen,The running shoes is okay. Does what it says on the box. Nothing extraordinary.,Neutral,3
REV-11912,Home & Kitchen,"Total scam. Horrible performance, constantly glitching, and very slow.",Negative,1
REV-12423,Office Supplies,Standard quality for this price point. Moderate performance in everyday use.,Neutral,3
REV-10825,Apparel,"Five stars! Excellent build quality, seamless setup, and brilliant sound quality.",Positive,5
REV-13218,Office Supplies,The skincare serum is okay. Does what it says on the box. Nothing extraordinary.,Neutral,3
REV-11390,Home & Kitchen,Defective out of the box! Returning it right now for a full refund.,Negative,1
REV-12949,Beauty,Standard quality for this price point. Moderate performance in everyday use.,Neutral,3
REV-12255,Beauty,Waste of money! The espresso maker broke immediately. Do not buy this garbage.,Negative,1
REV-11608,Electronics,Worst purchase ever. Stopped working after 3 days and customer service refused a refund.,Negative,1
REV-11595,Home & Kitchen,Worst purchase ever. Stopped working after 3 days and customer service refused a refund.,Negative,1
REV-10772,Electronics,Absolutely love this office chair! The build material is top-notch and exceeded my expectations.,Positive,4
REV-11869,Electronics,Defective out of the box! Returning it right now for a full refund.,Negative,1
REV-11086,Office Supplies,Best purchase I have made all year! Highly recommend this running shoes to everyone.,Positive,5
REV-12459,Home & Kitchen,The air fryer dimensions are as stated in the manual. Fairly average overall.,Neutral,3
REV-11326,Beauty,Worst purchase ever. Stopped working after 3 days and customer service refused a refund.,Negative,2
REV-11464,Home & Kitchen,Defective out of the box! Returning it right now for a full refund.,Negative,1
REV-10807,Office Supplies,Absolutely love this air fryer! The user interface is top-notch and exceeded my expectations.,Positive,5
REV-12213,Beauty,Inferior build quality. The packaging feels fragile and useless.,Negative,1
REV-12235,Office Supplies,Defective out of the box! Returning it right now for a full refund.,Negative,1
REV-12109,Home & Kitchen,Zero stars if I could. The denim jacket failed on the first day. Extremely annoying.,Negative,1
REV-12565,Home & Kitchen,The package contains one bluetooth speaker and standard accessories. As described.,Neutral,3
REV-13536,Home & Kitchen,The denim jacket arrived on Tuesday in standard packaging. Included cable and manual.,Neutral,3
REV-10964,Apparel,Best purchase I have made all year! Highly recommend this air fryer to everyone.,Positive,5
REV-10399,Home & Kitchen,Best purchase I have made all year! Highly recommend this espresso maker to everyone.,Positive,5
REV-13372,Beauty,Received the office chair yesterday. It matches the specifications listed on the page.,Neutral,3
REV-10705,Office Supplies,Impressive performance and stylish design. Very satisfied with the quick delivery and finishing.,Positive,4
REV-10432,Electronics,Outstanding value for the money. The bluetooth speaker feels premium and durable.,Positive,5
REV-10293,Office Supplies,Absolutely love this bluetooth speaker! The finishing is top-notch and exceeded my expectations.,Positive,5
REV-13398,Apparel,The package contains one espresso maker and standard accessories. As described.,Neutral,3
REV-10146,Electronics,Incredible product! Totally worth every penny. Super fast shipping and great packaging.,Positive,5
REV-12034,Home & Kitchen,Extremely disappointed with this air fryer. The build material is completely defective and cheap.,Negative,1
REV-12535,Apparel,The package contains one air fryer and standard accessories. As described.,Neutral,3
REV-11166,Electronics,Super happy with this item! Works better than advertised and very easy to use.,Positive,5
REV-12051,Apparel,Waste of money! The skincare serum broke immediately. Do not buy this garbage.,Negative,1
REV-12789,Home & Kitchen,Ordered the black color variant. Delivery took 4 business days.,Neutral,3
REV-10340,Office Supplies,Super happy with this item! Works better than advertised and very easy to use.,Positive,5
REV-12178,Beauty,Waste of money! The air fryer broke immediately. Do not buy this garbage.,Negative,1
REV-10266,Apparel,Super happy with this item! Works better than advertised and very easy to use.,Positive,5
REV-12805,Home & Kitchen,"Decent product. Meets the baseline requirements, but nothing to write home about.",Neutral,3
REV-11772,Electronics,Waste of money! The gaming laptop broke immediately. Do not buy this garbage.,Negative,1
REV-10272,Office Supplies,Incredible product! Totally worth every penny. Super fast shipping and great packaging.,Positive,5
REV-10697,Office Supplies,Fantastic experience. The customer service was helpful and the office chair is perfect.,Positive,5
REV-13566,Home & Kitchen,Normal purchase experience. Arrived within the estimated delivery window.,Neutral,3
REV-10245,Office Supplies,Absolutely love this office chair! The user interface is top-notch and exceeded my expectations.,Positive,5
REV-13377,Beauty,Standard quality for this price point. Moderate performance in everyday use.,Neutral,3
REV-10477,Beauty,Impressive performance and stylish design. Very satisfied with the quick delivery and user interface.,Positive,4
REV-12033,Beauty,"Total scam. Horrible performance, constantly glitching, and very slow.",Negative,2
REV-13057,Beauty,The office chair arrived on Tuesday in standard packaging. Included cable and manual.,Neutral,3
REV-12684,Home & Kitchen,Received the wireless earbuds yesterday. It matches the specifications listed on the page.,Neutral,3
REV-10814,Office Supplies,Great quality bluetooth speaker. Works flawlessly and the battery life is simply amazing.,Positive,4
REV-11915,Electronics,Extremely disappointed with this skincare serum. The reliability is completely defective and cheap.,Negative,1
REV-13037,Home & Kitchen,"Average item. It functions as expected, neither particularly good nor bad.",Neutral,3
REV-13542,Electronics,The running shoes is okay. Does what it says on the box. Nothing extraordinary.,Neutral,3
REV-11805,Electronics,"Very frustrated with this order. Arrived late, damaged packaging, and awful packaging.",Negative,2
REV-12607,Home & Kitchen,Normal purchase experience. Arrived within the estimated delivery window.,Neutral,3
REV-10251,Electronics,Super happy with this item! Works better than advertised and very easy to use.,Positive,5
REV-10546,Electronics,Great quality office chair. Works flawlessly and the packaging is simply amazing.,Positive,5
REV-10739,Apparel,Great quality espresso maker. Works flawlessly and the battery life is simply amazing.,Positive,4
REV-10311,Apparel,Absolutely love this bluetooth speaker! The build material is top-notch and exceeded my expectations.,Positive,4
REV-11132,Office Supplies,Absolutely love this bluetooth speaker! The sound quality is top-notch and exceeded my expectations.,Positive,5
REV-11450,Office Supplies,Poor quality material and terrible design. Does not match the description at all.,Negative,2
REV-13487,Home & Kitchen,The running shoes dimensions are as stated in the manual. Fairly average overall.,Neutral,3
REV-10016,Electronics,Incredible product! Totally worth every penny. Super fast shipping and great packaging.,Positive,5
REV-13156,Beauty,"Average item. It functions as expected, neither particularly good nor bad.",Neutral,3
REV-12530,Home & Kitchen,The package contains one gaming laptop and standard accessories. As described.,Neutral,3
REV-13528,Beauty,Standard quality for this price point. Moderate performance in everyday use.,Neutral,3
REV-10364,Office Supplies,Outstanding value for the money. The office chair feels premium and durable.,Positive,5
REV-10183,Office Supplies,"Five stars! Excellent build quality, seamless setup, and brilliant battery life.",Positive,4
REV-11195,Apparel,Outstanding value for the money. The air fryer feels premium and durable.,Positive,5
REV-12230,Beauty,"Very frustrated with this order. Arrived late, damaged packaging, and awful packaging.",Negative,1
REV-11122,Home & Kitchen,I am genuinely blown away by how good this wireless earbuds is. Will buy again!,Positive,4
REV-11183,Beauty,I am genuinely blown away by how good this bluetooth speaker is. Will buy again!,Positive,5
REV-12643,Electronics,Ordered the black color variant. Delivery took 4 business days.,Neutral,3
REV-10615,Beauty,Super happy with this item! Works better than advertised and very easy to use.,Positive,5
REV-11467,Home & Kitchen,Worst purchase ever. Stopped working after 3 days and customer service refused a refund.,Negative,1
REV-10402,Office Supplies,I am genuinely blown away by how good this denim jacket is. Will buy again!,Positive,5
REV-10935,Apparel,Impressive performance and stylish design. Very satisfied with the quick delivery and ergonomics.,Positive,5
REV-12381,Electronics,Waste of money! The office chair broke immediately. Do not buy this garbage.,Negative,2
REV-12580,Beauty,The denim jacket arrived on Tuesday in standard packaging. Included cable and manual.,Neutral,3
REV-10727,Apparel,Super happy with this item! Works better than advertised and very easy to use.,Positive,5
REV-10827,Apparel,Outstanding value for the money. The office chair feels premium and durable.,Positive,5
REV-11522,Home & Kitchen,Regret buying this. Overpriced junk with terrible customer support.,Negative,1
REV-10137,Electronics,Super happy with this item! Works better than advertised and very easy to use.,Positive,5
REV-10629,Apparel,Impressive performance and stylish design. Very satisfied with the quick delivery and sound quality.,Positive,5
REV-10335,Beauty,Incredible product! Totally worth every penny. Super fast shipping and great finishing.,Positive,5
REV-10391,Home & Kitchen,Outstanding value for the money. The running shoes feels premium and durable.,Positive,4
REV-12766,Beauty,"Average item. It functions as expected, neither particularly good nor bad.",Neutral,3
REV-11818,Electronics,Worst purchase ever. Stopped working after 3 days and customer service refused a refund.,Negative,2
REV-13234,Home & Kitchen,"Decent product. Meets the baseline requirements, but nothing to write home about.",Neutral,3
REV-10711,Electronics,Absolutely love this wireless earbuds! The ergonomics is top-notch and exceeded my expectations.,Positive,5
REV-11040,Office Supplies,"Five stars! Excellent build quality, seamless setup, and brilliant ergonomics.",Positive,5
REV-12359,Office Supplies,Defective out of the box! Returning it right now for a full refund.,Negative,1
REV-13108,Beauty,Standard quality for this price point. Moderate performance in everyday use.,Neutral,3
REV-11562,Office Supplies,Waste of money! The smartwatch broke immediately. Do not buy this garbage.,Negative,2
REV-13306,Apparel,Ordered the black color variant. Delivery took 4 business days.,Neutral,3
REV-13016,Apparel,Received the espresso maker yesterday. It matches the specifications listed on the page.,Neutral,3
REV-11113,Beauty,Best purchase I have made all year! Highly recommend this espresso maker to everyone.,Positive,5
REV-11224,Apparel,"Very frustrated with this order. Arrived late, damaged packaging, and awful user interface.",Negative,1
REV-12403,Home & Kitchen,The package contains one office chair and standard accessories. As described.,Neutral,3
REV-11509,Apparel,Zero stars if I could. The smartwatch failed on the first day. Extremely annoying.,Negative,1
REV-11751,Electronics,Worst purchase ever. Stopped working after 3 days and customer service refused a refund.,Negative,1
REV-13310,Beauty,The smartwatch arrived on Tuesday in standard packaging. Included cable and manual.,Neutral,3
REV-10339,Home & Kitchen,Incredible product! Totally worth every penny. Super fast shipping and great display clarity.,Positive,4
REV-10216,Home & Kitchen,Super happy with this item! Works better than advertised and very easy to use.,Positive,4
REV-11342,Office Supplies,"Very frustrated with this order. Arrived late, damaged packaging, and awful display clarity.",Negative,1
REV-13169,Electronics,The package contains one office chair and standard accessories. As described.,Neutral,3
REV-13366,Apparel,Ordered the black color variant. Delivery took 4 business days.,Neutral,3
REV-12331,Beauty,Worst purchase ever. Stopped working after 3 days and customer service refused a refund.,Negative,1
REV-12239,Electronics,Regret buying this. Overpriced junk with terrible customer support.,Negative,2
REV-12884,Apparel,"Decent product. Meets the baseline requirements, but nothing to write home about.",Neutral,3
REV-10102,Office Supplies,I am genuinely blown away by how good this air fryer is. Will buy again!,Positive,5
REV-12583,Apparel,Standard quality for this price point. Moderate performance in everyday use.,Neutral,3
REV-10172,Electronics,"Five stars! Excellent build quality, seamless setup, and brilliant build material.",Positive,5
REV-10108,Apparel,Best purchase I have made all year! Highly recommend this denim jacket to everyone.,Positive,4
REV-12528,Apparel,"Decent product. Meets the baseline requirements, but nothing to write home about.",Neutral,3
REV-13583,Beauty,"Decent product. Meets the baseline requirements, but nothing to write home about.",Neutral,3
REV-12645,Office Supplies,Normal purchase experience. Arrived within the estimated delivery window.,Neutral,3
REV-12406,Electronics,"Average item. It functions as expected, neither particularly good nor bad.",Neutral,3
REV-12288,Home & Kitchen,Regret buying this. Overpriced junk with terrible customer support.,Negative,1
REV-12447,Home & Kitchen,Standard quality for this price point. Moderate performance in everyday use.,Neutral,3
REV-12413,Electronics,Received the gaming laptop yesterday. It matches the specifications listed on the page.,Neutral,3
REV-12852,Home & Kitchen,Ordered the black color variant. Delivery took 4 business days.,Neutral,3
REV-12824,Apparel,The wireless earbuds arrived on Tuesday in standard packaging. Included cable and manual.,Neutral,3
REV-13083,Electronics,"Decent product. Meets the baseline requirements, but nothing to write home about.",Neutral,3
REV-11041,Office Supplies,I am genuinely blown away by how good this office chair is. Will buy again!,Positive,4
REV-12121,Apparel,Worst purchase ever. Stopped working after 3 days and customer service refused a refund.,Negative,1
REV-11525,Beauty,Extremely disappointed with this smartwatch. The sound quality is completely defective and cheap.,Negative,2
REV-13465,Beauty,Ordered the black color variant. Delivery took 4 business days.,Neutral,3
REV-10482,Home & Kitchen,Super happy with this item! Works better than advertised and very easy to use.,Positive,5
REV-12562,Beauty,Standard quality for this price point. Moderate performance in everyday use.,Neutral,3
REV-12662,Apparel,Standard quality for this price point. Moderate performance in everyday use.,Neutral,3
REV-11763,Office Supplies,"Total scam. Horrible performance, constantly glitching, and very slow.",Negative,1
REV-13280,Beauty,The air fryer dimensions are as stated in the manual. Fairly average overall.,Neutral,3
REV-13043,Apparel,Standard quality for this price point. Moderate performance in everyday use.,Neutral,3
REV-12491,Home & Kitchen,The smartwatch arrived on Tuesday in standard packaging. Included cable and manual.,Neutral,3
REV-12461,Home & Kitchen,The smartwatch dimensions are as stated in the manual. Fairly average overall.,Neutral,3
REV-10406,Electronics,I am genuinely blown away by how good this running shoes is. Will buy again!,Positive,5
REV-10758,Beauty,"Five stars! Excellent build quality, seamless setup, and brilliant reliability.",Positive,5
REV-12354,Office Supplies,Inferior build quality. The finishing feels fragile and useless.,Negative,1
REV-10098,Beauty,Best purchase I have made all year! Highly recommend this running shoes to everyone.,Positive,5
REV-11334,Apparel,Worst purchase ever. Stopped working after 3 days and customer service refused a refund.,Negative,1
REV-12860,Electronics,"Decent product. Meets the baseline requirements, but nothing to write home about.",Neutral,3
REV-13322,Apparel,The running shoes is okay. Does what it says on the box. Nothing extraordinary.,Neutral,3
REV-12367,Home & Kitchen,Zero stars if I could. The wireless earbuds failed on the first day. Extremely annoying.,Negative,1
REV-12059,Beauty,Defective out of the box! Returning it right now for a full refund.,Negative,2
REV-12532,Beauty,Standard quality for this price point. Moderate performance in everyday use.,Neutral,3
REV-10149,Apparel,Fantastic experience. The customer service was helpful and the smartwatch is perfect.,Positive,5
REV-10029,Apparel,Absolutely love this wireless earbuds! The packaging is top-notch and exceeded my expectations.,Positive,5
REV-12463,Office Supplies,The package contains one wireless earbuds and standard accessories. As described.,Neutral,3
REV-12370,Office Supplies,Defective out of the box! Returning it right now for a full refund.,Negative,1
REV-10693,Home & Kitchen,Impressive performance and stylish design. Very satisfied with the quick delivery and reliability.,Positive,5
REV-11387,Beauty,Extremely disappointed with this espresso maker. The finishing is completely defective and cheap.,Negative,2
REV-11846,Beauty,Inferior build quality. The ergonomics feels fragile and useless.,Negative,1
REV-12466,Home & Kitchen,The running shoes is okay. Does what it says on the box. Nothing extraordinary.,Neutral,3
REV-11600,Office Supplies,Extremely disappointed with this bluetooth speaker. The display clarity is completely defective and cheap.,Negative,1
REV-10702,Office Supplies,Fantastic experience. The customer service was helpful and the denim jacket is perfect.,Positive,4
REV-11709,Office Supplies,Inferior build quality. The packaging feels fragile and useless.,Negative,2
REV-10455,Apparel,Best purchase I have made all year! Highly recommend this skincare serum to everyone.,Positive,5
REV-12041,Office Supplies,Inferior build quality. The display clarity feels fragile and useless.,Negative,1
REV-13141,Office Supplies,Standard quality for this price point. Moderate performance in everyday use.,Neutral,3
REV-10610,Office Supplies,Incredible product! Totally worth every penny. Super fast shipping and great battery life.,Positive,4
REV-10168,Home & Kitchen,Best purchase I have made all year! Highly recommend this wireless earbuds to everyone.,Positive,5
REV-10731,Home & Kitchen,Incredible product! Totally worth every penny. Super fast shipping and great sound quality.,Positive,5
REV-12593,Electronics,"Decent product. Meets the baseline requirements, but nothing to write home about.",Neutral,3
REV-13219,Apparel,Standard quality for this price point. Moderate performance in everyday use.,Neutral,3
REV-12388,Office Supplies,Worst purchase ever. Stopped working after 3 days and customer service refused a refund.,Negative,1
REV-11623,Beauty,Extremely disappointed with this wireless earbuds. The build material is completely defective and cheap.,Negative,1
REV-10588,Office Supplies,Best purchase I have made all year! Highly recommend this skincare serum to everyone.,Positive,4
REV-11402,Electronics,Poor quality material and terrible design. Does not match the description at all.,Negative,1
REV-11701,Home & Kitchen,Regret buying this. Overpriced junk with terrible customer support.,Negative,1
REV-12627,Office Supplies,Normal purchase experience. Arrived within the estimated delivery window.,Neutral,3
REV-12833,Home & Kitchen,Standard quality for this price point. Moderate performance in everyday use.,Neutral,3
REV-11380,Office Supplies,Defective out of the box! Returning it right now for a full refund.,Negative,1
REV-12090,Home & Kitchen,"Very frustrated with this order. Arrived late, damaged packaging, and awful ergonomics.",Negative,1
REV-12176,Office Supplies,Extremely disappointed with this office chair. The battery life is completely defective and cheap.,Negative,1
REV-12602,Home & Kitchen,The package contains one running shoes and standard accessories. As described.,Neutral,3
REV-12313,Office Supplies,Zero stars if I could. The wireless earbuds failed on the first day. Extremely annoying.,Negative,1
REV-12918,Home & Kitchen,The running shoes arrived on Tuesday in standard packaging. Included cable and manual.,Neutral,3
REV-10442,Home & Kitchen,Great quality skincare serum. Works flawlessly and the battery life is simply amazing.,Positive,4
REV-12052,Home & Kitchen,Waste of money! The wireless earbuds broke immediately. Do not buy this garbage.,Negative,2
REV-11302,Home & Kitchen,Extremely disappointed with this office chair. The reliability is completely defective and cheap.,Negative,1
REV-13119,Home & Kitchen,"Average item. It functions as expected, neither particularly good nor bad.",Neutral,3
REV-11305,Beauty,"Very frustrated with this order. Arrived late, damaged packaging, and awful performance.",Negative,2
REV-10237,Home & Kitchen,Absolutely love this smartwatch! The packaging is top-notch and exceeded my expectations.,Positive,5
REV-10521,Office Supplies,Best purchase I have made all year! Highly recommend this wireless earbuds to everyone.,Positive,5
REV-10736,Apparel,Impressive performance and stylish design. Very satisfied with the quick delivery and display clarity.,Positive,5
REV-13181,Electronics,Standard quality for this price point. Moderate performance in everyday use.,Neutral,3
REV-12107,Electronics,Regret buying this. Overpriced junk with terrible customer support.,Negative,1
REV-10593,Office Supplies,Best purchase I have made all year! Highly recommend this air fryer to everyone.,Positive,4
REV-11304,Apparel,"Very frustrated with this order. Arrived late, damaged packaging, and awful packaging.",Negative,1
REV-11388,Office Supplies,"Very frustrated with this order. Arrived late, damaged packaging, and awful finishing.",Negative,2
REV-12339,Apparel,Defective out of the box! Returning it right now for a full refund.,Negative,1
REV-12673,Beauty,Received the smartwatch yesterday. It matches the specifications listed on the page.,Neutral,3
REV-13346,Office Supplies,"Decent product. Meets the baseline requirements, but nothing to write home about.",Neutral,3
REV-10905,Apparel,"Five stars! Excellent build quality, seamless setup, and brilliant packaging.",Positive,5
REV-13046,Beauty,"Decent product. Meets the baseline requirements, but nothing to write home about.",Neutral,3
REV-11280,Electronics,"Very frustrated with this order. Arrived late, damaged packaging, and awful ergonomics.",Negative,2
REV-12875,Beauty,"Decent product. Meets the baseline requirements, but nothing to write home about.",Neutral,3
REV-13452,Apparel,The air fryer is okay. Does what it says on the box. Nothing extraordinary.,Neutral,3
REV-12309,Home & Kitchen,Poor quality material and terrible design. Does not match the description at all.,Negative,1
REV-12858,Home & Kitchen,Ordered the black color variant. Delivery took 4 business days.,Neutral,3
REV-12948,Beauty,"Decent product. Meets the baseline requirements, but nothing to write home about.",Neutral,3
REV-12851,Beauty,The wireless earbuds arrived on Tuesday in standard packaging. Included cable and manual.,Neutral,3
REV-10707,Apparel,Fantastic experience. The customer service was helpful and the smartwatch is perfect.,Positive,5
REV-13166,Apparel,Received the skincare serum yesterday. It matches the specifications listed on the page.,Neutral,3
REV-10746,Apparel,Incredible product! Totally worth every penny. Super fast shipping and great packaging.,Positive,4
REV-11940,Beauty,Poor quality material and terrible design. Does not match the description at all.,Negative,1
REV-13129,Beauty,The wireless earbuds arrived on Tuesday in standard packaging. Included cable and manual.,Neutral,3
REV-10514,Home & Kitchen,Incredible product! Totally worth every penny. Super fast shipping and great sound quality.,Positive,4
REV-10082,Home & Kitchen,Impressive performance and stylish design. Very satisfied with the quick delivery and display clarity.,Positive,5
REV-11309,Home & Kitchen,Poor quality material and terrible design. Does not match the description at all.,Negative,1
REV-12983,Office Supplies,Received the running shoes yesterday. It matches the specifications listed on the page.,Neutral,3
REV-10915,Office Supplies,Fantastic experience. The customer service was helpful and the denim jacket is perfect.,Positive,4
REV-13311,Electronics,The package contains one denim jacket and standard accessories. As described.,Neutral,3
REV-13295,Home & Kitchen,Standard quality for this price point. Moderate performance in everyday use.,Neutral,3
REV-10775,Electronics,"Five stars! Excellent build quality, seamless setup, and brilliant performance.",Positive,5
REV-10330,Electronics,Incredible product! Totally worth every penny. Super fast shipping and great reliability.,Positive,5
REV-12055,Home & Kitchen,"Total scam. Horrible performance, constantly glitching, and very slow.",Negative,1
REV-12002,Beauty,"Total scam. Horrible performance, constantly glitching, and very slow.",Negative,2
REV-10944,Home & Kitchen,Absolutely love this smartwatch! The packaging is top-notch and exceeded my expectations.,Positive,5
REV-10823,Apparel,Super happy with this item! Works better than advertised and very easy to use.,Positive,5
REV-10910,Office Supplies,Super happy with this item! Works better than advertised and very easy to use.,Positive,5
REV-10182,Apparel,Impressive performance and stylish design. Very satisfied with the quick delivery and display clarity.,Positive,5
REV-10165,Beauty,"Five stars! Excellent build quality, seamless setup, and brilliant performance.",Positive,5
REV-11524,Electronics,Regret buying this. Overpriced junk with terrible customer support.,Negative,1
REV-10452,Beauty,Best purchase I have made all year! Highly recommend this office chair to everyone.,Positive,5
REV-11312,Beauty,Defective out of the box! Returning it right now for a full refund.,Negative,2
REV-11112,Apparel,Outstanding value for the money. The running shoes feels premium and durable.,Positive,5
REV-12980,Home & Kitchen,"Average item. It functions as expected, neither particularly good nor bad.",Neutral,3
REV-11288,Apparel,Regret buying this. Overpriced junk with terrible customer support.,Negative,1
REV-10328,Beauty,Best purchase I have made all year! Highly recommend this skincare serum to everyone.,Positive,5
REV-11791,Electronics,Worst purchase ever. Stopped working after 3 days and customer service refused a refund.,Negative,1
REV-13183,Electronics,Standard quality for this price point. Moderate performance in everyday use.,Neutral,3
REV-12008,Apparel,Regret buying this. Overpriced junk with terrible customer support.,Negative,1
REV-11859,Electronics,"Total scam. Horrible performance, constantly glitching, and very slow.",Negative,1
REV-10313,Beauty,Fantastic experience. The customer service was helpful and the bluetooth speaker is perfect.,Positive,5
REV-10833,Home & Kitchen,Outstanding value for the money. The wireless earbuds feels premium and durable.,Positive,5
REV-11202,Home & Kitchen,Waste of money! The skincare serum broke immediately. Do not buy this garbage.,Negative,1
REV-12771,Apparel,Standard quality for this price point. Moderate performance in everyday use.,Neutral,3
REV-12425,Home & Kitchen,Ordered the black color variant. Delivery took 4 business days.,Neutral,3
REV-12135,Office Supplies,Waste of money! The running shoes broke immediately. Do not buy this garbage.,Negative,2
REV-12210,Office Supplies,"Very frustrated with this order. Arrived late, damaged packaging, and awful ergonomics.",Negative,2
REV-13535,Beauty,The espresso maker is okay. Does what it says on the box. Nothing extraordinary.,Neutral,3
REV-11482,Office Supplies,Worst purchase ever. Stopped working after 3 days and customer service refused a refund.,Negative,1
REV-10778,Apparel,Super happy with this item! Works better than advertised and very easy to use.,Positive,5
REV-10800,Office Supplies,Super happy with this item! Works better than advertised and very easy to use.,Positive,4
REV-10055,Electronics,Fantastic experience. The customer service was helpful and the smartwatch is perfect.,Positive,5
REV-11921,Apparel,"Very frustrated with this order. Arrived late, damaged packaging, and awful reliability.",Negative,1
REV-13095,Beauty,Received the espresso maker yesterday. It matches the specifications listed on the page.,Neutral,3
REV-12588,Beauty,The running shoes dimensions are as stated in the manual. Fairly average overall.,Neutral,3
REV-11702,Apparel,Regret buying this. Overpriced junk with terrible customer support.,Negative,1
REV-12162,Home & Kitchen,"Very frustrated with this order. Arrived late, damaged packaging, and awful reliability.",Negative,1
REV-13368,Beauty,The skincare serum dimensions are as stated in the manual. Fairly average overall.,Neutral,3
REV-10988,Beauty,Absolutely love this running shoes! The performance is top-notch and exceeded my expectations.,Positive,5
REV-12586,Apparel,Received the running shoes yesterday. It matches the specifications listed on the page.,Neutral,3
REV-11395,Office Supplies,Zero stars if I could. The running shoes failed on the first day. Extremely annoying.,Negative,1
REV-10769,Electronics,I am genuinely blown away by how good this office chair is. Will buy again!,Positive,4
REV-13180,Home & Kitchen,The running shoes is okay. Does what it says on the box. Nothing extraordinary.,Neutral,3
REV-10286,Beauty,Great quality espresso maker. Works flawlessly and the battery life is simply amazing.,Positive,4
REV-13162,Beauty,"Average item. It functions as expected, neither particularly good nor bad.",Neutral,3
REV-10429,Home & Kitchen,Fantastic experience. The customer service was helpful and the air fryer is perfect.,Positive,5
REV-12333,Beauty,Waste of money! The running shoes broke immediately. Do not buy this garbage.,Negative,1
REV-12080,Electronics,Zero stars if I could. The espresso maker failed on the first day. Extremely annoying.,Negative,2
REV-10723,Electronics,Outstanding value for the money. The wireless earbuds feels premium and durable.,Positive,5
REV-10952,Beauty,Outstanding value for the money. The gaming laptop feels premium and durable.,Positive,4
REV-12263,Home & Kitchen,"Very frustrated with this order. Arrived late, damaged packaging, and awful ergonomics.",Negative,1
REV-10990,Electronics,Absolutely love this air fryer! The build material is top-notch and exceeded my expectations.,Positive,5
REV-13351,Electronics,Received the office chair yesterday. It matches the specifications listed on the page.,Neutral,3
REV-13541,Office Supplies,Standard quality for this price point. Moderate performance in everyday use.,Neutral,3
REV-10327,Office Supplies,Best purchase I have made all year! Highly recommend this smartwatch to everyone.,Positive,5
REV-11384,Home & Kitchen,Regret buying this. Overpriced junk with terrible customer support.,Negative,1
REV-11725,Electronics,Defective out of the box! Returning it right now for a full refund.,Negative,2
REV-11087,Office Supplies,Impressive performance and stylish design. Very satisfied with the quick delivery and sound quality.,Positive,5
REV-10342,Home & Kitchen,I am genuinely blown away by how good this espresso maker is. Will buy again!,Positive,5
REV-10148,Home & Kitchen,Absolutely love this gaming laptop! The display clarity is top-notch and exceeded my expectations.,Positive,5
REV-12799,Home & Kitchen,"Average item. It functions as expected, neither particularly good nor bad.",Neutral,3
REV-11108,Beauty,Fantastic experience. The customer service was helpful and the bluetooth speaker is perfect.,Positive,5
REV-10849,Home & Kitchen,Super happy with this item! Works better than advertised and very easy to use.,Positive,5
REV-10967,Home & Kitchen,Outstanding value for the money. The espresso maker feels premium and durable.,Positive,5
REV-13532,Home & Kitchen,"Decent product. Meets the baseline requirements, but nothing to write home about.",Neutral,3
REV-12204,Apparel,"Very frustrated with this order. Arrived late, damaged packaging, and awful performance.",Negative,1
REV-10662,Apparel,Impressive performance and stylish design. Very satisfied with the quick delivery and packaging.,Positive,4
REV-11003,Apparel,I am genuinely blown away by how good this gaming laptop is. Will buy again!,Positive,5
REV-12801,Electronics,Standard quality for this price point. Moderate performance in everyday use.,Neutral,3
REV-13012,Electronics,Standard quality for this price point. Moderate performance in everyday use.,Neutral,3
REV-12804,Apparel,The espresso maker arrived on Tuesday in standard packaging. Included cable and manual.,Neutral,3
REV-13182,Home & Kitchen,Received the gaming laptop yesterday. It matches the specifications listed on the page.,Neutral,3
REV-11880,Apparel,Regret buying this. Overpriced junk with terrible customer support.,Negative,1
REV-13581,Apparel,The running shoes dimensions are as stated in the manual. Fairly average overall.,Neutral,3
REV-11204,Office Supplies,Extremely disappointed with this skincare serum. The sound quality is completely defective and cheap.,Negative,1
REV-11991,Electronics,Regret buying this. Overpriced junk with terrible customer support.,Negative,1
REV-10025,Office Supplies,Impressive performance and stylish design. Very satisfied with the quick delivery and ergonomics.,Positive,5
REV-13373,Electronics,Standard quality for this price point. Moderate performance in everyday use.,Neutral,3
REV-13349,Office Supplies,Standard quality for this price point. Moderate performance in everyday use.,Neutral,3
REV-12495,Beauty,"Decent product. Meets the baseline requirements, but nothing to write home about.",Neutral,3
REV-12756,Electronics,The denim jacket dimensions are as stated in the manual. Fairly average overall.,Neutral,3
REV-10876,Apparel,Absolutely love this bluetooth speaker! The user interface is top-notch and exceeded my expectations.,Positive,5
REV-13229,Beauty,Received the wireless earbuds yesterday. It matches the specifications listed on the page.,Neutral,3
REV-10939,Beauty,Impressive performance and stylish design. Very satisfied with the quick delivery and packaging.,Positive,4
REV-12395,Beauty,Zero stars if I could. The gaming laptop failed on the first day. Extremely annoying.,Negative,1
REV-12999,Office Supplies,"Decent product. Meets the baseline requirements, but nothing to write home about.",Neutral,3
REV-13564,Home & Kitchen,The package contains one smartwatch and standard accessories. As described.,Neutral,3
REV-10386,Office Supplies,Incredible product! Totally worth every penny. Super fast shipping and great display clarity.,Positive,5
REV-12750,Electronics,The gaming laptop is okay. Does what it says on the box. Nothing extraordinary.,Neutral,3
REV-13360,Apparel,Standard quality for this price point. Moderate performance in everyday use.,Neutral,3
REV-12639,Office Supplies,Received the gaming laptop yesterday. It matches the specifications listed on the page.,Neutral,3
REV-12292,Electronics,Regret buying this. Overpriced junk with terrible customer support.,Negative,1
REV-12508,Electronics,Normal purchase experience. Arrived within the estimated delivery window.,Neutral,3
REV-10937,Apparel,Absolutely love this smartwatch! The battery life is top-notch and exceeded my expectations.,Positive,5
REV-13089,Office Supplies,The package contains one espresso maker and standard accessories. As described.,Neutral,3
REV-12361,Beauty,Defective out of the box! Returning it right now for a full refund.,Negative,2
REV-13506,Electronics,Standard quality for this price point. Moderate performance in everyday use.,Neutral,3
REV-11333,Home & Kitchen,"Very frustrated with this order. Arrived late, damaged packaging, and awful performance.",Negative,1
REV-11935,Home & Kitchen,Poor quality material and terrible design. Does not match the description at all.,Negative,1
REV-10936,Beauty,I am genuinely blown away by how good this gaming laptop is. Will buy again!,Positive,4
REV-12419,Electronics,The package contains one smartwatch and standard accessories. As described.,Neutral,3
REV-10567,Home & Kitchen,"Five stars! Excellent build quality, seamless setup, and brilliant reliability.",Positive,4
REV-11855,Electronics,Inferior build quality. The display clarity feels fragile and useless.,Negative,2
REV-13191,Beauty,Normal purchase experience. Arrived within the estimated delivery window.,Neutral,3
REV-11646,Home & Kitchen,Inferior build quality. The ergonomics feels fragile and useless.,Negative,1
REV-13008,Apparel,"Average item. It functions as expected, neither particularly good nor bad.",Neutral,3
REV-11793,Office Supplies,Zero stars if I could. The gaming laptop failed on the first day. Extremely annoying.,Negative,1
REV-11431,Office Supplies,Worst purchase ever. Stopped working after 3 days and customer service refused a refund.,Negative,1
REV-13344,Electronics,Received the smartwatch yesterday. It matches the specifications listed on the page.,Neutral,3
REV-11014,Office Supplies,Incredible product! Totally worth every penny. Super fast shipping and great packaging.,Positive,5
REV-11929,Electronics,"Very frustrated with this order. Arrived late, damaged packaging, and awful reliability.",Negative,1
REV-12700,Apparel,Received the skincare serum yesterday. It matches the specifications listed on the page.,Neutral,3
REV-10127,Office Supplies,Outstanding value for the money. The denim jacket feels premium and durable.,Positive,5
REV-12514,Beauty,"Average item. It functions as expected, neither particularly good nor bad.",Neutral,3
REV-11348,Office Supplies,"Total scam. Horrible performance, constantly glitching, and very slow.",Negative,1
REV-10356,Electronics,Best purchase I have made all year! Highly recommend this wireless earbuds to everyone.,Positive,5
REV-10828,Apparel,Incredible product! Totally worth every penny. Super fast shipping and great user interface.,Positive,5
REV-11640,Office Supplies,"Very frustrated with this order. Arrived late, damaged packaging, and awful user interface.",Negative,1
REV-10985,Apparel,Impressive performance and stylish design. Very satisfied with the quick delivery and sound quality.,Positive,5
REV-12189,Office Supplies,"Very frustrated with this order. Arrived late, damaged packaging, and awful build material.",Negative,1
REV-13053,Office Supplies,Normal purchase experience. Arrived within the estimated delivery window.,Neutral,3
REV-12444,Beauty,Received the skincare serum yesterday. It matches the specifications listed on the page.,Neutral,3
REV-10363,Beauty,Super happy with this item! Works better than advertised and very easy to use.,Positive,5
REV-12350,Home & Kitchen,Regret buying this. Overpriced junk with terrible customer support.,Negative,1
REV-10346,Electronics,Fantastic experience. The customer service was helpful and the smartwatch is perfect.,Positive,5
REV-12625,Office Supplies,The package contains one wireless earbuds and standard accessories. As described.,Neutral,3
REV-13044,Apparel,The package contains one bluetooth speaker and standard accessories. As described.,Neutral,3
REV-10712,Home & Kitchen,I am genuinely blown away by how good this espresso maker is. Will buy again!,Positive,4
REV-12476,Apparel,Standard quality for this price point. Moderate performance in everyday use.,Neutral,3
REV-10011,Beauty,Impressive performance and stylish design. Very satisfied with the quick delivery and reliability.,Positive,5
REV-12891,Electronics,The office chair dimensions are as stated in the manual. Fairly average overall.,Neutral,3
REV-12117,Apparel,Zero stars if I could. The office chair failed on the first day. Extremely annoying.,Negative,1
REV-11835,Apparel,Inferior build quality. The packaging feels fragile and useless.,Negative,1
REV-10794,Apparel,I am genuinely blown away by how good this gaming laptop is. Will buy again!,Positive,5
REV-13316,Beauty,Received the bluetooth speaker yesterday. It matches the specifications listed on the page.,Neutral,3
REV-10095,Apparel,Super happy with this item! Works better than advertised and very easy to use.,Positive,4
REV-10130,Home & Kitchen,Impressive performance and stylish design. Very satisfied with the quick delivery and battery life.,Positive,5
REV-12372,Home & Kitchen,Zero stars if I could. The air fryer failed on the first day. Extremely annoying.,Negative,1
REV-12686,Beauty,"Average item. It functions as expected, neither particularly good nor bad.",Neutral,3
REV-13484,Electronics,Received the running shoes yesterday. It matches the specifications listed on the page.,Neutral,3
REV-12264,Office Supplies,"Total scam. Horrible performance, constantly glitching, and very slow.",Negative,1
REV-11901,Electronics,Inferior build quality. The battery life feels fragile and useless.,Negative,2
REV-12630,Home & Kitchen,Normal purchase experience. Arrived within the estimated delivery window.,Neutral,3
REV-12867,Beauty,Normal purchase experience. Arrived within the estimated delivery window.,Neutral,3
REV-11933,Apparel,Defective out of the box! Returning it right now for a full refund.,Negative,1
REV-12578,Home & Kitchen,Received the espresso maker yesterday. It matches the specifications listed on the page.,Neutral,3
REV-11866,Electronics,Poor quality material and terrible design. Does not match the description at all.,Negative,1
REV-11659,Apparel,Waste of money! The bluetooth speaker broke immediately. Do not buy this garbage.,Negative,1
REV-10517,Home & Kitchen,Incredible product! Totally worth every penny. Super fast shipping and great reliability.,Positive,5
REV-11858,Electronics,Zero stars if I could. The office chair failed on the first day. Extremely annoying.,Negative,1
REV-12244,Home & Kitchen,Defective out of the box! Returning it right now for a full refund.,Negative,1
REV-11278,Apparel,Waste of money! The running shoes broke immediately. Do not buy this garbage.,Negative,1
REV-13469,Electronics,"Average item. It functions as expected, neither particularly good nor bad.",Neutral,3
REV-10951,Office Supplies,Outstanding value for the money. The office chair feels premium and durable.,Positive,5
REV-11121,Office Supplies,Outstanding value for the money. The denim jacket feels premium and durable.,Positive,5
REV-12205,Office Supplies,"Very frustrated with this order. Arrived late, damaged packaging, and awful finishing.",Negative,1
REV-10420,Office Supplies,I am genuinely blown away by how good this bluetooth speaker is. Will buy again!,Positive,4
REV-10923,Beauty,"Five stars! Excellent build quality, seamless setup, and brilliant finishing.",Positive,5
REV-12642,Apparel,"Average item. It functions as expected, neither particularly good nor bad.",Neutral,3
REV-10478,Electronics,Super happy with this item! Works better than advertised and very easy to use.,Positive,5
REV-12036,Apparel,Inferior build quality. The sound quality feels fragile and useless.,Negative,1
REV-12944,Office Supplies,The smartwatch dimensions are as stated in the manual. Fairly average overall.,Neutral,3
REV-11693,Electronics,Worst purchase ever. Stopped working after 3 days and customer service refused a refund.,Negative,1
REV-12656,Home & Kitchen,Normal purchase experience. Arrived within the estimated delivery window.,Neutral,3
REV-11472,Apparel,Worst purchase ever. Stopped working after 3 days and customer service refused a refund.,Negative,2
REV-11203,Office Supplies,Inferior build quality. The sound quality feels fragile and useless.,Negative,1
REV-12439,Electronics,Normal purchase experience. Arrived within the estimated delivery window.,Neutral,3
REV-11670,Home & Kitchen,Extremely disappointed with this office chair. The display clarity is completely defective and cheap.,Negative,1
REV-13330,Electronics,Ordered the black color variant. Delivery took 4 business days.,Neutral,3
REV-11971,Home & Kitchen,"Very frustrated with this order. Arrived late, damaged packaging, and awful display clarity.",Negative,1
REV-12152,Apparel,Poor quality material and terrible design. Does not match the description at all.,Negative,2
REV-10821,Office Supplies,Best purchase I have made all year! Highly recommend this smartwatch to everyone.,Positive,5
REV-11998,Home & Kitchen,"Total scam. Horrible performance, constantly glitching, and very slow.",Negative,1
REV-13440,Apparel,"Average item. It functions as expected, neither particularly good nor bad.",Neutral,3
REV-11249,Apparel,Regret buying this. Overpriced junk with terrible customer support.,Negative,1
REV-12638,Electronics,Ordered the black color variant. Delivery took 4 business days.,Neutral,3
REV-13189,Home & Kitchen,"Decent product. Meets the baseline requirements, but nothing to write home about.",Neutral,3
REV-12191,Apparel,Worst purchase ever. Stopped working after 3 days and customer service refused a refund.,Negative,1
REV-13132,Electronics,Normal purchase experience. Arrived within the estimated delivery window.,Neutral,3
REV-11047,Home & Kitchen,Outstanding value for the money. The running shoes feels premium and durable.,Positive,4
REV-11889,Apparel,Poor quality material and terrible design. Does not match the description at all.,Negative,2
REV-12470,Home & Kitchen,The denim jacket arrived on Tuesday in standard packaging. Included cable and manual.,Neutral,3
REV-10616,Office Supplies,Great quality smartwatch. Works flawlessly and the user interface is simply amazing.,Positive,5
REV-11319,Electronics,Worst purchase ever. Stopped working after 3 days and customer service refused a refund.,Negative,1
REV-13518,Office Supplies,Ordered the black color variant. Delivery took 4 business days.,Neutral,3
REV-13497,Apparel,The gaming laptop dimensions are as stated in the manual. Fairly average overall.,Neutral,3
REV-13510,Beauty,"Average item. It functions as expected, neither particularly good nor bad.",Neutral,3
REV-12137,Office Supplies,Regret buying this. Overpriced junk with terrible customer support.,Negative,2
REV-12941,Office Supplies,The espresso maker arrived on Tuesday in standard packaging. Included cable and manual.,Neutral,3
REV-11773,Office Supplies,Defective out of the box! Returning it right now for a full refund.,Negative,1
REV-13540,Office Supplies,"Average item. It functions as expected, neither particularly good nor bad.",Neutral,3
REV-10132,Beauty,"Five stars! Excellent build quality, seamless setup, and brilliant sound quality.",Positive,5
REV-10078,Electronics,I am genuinely blown away by how good this gaming laptop is. Will buy again!,Positive,5
REV-12053,Beauty,"Very frustrated with this order. Arrived late, damaged packaging, and awful build material.",Negative,1
REV-10725,Office Supplies,Great quality running shoes. Works flawlessly and the build material is simply amazing.,Positive,4
REV-11315,Office Supplies,Poor quality material and terrible design. Does not match the description at all.,Negative,1
REV-11852,Beauty,Poor quality material and terrible design. Does not match the description at all.,Negative,1
REV-13503,Electronics,Received the office chair yesterday. It matches the specifications listed on the page.,Neutral,3
REV-12752,Beauty,The skincare serum dimensions are as stated in the manual. Fairly average overall.,Neutral,3
REV-12972,Home & Kitchen,Ordered the black color variant. Delivery took 4 business days.,Neutral,3
REV-11373,Home & Kitchen,Inferior build quality. The performance feels fragile and useless.,Negative,1
REV-11856,Office Supplies,"Total scam. Horrible performance, constantly glitching, and very slow.",Negative,1
REV-11320,Home & Kitchen,"Total scam. Horrible performance, constantly glitching, and very slow.",Negative,2
REV-13447,Electronics,The package contains one denim jacket and standard accessories. As described.,Neutral,3
REV-12608,Electronics,Normal purchase experience. Arrived within the estimated delivery window.,Neutral,3
REV-10376,Home & Kitchen,Super happy with this item! Works better than advertised and very easy to use.,Positive,5
REV-11909,Office Supplies,Defective out of the box! Returning it right now for a full refund.,Negative,2
REV-10334,Home & Kitchen,I am genuinely blown away by how good this gaming laptop is. Will buy again!,Positive,5
REV-12705,Beauty,The package contains one smartwatch and standard accessories. As described.,Neutral,3
REV-12758,Beauty,"Decent product. Meets the baseline requirements, but nothing to write home about.",Neutral,3
REV-12366,Office Supplies,"Total scam. Horrible performance, constantly glitching, and very slow.",Negative,2
REV-11605,Apparel,Defective out of the box! Returning it right now for a full refund.,Negative,1
REV-11119,Apparel,Incredible product! Totally worth every penny. Super fast shipping and great reliability.,Positive,4
REV-13394,Beauty,The espresso maker arrived on Tuesday in standard packaging. Included cable and manual.,Neutral,3
REV-11944,Beauty,"Very frustrated with this order. Arrived late, damaged packaging, and awful packaging.",Negative,1
REV-12715,Electronics,The skincare serum dimensions are as stated in the manual. Fairly average overall.,Neutral,3
REV-12377,Home & Kitchen,"Total scam. Horrible performance, constantly glitching, and very slow.",Negative,1
REV-13017,Home & Kitchen,Normal purchase experience. Arrived within the estimated delivery window.,Neutral,3
REV-11343,Apparel,Regret buying this. Overpriced junk with terrible customer support.,Negative,2
REV-10321,Office Supplies,Absolutely love this office chair! The battery life is top-notch and exceeded my expectations.,Positive,5
REV-11620,Electronics,Poor quality material and terrible design. Does not match the description at all.,Negative,1
REV-12925,Office Supplies,The gaming laptop is okay. Does what it says on the box. Nothing extraordinary.,Neutral,3
REV-12061,Beauty,Waste of money! The smartwatch broke immediately. Do not buy this garbage.,Negative,1
REV-12220,Beauty,Extremely disappointed with this running shoes. The user interface is completely defective and cheap.,Negative,1
REV-11674,Office Supplies,Worst purchase ever. Stopped working after 3 days and customer service refused a refund.,Negative,1
REV-11943,Home & Kitchen,Poor quality material and terrible design. Does not match the description at all.,Negative,2
REV-10261,Apparel,Outstanding value for the money. The air fryer feels premium and durable.,Positive,5
REV-12814,Office Supplies,The air fryer dimensions are as stated in the manual. Fairly average overall.,Neutral,3
REV-12040,Apparel,"Very frustrated with this order. Arrived late, damaged packaging, and awful battery life.",Negative,2
REV-10690,Electronics,Great quality espresso maker. Works flawlessly and the reliability is simply amazing.,Positive,5
REV-10902,Apparel,"Five stars! Excellent build quality, seamless setup, and brilliant ergonomics.",Positive,5
REV-12307,Home & Kitchen,Worst purchase ever. Stopped working after 3 days and customer service refused a refund.,Negative,1
REV-12027,Beauty,Regret buying this. Overpriced junk with terrible customer support.,Negative,1
REV-10139,Home & Kitchen,Impressive performance and stylish design. Very satisfied with the quick delivery and finishing.,Positive,5
REV-11918,Home & Kitchen,Regret buying this. Overpriced junk with terrible customer support.,Negative,1
REV-11829,Electronics,Regret buying this. Overpriced junk with terrible customer support.,Negative,2
REV-11574,Office Supplies,"Total scam. Horrible performance, constantly glitching, and very slow.",Negative,1
REV-10320,Office Supplies,I am genuinely blown away by how good this gaming laptop is. Will buy again!,Positive,4
REV-10654,Apparel,"Five stars! Excellent build quality, seamless setup, and brilliant reliability.",Positive,5
REV-12138,Office Supplies,Worst purchase ever. Stopped working after 3 days and customer service refused a refund.,Negative,1
REV-12779,Office Supplies,The denim jacket is okay. Does what it says on the box. Nothing extraordinary.,Neutral,3
REV-10559,Office Supplies,Fantastic experience. The customer service was helpful and the running shoes is perfect.,Positive,5
REV-12188,Office Supplies,"Very frustrated with this order. Arrived late, damaged packaging, and awful battery life.",Negative,1
REV-10113,Office Supplies,"Five stars! Excellent build quality, seamless setup, and brilliant finishing.",Positive,5
REV-10532,Apparel,Impressive performance and stylish design. Very satisfied with the quick delivery and packaging.,Positive,5
REV-10225,Office Supplies,I am genuinely blown away by how good this skincare serum is. Will buy again!,Positive,4
REV-10724,Apparel,Outstanding value for the money. The denim jacket feels premium and durable.,Positive,5
REV-12904,Electronics,The running shoes arrived on Tuesday in standard packaging. Included cable and manual.,Neutral,3
REV-13077,Electronics,The bluetooth speaker arrived on Tuesday in standard packaging. Included cable and manual.,Neutral,3
REV-11434,Electronics,Regret buying this. Overpriced junk with terrible customer support.,Negative,1
REV-12374,Beauty,Waste of money! The skincare serum broke immediately. Do not buy this garbage.,Negative,1
REV-12788,Beauty,Standard quality for this price point. Moderate performance in everyday use.,Neutral,3
REV-12869,Office Supplies,Ordered the black color variant. Delivery took 4 business days.,Neutral,3
REV-11459,Office Supplies,Zero stars if I could. The gaming laptop failed on the first day. Extremely annoying.,Negative,2
REV-13237,Office Supplies,Received the air fryer yesterday. It matches the specifications listed on the page.,Neutral,3
REV-10847,Home & Kitchen,Impressive performance and stylish design. Very satisfied with the quick delivery and performance.,Positive,5
REV-10194,Electronics,Incredible product! Totally worth every penny. Super fast shipping and great ergonomics.,Positive,4
REV-11465,Beauty,Defective out of the box! Returning it right now for a full refund.,Negative,1
REV-10947,Home & Kitchen,I am genuinely blown away by how good this espresso maker is. Will buy again!,Positive,4
REV-12022,Apparel,Zero stars if I could. The running shoes failed on the first day. Extremely annoying.,Negative,2
REV-12552,Beauty,The package contains one air fryer and standard accessories. As described.,Neutral,3
REV-11630,Office Supplies,Extremely disappointed with this smartwatch. The ergonomics is completely defective and cheap.,Negative,1
REV-10118,Beauty,Outstanding value for the money. The bluetooth speaker feels premium and durable.,Positive,5
REV-10646,Beauty,Incredible product! Totally worth every penny. Super fast shipping and great user interface.,Positive,5
REV-11871,Office Supplies,Worst purchase ever. Stopped working after 3 days and customer service refused a refund.,Negative,1
REV-10004,Home & Kitchen,Great quality bluetooth speaker. Works flawlessly and the performance is simply amazing.,Positive,4
REV-10075,Home & Kitchen,I am genuinely blown away by how good this skincare serum is. Will buy again!,Positive,4
REV-11756,Beauty,"Very frustrated with this order. Arrived late, damaged packaging, and awful ergonomics.",Negative,1
REV-10468,Electronics,Impressive performance and stylish design. Very satisfied with the quick delivery and battery life.,Positive,4
REV-10006,Beauty,Absolutely love this skincare serum! The build material is top-notch and exceeded my expectations.,Positive,5
REV-11247,Office Supplies,Inferior build quality. The packaging feels fragile and useless.,Negative,1
REV-10920,Apparel,Best purchase I have made all year! Highly recommend this wireless earbuds to everyone.,Positive,4
REV-12596,Electronics,The package contains one bluetooth speaker and standard accessories. As described.,Neutral,3
REV-10229,Beauty,"Five stars! Excellent build quality, seamless setup, and brilliant sound quality.",Positive,5
REV-11064,Beauty,"Five stars! Excellent build quality, seamless setup, and brilliant build material.",Positive,5
REV-12591,Office Supplies,The skincare serum dimensions are as stated in the manual. Fairly average overall.,Neutral,3
REV-10243,Electronics,Outstanding value for the money. The denim jacket feels premium and durable.,Positive,5
REV-13173,Office Supplies,The espresso maker dimensions are as stated in the manual. Fairly average overall.,Neutral,3
REV-11161,Home & Kitchen,Impressive performance and stylish design. Very satisfied with the quick delivery and ergonomics.,Positive,4
REV-13009,Home & Kitchen,Normal purchase experience. Arrived within the estimated delivery window.,Neutral,3
REV-13569,Beauty,Normal purchase experience. Arrived within the estimated delivery window.,Neutral,3
REV-12564,Beauty,Standard quality for this price point. Moderate performance in everyday use.,Neutral,3
REV-11527,Apparel,Inferior build quality. The reliability feels fragile and useless.,Negative,1
REV-11606,Electronics,Defective out of the box! Returning it right now for a full refund.,Negative,1
REV-13342,Beauty,The gaming laptop dimensions are as stated in the manual. Fairly average overall.,Neutral,3
REV-13572,Beauty,The bluetooth speaker is okay. Does what it says on the box. Nothing extraordinary.,Neutral,3
REV-12786,Office Supplies,"Decent product. Meets the baseline requirements, but nothing to write home about.",Neutral,3
REV-13047,Electronics,Normal purchase experience. Arrived within the estimated delivery window.,Neutral,3
REV-11990,Apparel,Defective out of the box! Returning it right now for a full refund.,Negative,1
REV-12863,Beauty,Ordered the black color variant. Delivery took 4 business days.,Neutral,3
REV-12363,Home & Kitchen,Inferior build quality. The build material feels fragile and useless.,Negative,2
REV-11976,Electronics,Defective out of the box! Returning it right now for a full refund.,Negative,1
REV-11762,Home & Kitchen,Extremely disappointed with this espresso maker. The finishing is completely defective and cheap.,Negative,1
REV-11306,Electronics,Poor quality material and terrible design. Does not match the description at all.,Negative,1
REV-11542,Electronics,"Total scam. Horrible performance, constantly glitching, and very slow.",Negative,2
REV-12473,Apparel,Standard quality for this price point. Moderate performance in everyday use.,Neutral,3
REV-10623,Beauty,Super happy with this item! Works better than advertised and very easy to use.,Positive,5
REV-12770,Office Supplies,The package contains one gaming laptop and standard accessories. As described.,Neutral,3
REV-11494,Apparel,Defective out of the box! Returning it right now for a full refund.,Negative,1
REV-10111,Office Supplies,Super happy with this item! Works better than advertised and very easy to use.,Positive,4
REV-12276,Home & Kitchen,Waste of money! The skincare serum broke immediately. Do not buy this garbage.,Negative,1
REV-12718,Home & Kitchen,Standard quality for this price point. Moderate performance in everyday use.,Neutral,3
REV-11170,Electronics,Incredible product! Totally worth every penny. Super fast shipping and great battery life.,Positive,4
REV-12942,Apparel,The wireless earbuds arrived on Tuesday in standard packaging. Included cable and manual.,Neutral,3
REV-10233,Electronics,Outstanding value for the money. The bluetooth speaker feels premium and durable.,Positive,5
REV-10067,Electronics,Super happy with this item! Works better than advertised and very easy to use.,Positive,4
REV-13244,Office Supplies,Ordered the black color variant. Delivery took 4 business days.,Neutral,3
REV-12073,Home & Kitchen,Defective out of the box! Returning it right now for a full refund.,Negative,1
REV-12193,Apparel,Waste of money! The skincare serum broke immediately. Do not buy this garbage.,Negative,2
REV-10537,Office Supplies,Incredible product! Totally worth every penny. Super fast shipping and great packaging.,Positive,5
REV-10126,Beauty,Absolutely love this air fryer! The ergonomics is top-notch and exceeded my expectations.,Positive,5
REV-12134,Electronics,Zero stars if I could. The bluetooth speaker failed on the first day. Extremely annoying.,Negative,1
REV-11255,Apparel,Inferior build quality. The display clarity feels fragile and useless.,Negative,1
REV-12970,Apparel,Ordered the black color variant. Delivery took 4 business days.,Neutral,3
REV-11977,Beauty,"Very frustrated with this order. Arrived late, damaged packaging, and awful user interface.",Negative,1
REV-12943,Beauty,The package contains one gaming laptop and standard accessories. As described.,Neutral,3
REV-12848,Electronics,The air fryer dimensions are as stated in the manual. Fairly average overall.,Neutral,3
REV-12076,Beauty,Extremely disappointed with this denim jacket. The sound quality is completely defective and cheap.,Negative,1
REV-10485,Apparel,Super happy with this item! Works better than advertised and very easy to use.,Positive,5
REV-11655,Office Supplies,Defective out of the box! Returning it right now for a full refund.,Negative,1
REV-13207,Office Supplies,Ordered the black color variant. Delivery took 4 business days.,Neutral,3
REV-12719,Office Supplies,"Average item. It functions as expected, neither particularly good nor bad.",Neutral,3
REV-12878,Office Supplies,The skincare serum dimensions are as stated in the manual. Fairly average overall.,Neutral,3
REV-11775,Beauty,Waste of money! The gaming laptop broke immediately. Do not buy this garbage.,Negative,1
REV-12411,Beauty,"Decent product. Meets the baseline requirements, but nothing to write home about.",Neutral,3
REV-10919,Apparel,Incredible product! Totally worth every penny. Super fast shipping and great ergonomics.,Positive,5
REV-11647,Home & Kitchen,Inferior build quality. The user interface feels fragile and useless.,Negative,1
REV-11027,Apparel,Incredible product! Totally worth every penny. Super fast shipping and great performance.,Positive,5
REV-11031,Electronics,Outstanding value for the money. The running shoes feels premium and durable.,Positive,4
REV-10883,Beauty,Super happy with this item! Works better than advertised and very easy to use.,Positive,5
REV-11336,Home & Kitchen,Poor quality material and terrible design. Does not match the description at all.,Negative,1
REV-12666,Home & Kitchen,The running shoes arrived on Tuesday in standard packaging. Included cable and manual.,Neutral,3
REV-10365,Beauty,Incredible product! Totally worth every penny. Super fast shipping and great build material.,Positive,5
REV-12126,Office Supplies,Zero stars if I could. The wireless earbuds failed on the first day. Extremely annoying.,Negative,2
REV-10028,Beauty,Impressive performance and stylish design. Very satisfied with the quick delivery and ergonomics.,Positive,5
REV-10474,Home & Kitchen,Best purchase I have made all year! Highly recommend this air fryer to everyone.,Positive,5
REV-10526,Electronics,Impressive performance and stylish design. Very satisfied with the quick delivery and battery life.,Positive,5
REV-10726,Office Supplies,Super happy with this item! Works better than advertised and very easy to use.,Positive,5
REV-10056,Beauty,Absolutely love this air fryer! The build material is top-notch and exceeded my expectations.,Positive,4
REV-10639,Electronics,Incredible product! Totally worth every penny. Super fast shipping and great performance.,Positive,5
REV-10303,Home & Kitchen,Absolutely love this bluetooth speaker! The finishing is top-notch and exceeded my expectations.,Positive,5
REV-13126,Electronics,Ordered the black color variant. Delivery took 4 business days.,Neutral,3
REV-11277,Home & Kitchen,Poor quality material and terrible design. Does not match the description at all.,Negative,2
REV-13410,Apparel,Standard quality for this price point. Moderate performance in everyday use.,Neutral,3
REV-10625,Electronics,Incredible product! Totally worth every penny. Super fast shipping and great packaging.,Positive,5
REV-12056,Beauty,Defective out of the box! Returning it right now for a full refund.,Negative,1
REV-11281,Electronics,Zero stars if I could. The espresso maker failed on the first day. Extremely annoying.,Negative,2
REV-11050,Electronics,Incredible product! Totally worth every penny. Super fast shipping and great user interface.,Positive,4
REV-10337,Electronics,Outstanding value for the money. The air fryer feels premium and durable.,Positive,5
REV-10048,Beauty,"Five stars! Excellent build quality, seamless setup, and brilliant battery life.",Positive,4
REV-10107,Beauty,Super happy with this item! Works better than advertised and very easy to use.,Positive,5
REV-12398,Electronics,"Total scam. Horrible performance, constantly glitching, and very slow.",Negative,1
REV-11080,Home & Kitchen,I am genuinely blown away by how good this gaming laptop is. Will buy again!,Positive,4
REV-12287,Office Supplies,Inferior build quality. The ergonomics feels fragile and useless.,Negative,1
REV-12262,Beauty,Zero stars if I could. The air fryer failed on the first day. Extremely annoying.,Negative,1
REV-11145,Apparel,Fantastic experience. The customer service was helpful and the denim jacket is perfect.,Positive,5
REV-12857,Home & Kitchen,The package contains one air fryer and standard accessories. As described.,Neutral,3
REV-12297,Home & Kitchen,Zero stars if I could. The wireless earbuds failed on the first day. Extremely annoying.,Negative,1
REV-11837,Beauty,Zero stars if I could. The smartwatch failed on the first day. Extremely annoying.,Negative,1
REV-11754,Apparel,Extremely disappointed with this running shoes. The build material is completely defective and cheap.,Negative,1
REV-11102,Beauty,Super happy with this item! Works better than advertised and very easy to use.,Positive,4
REV-11969,Beauty,Defective out of the box! Returning it right now for a full refund.,Negative,1
REV-12785,Home & Kitchen,Standard quality for this price point. Moderate performance in everyday use.,Neutral,3
REV-13289,Office Supplies,"Decent product. Meets the baseline requirements, but nothing to write home about.",Neutral,3
REV-10524,Beauty,Super happy with this item! Works better than advertised and very easy to use.,Positive,5
REV-12281,Home & Kitchen,Extremely disappointed with this skincare serum. The build material is completely defective and cheap.,Negative,2
REV-12693,Beauty,The bluetooth speaker dimensions are as stated in the manual. Fairly average overall.,Neutral,3
REV-11429,Beauty,"Total scam. Horrible performance, constantly glitching, and very slow.",Negative,2
REV-12582,Electronics,"Average item. It functions as expected, neither particularly good nor bad.",Neutral,3
REV-13125,Home & Kitchen,Ordered the black color variant. Delivery took 4 business days.,Neutral,3
REV-10604,Apparel,Absolutely love this wireless earbuds! The reliability is top-notch and exceeded my expectations.,Positive,5
REV-11490,Home & Kitchen,Extremely disappointed with this wireless earbuds. The sound quality is completely defective and cheap.,Negative,1
REV-12811,Office Supplies,Ordered the black color variant. Delivery took 4 business days.,Neutral,3
REV-12921,Office Supplies,The espresso maker dimensions are as stated in the manual. Fairly average overall.,Neutral,3
REV-10061,Home & Kitchen,Fantastic experience. The customer service was helpful and the smartwatch is perfect.,Positive,5
REV-13296,Beauty,The package contains one espresso maker and standard accessories. As described.,Neutral,3
REV-10672,Electronics,Impressive performance and stylish design. Very satisfied with the quick delivery and ergonomics.,Positive,4
REV-10093,Beauty,Best purchase I have made all year! Highly recommend this wireless earbuds to everyone.,Positive,5
REV-10667,Apparel,"Five stars! Excellent build quality, seamless setup, and brilliant display clarity.",Positive,5
REV-11888,Electronics,Worst purchase ever. Stopped working after 3 days and customer service refused a refund.,Negative,1
REV-10281,Beauty,Outstanding value for the money. The office chair feels premium and durable.,Positive,5
REV-11720,Electronics,Waste of money! The espresso maker broke immediately. Do not buy this garbage.,Negative,2
REV-10360,Home & Kitchen,Incredible product! Totally worth every penny. Super fast shipping and great finishing.,Positive,5
REV-10900,Electronics,I am genuinely blown away by how good this air fryer is. Will buy again!,Positive,4
REV-11936,Office Supplies,"Total scam. Horrible performance, constantly glitching, and very slow.",Negative,2
REV-11995,Apparel,Defective out of the box! Returning it right now for a full refund.,Negative,1
REV-12769,Electronics,The package contains one skincare serum and standard accessories. As described.,Neutral,3
REV-10761,Apparel,Fantastic experience. The customer service was helpful and the espresso maker is perfect.,Positive,5
REV-12159,Home & Kitchen,Waste of money! The skincare serum broke immediately. Do not buy this garbage.,Negative,1
REV-13142,Apparel,The office chair arrived on Tuesday in standard packaging. Included cable and manual.,Neutral,3
REV-10043,Electronics,Super happy with this item! Works better than advertised and very easy to use.,Positive,5
REV-12174,Apparel,Regret buying this. Overpriced junk with terrible customer support.,Negative,1
REV-10205,Apparel,Super happy with this item! Works better than advertised and very easy to use.,Positive,5
REV-11474,Home & Kitchen,Worst purchase ever. Stopped working after 3 days and customer service refused a refund.,Negative,1
REV-12101,Office Supplies,"Very frustrated with this order. Arrived late, damaged packaging, and awful user interface.",Negative,2
REV-12594,Apparel,"Decent product. Meets the baseline requirements, but nothing to write home about.",Neutral,3
REV-10069,Electronics,"Five stars! Excellent build quality, seamless setup, and brilliant finishing.",Positive,5
REV-11876,Office Supplies,Inferior build quality. The user interface feels fragile and useless.,Negative,1
REV-13417,Office Supplies,Ordered the black color variant. Delivery took 4 business days.,Neutral,3
REV-12232,Office Supplies,Regret buying this. Overpriced junk with terrible customer support.,Negative,1
REV-10138,Electronics,Impressive performance and stylish design. Very satisfied with the quick delivery and reliability.,Positive,5
REV-10797,Beauty,Great quality bluetooth speaker. Works flawlessly and the packaging is simply amazing.,Positive,5
REV-12181,Apparel,Defective out of the box! Returning it right now for a full refund.,Negative,1
REV-12129,Home & Kitchen,Regret buying this. Overpriced junk with terrible customer support.,Negative,1
REV-10759,Apparel,Outstanding value for the money. The smartwatch feels premium and durable.,Positive,5
REV-10542,Apparel,Fantastic experience. The customer service was helpful and the denim jacket is perfect.,Positive,5
REV-11020,Electronics,Great quality denim jacket. Works flawlessly and the display clarity is simply amazing.,Positive,4
REV-12744,Electronics,The package contains one wireless earbuds and standard accessories. As described.,Neutral,3
REV-10166,Beauty,Absolutely love this espresso maker! The battery life is top-notch and exceeded my expectations.,Positive,4
REV-10249,Apparel,Super happy with this item! Works better than advertised and very easy to use.,Positive,5
REV-11332,Apparel,Extremely disappointed with this denim jacket. The user interface is completely defective and cheap.,Negative,1
REV-12018,Apparel,Poor quality material and terrible design. Does not match the description at all.,Negative,1
REV-10447,Beauty,Great quality air fryer. Works flawlessly and the finishing is simply amazing.,Positive,4
REV-12483,Electronics,Standard quality for this price point. Moderate performance in everyday use.,Neutral,3
REV-11359,Apparel,"Very frustrated with this order. Arrived late, damaged packaging, and awful packaging.",Negative,1
REV-12146,Beauty,Poor quality material and terrible design. Does not match the description at all.,Negative,1
REV-11330,Office Supplies,Poor quality material and terrible design. Does not match the description at all.,Negative,1
REV-13490,Office Supplies,Received the gaming laptop yesterday. It matches the specifications listed on the page.,Neutral,3
REV-12151,Apparel,Extremely disappointed with this wireless earbuds. The performance is completely defective and cheap.,Negative,1
REV-10435,Apparel,Impressive performance and stylish design. Very satisfied with the quick delivery and build material.,Positive,4
REV-12123,Beauty,Defective out of the box! Returning it right now for a full refund.,Negative,1
REV-10578,Office Supplies,Best purchase I have made all year! Highly recommend this wireless earbuds to everyone.,Positive,5
REV-12862,Home & Kitchen,"Average item. It functions as expected, neither particularly good nor bad.",Neutral,3
REV-13288,Home & Kitchen,The air fryer dimensions are as stated in the manual. Fairly average overall.,Neutral,3
REV-12449,Home & Kitchen,The smartwatch arrived on Tuesday in standard packaging. Included cable and manual.,Neutral,3
REV-11849,Apparel,Zero stars if I could. The denim jacket failed on the first day. Extremely annoying.,Negative,1
REV-10763,Beauty,Outstanding value for the money. The wireless earbuds feels premium and durable.,Positive,5
REV-10389,Apparel,Great quality denim jacket. Works flawlessly and the battery life is simply amazing.,Positive,5
REV-10236,Apparel,I am genuinely blown away by how good this espresso maker is. Will buy again!,Positive,5
REV-13123,Apparel,Normal purchase experience. Arrived within the estimated delivery window.,Neutral,3
REV-11985,Office Supplies,Zero stars if I could. The air fryer failed on the first day. Extremely annoying.,Negative,2
REV-10268,Apparel,Absolutely love this bluetooth speaker! The build material is top-notch and exceeded my expectations.,Positive,4
REV-10771,Office Supplies,"Five stars! Excellent build quality, seamless setup, and brilliant performance.",Positive,5
REV-12166,Home & Kitchen,Worst purchase ever. Stopped working after 3 days and customer service refused a refund.,Negative,1
REV-10438,Beauty,Great quality gaming laptop. Works flawlessly and the battery life is simply amazing.,Positive,5
REV-10674,Beauty,Incredible product! Totally worth every penny. Super fast shipping and great user interface.,Positive,5
REV-10250,Apparel,Great quality gaming laptop. Works flawlessly and the finishing is simply amazing.,Positive,5
REV-12202,Home & Kitchen,Waste of money! The office chair broke immediately. Do not buy this garbage.,Negative,2
REV-11575,Beauty,Regret buying this. Overpriced junk with terrible customer support.,Negative,1
REV-12143,Office Supplies,Inferior build quality. The performance feels fragile and useless.,Negative,1
REV-12082,Office Supplies,"Very frustrated with this order. Arrived late, damaged packaging, and awful reliability.",Negative,2
REV-13137,Beauty,Ordered the black color variant. Delivery took 4 business days.,Neutral,3
REV-13075,Electronics,The running shoes arrived on Tuesday in standard packaging. Included cable and manual.,Neutral,3
REV-13286,Beauty,The package contains one denim jacket and standard accessories. As described.,Neutral,3
REV-10449,Beauty,Great quality smartwatch. Works flawlessly and the finishing is simply amazing.,Positive,5
REV-11470,Office Supplies,Poor quality material and terrible design. Does not match the description at all.,Negative,1
REV-10717,Beauty,Fantastic experience. The customer service was helpful and the gaming laptop is perfect.,Positive,4
REV-13106,Home & Kitchen,The air fryer dimensions are as stated in the manual. Fairly average overall.,Neutral,3
REV-13133,Apparel,The smartwatch is okay. Does what it says on the box. Nothing extraordinary.,Neutral,3
REV-12049,Apparel,"Total scam. Horrible performance, constantly glitching, and very slow.",Negative,2
REV-11902,Office Supplies,Defective out of the box! Returning it right now for a full refund.,Negative,1
REV-12988,Home & Kitchen,"Decent product. Meets the baseline requirements, but nothing to write home about.",Neutral,3
REV-11169,Beauty,Incredible product! Totally worth every penny. Super fast shipping and great packaging.,Positive,4
REV-10083,Office Supplies,I am genuinely blown away by how good this wireless earbuds is. Will buy again!,Positive,5
REV-12899,Home & Kitchen,"Average item. It functions as expected, neither particularly good nor bad.",Neutral,3
REV-12725,Beauty,"Decent product. Meets the baseline requirements, but nothing to write home about.",Neutral,3
REV-11461,Office Supplies,Worst purchase ever. Stopped working after 3 days and customer service refused a refund.,Negative,1
REV-11894,Office Supplies,Extremely disappointed with this running shoes. The user interface is completely defective and cheap.,Negative,1
REV-11669,Beauty,"Total scam. Horrible performance, constantly glitching, and very slow.",Negative,1
REV-12757,Office Supplies,The skincare serum dimensions are as stated in the manual. Fairly average overall.,Neutral,3
REV-12001,Electronics,Inferior build quality. The reliability feels fragile and useless.,Negative,1
REV-10476,Home & Kitchen,Impressive performance and stylish design. Very satisfied with the quick delivery and finishing.,Positive,5
REV-10518,Home & Kitchen,I am genuinely blown away by how good this air fryer is. Will buy again!,Positive,4
REV-10405,Beauty,Great quality gaming laptop. Works flawlessly and the sound quality is simply amazing.,Positive,5
REV-10385,Electronics,Best purchase I have made all year! Highly recommend this running shoes to everyone.,Positive,4
REV-13211,Beauty,Received the running shoes yesterday. It matches the specifications listed on the page.,Neutral,3
REV-12153,Apparel,Regret buying this. Overpriced junk with terrible customer support.,Negative,1
REV-11634,Electronics,"Very frustrated with this order. Arrived late, damaged packaging, and awful finishing.",Negative,1
REV-13430,Beauty,"Average item. It functions as expected, neither particularly good nor bad.",Neutral,3
REV-10689,Home & Kitchen,Outstanding value for the money. The espresso maker feels premium and durable.,Positive,5
REV-11241,Office Supplies,Regret buying this. Overpriced junk with terrible customer support.,Negative,2
REV-10063,Office Supplies,Incredible product! Totally worth every penny. Super fast shipping and great ergonomics.,Positive,5
REV-10853,Home & Kitchen,Incredible product! Totally worth every penny. Super fast shipping and great display clarity.,Positive,4
REV-13298,Apparel,The package contains one smartwatch and standard accessories. As described.,Neutral,3
REV-13253,Apparel,The wireless earbuds is okay. Does what it says on the box. Nothing extraordinary.,Neutral,3
REV-11263,Home & Kitchen,Inferior build quality. The finishing feels fragile and useless.,Negative,1
REV-10224,Apparel,Super happy with this item! Works better than advertised and very easy to use.,Positive,5
REV-12194,Home & Kitchen,Waste of money! The gaming laptop broke immediately. Do not buy this garbage.,Negative,2
REV-10374,Electronics,Incredible product! Totally worth every penny. Super fast shipping and great reliability.,Positive,4
REV-11825,Beauty,"Total scam. Horrible performance, constantly glitching, and very slow.",Negative,1
REV-13035,Beauty,Normal purchase experience. Arrived within the estimated delivery window.,Neutral,3
REV-13442,Electronics,The smartwatch is okay. Does what it says on the box. Nothing extraordinary.,Neutral,3
REV-13163,Electronics,"Average item. It functions as expected, neither particularly good nor bad.",Neutral,3
REV-13217,Office Supplies,Received the denim jacket yesterday. It matches the specifications listed on the page.,Neutral,3
REV-10010,Apparel,Impressive performance and stylish design. Very satisfied with the quick delivery and reliability.,Positive,5
REV-12498,Beauty,Normal purchase experience. Arrived within the estimated delivery window.,Neutral,3
REV-11945,Apparel,Defective out of the box! Returning it right now for a full refund.,Negative,1
REV-11839,Apparel,Waste of money! The gaming laptop broke immediately. Do not buy this garbage.,Negative,1
REV-10709,Office Supplies,Absolutely love this smartwatch! The packaging is top-notch and exceeded my expectations.,Positive,4
REV-10256,Electronics,Fantastic experience. The customer service was helpful and the running shoes is perfect.,Positive,5
REV-11618,Beauty,Defective out of the box! Returning it right now for a full refund.,Negative,1
REV-10390,Beauty,Impressive performance and stylish design. Very satisfied with the quick delivery and performance.,Positive,4
REV-11582,Electronics,Regret buying this. Overpriced junk with terrible customer support.,Negative,1
REV-10925,Office Supplies,Fantastic experience. The customer service was helpful and the running shoes is perfect.,Positive,5
REV-13327,Electronics,The wireless earbuds is okay. Does what it says on the box. Nothing extraordinary.,Neutral,3
REV-12835,Apparel,The package contains one running shoes and standard accessories. As described.,Neutral,3
REV-12509,Apparel,Standard quality for this price point. Moderate performance in everyday use.,Neutral,3
REV-12037,Office Supplies,"Very frustrated with this order. Arrived late, damaged packaging, and awful ergonomics.",Negative,1
REV-13359,Beauty,"Average item. It functions as expected, neither particularly good nor bad.",Neutral,3
REV-11225,Office Supplies,Extremely disappointed with this bluetooth speaker. The sound quality is completely defective and cheap.,Negative,1
REV-12550,Electronics,Ordered the black color variant. Delivery took 4 business days.,Neutral,3
REV-11947,Office Supplies,"Total scam. Horrible performance, constantly glitching, and very slow.",Negative,2
REV-10740,Apparel,I am genuinely blown away by how good this air fryer is. Will buy again!,Positive,5
REV-10041,Apparel,Best purchase I have made all year! Highly recommend this skincare serum to everyone.,Positive,5
REV-10869,Home & Kitchen,Super happy with this item! Works better than advertised and very easy to use.,Positive,5
REV-12780,Apparel,The office chair dimensions are as stated in the manual. Fairly average overall.,Neutral,3
REV-10540,Apparel,Incredible product! Totally worth every penny. Super fast shipping and great display clarity.,Positive,5
REV-12746,Apparel,The espresso maker is okay. Does what it says on the box. Nothing extraordinary.,Neutral,3
REV-13317,Home & Kitchen,Ordered the black color variant. Delivery took 4 business days.,Neutral,3
REV-12724,Office Supplies,Normal purchase experience. Arrived within the estimated delivery window.,Neutral,3
REV-11372,Home & Kitchen,Waste of money! The espresso maker broke immediately. Do not buy this garbage.,Negative,1
REV-11146,Office Supplies,Great quality gaming laptop. Works flawlessly and the sound quality is simply amazing.,Positive,4
REV-11032,Office Supplies,"Five stars! Excellent build quality, seamless setup, and brilliant packaging.",Positive,4
REV-10373,Home & Kitchen,Incredible product! Totally worth every penny. Super fast shipping and great packaging.,Positive,4
REV-10668,Beauty,Fantastic experience. The customer service was helpful and the skincare serum is perfect.,Positive,5
REV-10358,Electronics,Incredible product! Totally worth every penny. Super fast shipping and great battery life.,Positive,5
REV-10968,Beauty,Absolutely love this wireless earbuds! The battery life is top-notch and exceeded my expectations.,Positive,5
REV-12832,Office Supplies,Standard quality for this price point. Moderate performance in everyday use.,Neutral,3
REV-12784,Apparel,"Average item. It functions as expected, neither particularly good nor bad.",Neutral,3
REV-11354,Home & Kitchen,"Very frustrated with this order. Arrived late, damaged packaging, and awful ergonomics.",Negative,1
REV-11036,Beauty,I am genuinely blown away by how good this espresso maker is. Will buy again!,Positive,5
REV-10471,Home & Kitchen,"Five stars! Excellent build quality, seamless setup, and brilliant packaging.",Positive,5
REV-13104,Office Supplies,"Decent product. Meets the baseline requirements, but nothing to write home about.",Neutral,3
REV-11397,Office Supplies,Defective out of the box! Returning it right now for a full refund.,Negative,1
REV-13140,Office Supplies,Normal purchase experience. Arrived within the estimated delivery window.,Neutral,3
REV-11550,Beauty,"Total scam. Horrible performance, constantly glitching, and very slow.",Negative,1
REV-11257,Beauty,Extremely disappointed with this office chair. The finishing is completely defective and cheap.,Negative,2
REV-12095,Apparel,Inferior build quality. The user interface feels fragile and useless.,Negative,2
REV-11556,Electronics,"Very frustrated with this order. Arrived late, damaged packaging, and awful reliability.",Negative,1
REV-13098,Home & Kitchen,The skincare serum dimensions are as stated in the manual. Fairly average overall.,Neutral,3
REV-11251,Beauty,"Total scam. Horrible performance, constantly glitching, and very slow.",Negative,1
REV-11700,Beauty,"Very frustrated with this order. Arrived late, damaged packaging, and awful user interface.",Negative,1
REV-11253,Apparel,Zero stars if I could. The office chair failed on the first day. Extremely annoying.,Negative,1
REV-13318,Home & Kitchen,Received the espresso maker yesterday. It matches the specifications listed on the page.,Neutral,3
REV-13338,Apparel,The smartwatch is okay. Does what it says on the box. Nothing extraordinary.,Neutral,3
REV-10080,Beauty,I am genuinely blown away by how good this skincare serum is. Will buy again!,Positive,4
REV-11173,Electronics,Impressive performance and stylish design. Very satisfied with the quick delivery and sound quality.,Positive,5
REV-10815,Office Supplies,Impressive performance and stylish design. Very satisfied with the quick delivery and build material.,Positive,5
REV-11853,Home & Kitchen,Defective out of the box! Returning it right now for a full refund.,Negative,1
REV-12221,Apparel,Zero stars if I could. The wireless earbuds failed on the first day. Extremely annoying.,Negative,1
REV-12720,Apparel,The package contains one denim jacket and standard accessories. As described.,Neutral,3
REV-13149,Home & Kitchen,The air fryer arrived on Tuesday in standard packaging. Included cable and manual.,Neutral,3
REV-12106,Home & Kitchen,"Very frustrated with this order. Arrived late, damaged packaging, and awful reliability.",Negative,1
REV-10134,Beauty,Great quality gaming laptop. Works flawlessly and the ergonomics is simply amazing.,Positive,5
REV-11141,Electronics,Super happy with this item! Works better than advertised and very easy to use.,Positive,5
REV-10934,Apparel,Outstanding value for the money. The denim jacket feels premium and durable.,Positive,5
REV-10929,Home & Kitchen,Super happy with this item! Works better than advertised and very easy to use.,Positive,4
REV-10824,Electronics,Great quality espresso maker. Works flawlessly and the performance is simply amazing.,Positive,5
REV-11532,Beauty,Extremely disappointed with this wireless earbuds. The user interface is completely defective and cheap.,Negative,1
REV-11215,Apparel,Inferior build quality. The user interface feels fragile and useless.,Negative,1
REV-10505,Electronics,Impressive performance and stylish design. Very satisfied with the quick delivery and finishing.,Positive,5
REV-13556,Apparel,The gaming laptop dimensions are as stated in the manual. Fairly average overall.,Neutral,3
REV-12396,Office Supplies,Inferior build quality. The build material feels fragile and useless.,Negative,1
REV-11997,Electronics,Regret buying this. Overpriced junk with terrible customer support.,Negative,2
REV-12435,Home & Kitchen,The package contains one skincare serum and standard accessories. As described.,Neutral,3
REV-11959,Electronics,Extremely disappointed with this bluetooth speaker. The ergonomics is completely defective and cheap.,Negative,2
REV-11385,Home & Kitchen,"Total scam. Horrible performance, constantly glitching, and very slow.",Negative,1
REV-10895,Electronics,Impressive performance and stylish design. Very satisfied with the quick delivery and ergonomics.,Positive,5
REV-10829,Beauty,Super happy with this item! Works better than advertised and very easy to use.,Positive,4
REV-13526,Electronics,The bluetooth speaker is okay. Does what it says on the box. Nothing extraordinary.,Neutral,3
REV-12524,Apparel,Standard quality for this price point. Moderate performance in everyday use.,Neutral,3
REV-11684,Beauty,Regret buying this. Overpriced junk with terrible customer support.,Negative,1
REV-13082,Office Supplies,Normal purchase experience. Arrived within the estimated delivery window.,Neutral,3
REV-13062,Apparel,"Decent product. Meets the baseline requirements, but nothing to write home about.",Neutral,3
REV-13007,Home & Kitchen,The gaming laptop is okay. Does what it says on the box. Nothing extraordinary.,Neutral,3
REV-10653,Electronics,Incredible product! Totally worth every penny. Super fast shipping and great battery life.,Positive,5
REV-10173,Apparel,Great quality air fryer. Works flawlessly and the reliability is simply amazing.,Positive,5
REV-10039,Electronics,"Five stars! Excellent build quality, seamless setup, and brilliant battery life.",Positive,5
REV-13432,Apparel,The package contains one smartwatch and standard accessories. As described.,Neutral,3
REV-10714,Apparel,Great quality office chair. Works flawlessly and the display clarity is simply amazing.,Positive,5
REV-10091,Electronics,Great quality bluetooth speaker. Works flawlessly and the display clarity is simply amazing.,Positive,5
REV-13543,Home & Kitchen,Received the gaming laptop yesterday. It matches the specifications listed on the page.,Neutral,3
REV-11206,Office Supplies,"Very frustrated with this order. Arrived late, damaged packaging, and awful user interface.",Negative,2
REV-12959,Electronics,Ordered the black color variant. Delivery took 4 business days.,Neutral,3
REV-13094,Home & Kitchen,"Decent product. Meets the baseline requirements, but nothing to write home about.",Neutral,3
REV-11828,Home & Kitchen,Poor quality material and terrible design. Does not match the description at all.,Negative,1
REV-11156,Home & Kitchen,Incredible product! Totally worth every penny. Super fast shipping and great sound quality.,Positive,4
REV-11325,Apparel,Worst purchase ever. Stopped working after 3 days and customer service refused a refund.,Negative,1
REV-10217,Office Supplies,Super happy with this item! Works better than advertised and very easy to use.,Positive,5
REV-10511,Office Supplies,Super happy with this item! Works better than advertised and very easy to use.,Positive,5
REV-11681,Apparel,Regret buying this. Overpriced junk with terrible customer support.,Negative,2
REV-10500,Apparel,Absolutely love this smartwatch! The packaging is top-notch and exceeded my expectations.,Positive,5
REV-12965,Beauty,"Average item. It functions as expected, neither particularly good nor bad.",Neutral,3
REV-11857,Home & Kitchen,Inferior build quality. The performance feels fragile and useless.,Negative,1
REV-11389,Beauty,Extremely disappointed with this gaming laptop. The sound quality is completely defective and cheap.,Negative,2
REV-11520,Beauty,"Total scam. Horrible performance, constantly glitching, and very slow.",Negative,1
REV-12387,Beauty,Waste of money! The running shoes broke immediately. Do not buy this garbage.,Negative,1
REV-13262,Electronics,"Average item. It functions as expected, neither particularly good nor bad.",Neutral,3
REV-12077,Office Supplies,"Total scam. Horrible performance, constantly glitching, and very slow.",Negative,1
REV-11541,Beauty,Defective out of the box! Returning it right now for a full refund.,Negative,1
REV-11218,Electronics,Regret buying this. Overpriced junk with terrible customer support.,Negative,2
REV-12682,Home & Kitchen,Received the smartwatch yesterday. It matches the specifications listed on the page.,Neutral,3
REV-13436,Home & Kitchen,The package contains one skincare serum and standard accessories. As described.,Neutral,3
REV-11417,Apparel,Poor quality material and terrible design. Does not match the description at all.,Negative,1
REV-12218,Home & Kitchen,Zero stars if I could. The air fryer failed on the first day. Extremely annoying.,Negative,1
REV-13014,Home & Kitchen,Standard quality for this price point. Moderate performance in everyday use.,Neutral,3
REV-11677,Home & Kitchen,Inferior build quality. The build material feels fragile and useless.,Negative,1
REV-11198,Home & Kitchen,Outstanding value for the money. The running shoes feels premium and durable.,Positive,5
REV-11543,Apparel,"Total scam. Horrible performance, constantly glitching, and very slow.",Negative,1
REV-12540,Apparel,Standard quality for this price point. Moderate performance in everyday use.,Neutral,3
REV-10954,Beauty,Impressive performance and stylish design. Very satisfied with the quick delivery and performance.,Positive,5
REV-12636,Home & Kitchen,The denim jacket is okay. Does what it says on the box. Nothing extraordinary.,Neutral,3
REV-10751,Home & Kitchen,Absolutely love this smartwatch! The ergonomics is top-notch and exceeded my expectations.,Positive,5
REV-12706,Office Supplies,Ordered the black color variant. Delivery took 4 business days.,Neutral,3
REV-10235,Office Supplies,Fantastic experience. The customer service was helpful and the denim jacket is perfect.,Positive,5
REV-10733,Home & Kitchen,Great quality running shoes. Works flawlessly and the build material is simply amazing.,Positive,5
REV-13590,Office Supplies,Received the denim jacket yesterday. It matches the specifications listed on the page.,Neutral,3
REV-11157,Office Supplies,Super happy with this item! Works better than advertised and very easy to use.,Positive,5
REV-13081,Beauty,"Decent product. Meets the baseline requirements, but nothing to write home about.",Neutral,3
REV-12446,Electronics,The espresso maker is okay. Does what it says on the box. Nothing extraordinary.,Neutral,3
REV-11210,Office Supplies,"Total scam. Horrible performance, constantly glitching, and very slow.",Negative,1
REV-11066,Electronics,Outstanding value for the money. The running shoes feels premium and durable.,Positive,5
REV-12157,Office Supplies,Defective out of the box! Returning it right now for a full refund.,Negative,2
REV-11063,Office Supplies,Best purchase I have made all year! Highly recommend this bluetooth speaker to everyone.,Positive,5
REV-12617,Office Supplies,The bluetooth speaker dimensions are as stated in the manual. Fairly average overall.,Neutral,3
REV-11168,Electronics,Fantastic experience. The customer service was helpful and the bluetooth speaker is perfect.,Positive,4
REV-11493,Beauty,Inferior build quality. The performance feels fragile and useless.,Negative,1
REV-12939,Beauty,The package contains one running shoes and standard accessories. As described.,Neutral,3
REV-13054,Apparel,The package contains one office chair and standard accessories. As described.,Neutral,3
REV-10885,Beauty,I am genuinely blown away by how good this wireless earbuds is. Will buy again!,Positive,5
REV-10144,Electronics,"Five stars! Excellent build quality, seamless setup, and brilliant performance.",Positive,5
REV-13529,Home & Kitchen,Normal purchase experience. Arrived within the estimated delivery window.,Neutral,3
REV-10851,Beauty,Incredible product! Totally worth every penny. Super fast shipping and great build material.,Positive,5
REV-12783,Beauty,"Decent product. Meets the baseline requirements, but nothing to write home about.",Neutral,3
REV-10718,Beauty,I am genuinely blown away by how good this running shoes is. Will buy again!,Positive,5
REV-13409,Electronics,"Decent product. Meets the baseline requirements, but nothing to write home about.",Neutral,3
REV-12503,Apparel,Standard quality for this price point. Moderate performance in everyday use.,Neutral,3
REV-10265,Office Supplies,I am genuinely blown away by how good this gaming laptop is. Will buy again!,Positive,4
REV-10076,Office Supplies,"Five stars! Excellent build quality, seamless setup, and brilliant reliability.",Positive,5
REV-12493,Electronics,The package contains one espresso maker and standard accessories. As described.,Neutral,3
REV-10396,Office Supplies,"Five stars! Excellent build quality, seamless setup, and brilliant sound quality.",Positive,4
REV-13048,Home & Kitchen,Standard quality for this price point. Moderate performance in everyday use.,Neutral,3
REV-12225,Office Supplies,Inferior build quality. The finishing feels fragile and useless.,Negative,1
REV-13358,Home & Kitchen,The package contains one air fryer and standard accessories. As described.,Neutral,3
REV-10397,Office Supplies,Absolutely love this office chair! The sound quality is top-notch and exceeded my expectations.,Positive,5
REV-11366,Electronics,Regret buying this. Overpriced junk with terrible customer support.,Negative,1
REV-12992,Apparel,The package contains one wireless earbuds and standard accessories. As described.,Neutral,3
REV-11904,Beauty,Worst purchase ever. Stopped working after 3 days and customer service refused a refund.,Negative,1
REV-10596,Apparel,"Five stars! Excellent build quality, seamless setup, and brilliant performance.",Positive,5
REV-12110,Office Supplies,"Total scam. Horrible performance, constantly glitching, and very slow.",Negative,1
REV-11297,Electronics,Defective out of the box! Returning it right now for a full refund.,Negative,1
REV-11822,Apparel,"Very frustrated with this order. Arrived late, damaged packaging, and awful performance.",Negative,1
REV-10873,Electronics,Super happy with this item! Works better than advertised and very easy to use.,Positive,5
REV-13107,Home & Kitchen,Normal purchase experience. Arrived within the estimated delivery window.,Neutral,3
REV-13491,Electronics,The smartwatch arrived on Tuesday in standard packaging. Included cable and manual.,Neutral,3
REV-12327,Electronics,Regret buying this. Overpriced junk with terrible customer support.,Negative,1
REV-11549,Home & Kitchen,Extremely disappointed with this espresso maker. The ergonomics is completely defective and cheap.,Negative,1
REV-10037,Beauty,Great quality air fryer. Works flawlessly and the user interface is simply amazing.,Positive,4
REV-12711,Beauty,Ordered the black color variant. Delivery took 4 business days.,Neutral,3
REV-13024,Electronics,"Decent product. Meets the baseline requirements, but nothing to write home about.",Neutral,3
REV-12144,Home & Kitchen,Inferior build quality. The reliability feels fragile and useless.,Negative,1
REV-13060,Electronics,Standard quality for this price point. Moderate performance in everyday use.,Neutral,3
REV-10978,Home & Kitchen,Incredible product! Totally worth every penny. Super fast shipping and great packaging.,Positive,5
REV-11572,Office Supplies,Waste of money! The air fryer broke immediately. Do not buy this garbage.,Negative,1
REV-11123,Home & Kitchen,Impressive performance and stylish design. Very satisfied with the quick delivery and ergonomics.,Positive,5
REV-12787,Electronics,Normal purchase experience. Arrived within the estimated delivery window.,Neutral,3
REV-12240,Apparel,"Total scam. Horrible performance, constantly glitching, and very slow.",Negative,1
REV-12968,Home & Kitchen,The wireless earbuds arrived on Tuesday in standard packaging. Included cable and manual.,Neutral,3
REV-12505,Electronics,The package contains one air fryer and standard accessories. As described.,Neutral,3
REV-11893,Electronics,Zero stars if I could. The denim jacket failed on the first day. Extremely annoying.,Negative,1
REV-10676,Apparel,Great quality office chair. Works flawlessly and the reliability is simply amazing.,Positive,5
REV-12809,Home & Kitchen,"Decent product. Meets the baseline requirements, but nothing to write home about.",Neutral,3
REV-10729,Home & Kitchen,Incredible product! Totally worth every penny. Super fast shipping and great reliability.,Positive,5
REV-10413,Apparel,Great quality bluetooth speaker. Works flawlessly and the packaging is simply amazing.,Positive,4
REV-11517,Office Supplies,"Total scam. Horrible performance, constantly glitching, and very slow.",Negative,1
REV-11650,Home & Kitchen,Inferior build quality. The performance feels fragile and useless.,Negative,1
REV-10826,Apparel,Great quality bluetooth speaker. Works flawlessly and the ergonomics is simply amazing.,Positive,4
REV-10617,Apparel,Great quality office chair. Works flawlessly and the build material is simply amazing.,Positive,4
REV-10115,Electronics,Great quality running shoes. Works flawlessly and the battery life is simply amazing.,Positive,5
REV-10418,Office Supplies,"Five stars! Excellent build quality, seamless setup, and brilliant finishing.",Positive,5
REV-11626,Home & Kitchen,"Total scam. Horrible performance, constantly glitching, and very slow.",Negative,1
REV-12653,Beauty,The wireless earbuds is okay. Does what it says on the box. Nothing extraordinary.,Neutral,3
REV-13524,Home & Kitchen,Standard quality for this price point. Moderate performance in everyday use.,Neutral,3
REV-10090,Beauty,Great quality gaming laptop. Works flawlessly and the packaging is simply amazing.,Positive,5
REV-12897,Apparel,Ordered the black color variant. Delivery took 4 business days.,Neutral,3
REV-13136,Office Supplies,The gaming laptop is okay. Does what it says on the box. Nothing extraordinary.,Neutral,3
REV-12083,Apparel,Worst purchase ever. Stopped working after 3 days and customer service refused a refund.,Negative,2
REV-10754,Electronics,Best purchase I have made all year! Highly recommend this skincare serum to everyone.,Positive,4
REV-12547,Home & Kitchen,Standard quality for this price point. Moderate performance in everyday use.,Neutral,3
REV-11631,Office Supplies,Waste of money! The wireless earbuds broke immediately. Do not buy this garbage.,Negative,1
REV-10012,Beauty,"Five stars! Excellent build quality, seamless setup, and brilliant user interface.",Positive,4
REV-12445,Office Supplies,Normal purchase experience. Arrived within the estimated delivery window.,Neutral,3
REV-10285,Beauty,Outstanding value for the money. The denim jacket feels premium and durable.,Positive,5
REV-11067,Office Supplies,Best purchase I have made all year! Highly recommend this office chair to everyone.,Positive,5
REV-11192,Office Supplies,Best purchase I have made all year! Highly recommend this smartwatch to everyone.,Positive,5
REV-11441,Office Supplies,Worst purchase ever. Stopped working after 3 days and customer service refused a refund.,Negative,1
REV-13363,Apparel,The package contains one wireless earbuds and standard accessories. As described.,Neutral,3
REV-13361,Apparel,"Decent product. Meets the baseline requirements, but nothing to write home about.",Neutral,3
REV-12739,Apparel,Standard quality for this price point. Moderate performance in everyday use.,Neutral,3
REV-13247,Apparel,"Average item. It functions as expected, neither particularly good nor bad.",Neutral,3
REV-11569,Home & Kitchen,Poor quality material and terrible design. Does not match the description at all.,Negative,1
REV-12428,Electronics,Standard quality for this price point. Moderate performance in everyday use.,Neutral,3
REV-12738,Electronics,The skincare serum arrived on Tuesday in standard packaging. Included cable and manual.,Neutral,3
REV-13085,Office Supplies,The wireless earbuds arrived on Tuesday in standard packaging. Included cable and manual.,Neutral,3
REV-11688,Electronics,Extremely disappointed with this wireless earbuds. The battery life is completely defective and cheap.,Negative,1
REV-10852,Office Supplies,I am genuinely blown away by how good this office chair is. Will buy again!,Positive,5
REV-12208,Electronics,Poor quality material and terrible design. Does not match the description at all.,Negative,1
REV-10896,Office Supplies,Great quality gaming laptop. Works flawlessly and the user interface is simply amazing.,Positive,5
REV-10497,Beauty,Absolutely love this office chair! The finishing is top-notch and exceeded my expectations.,Positive,5
REV-12306,Office Supplies,Poor quality material and terrible design. Does not match the description at all.,Negative,1
REV-11783,Apparel,Waste of money! The air fryer broke immediately. Do not buy this garbage.,Negative,1
REV-10336,Beauty,Absolutely love this running shoes! The performance is top-notch and exceeded my expectations.,Positive,5
REV-12840,Office Supplies,The wireless earbuds dimensions are as stated in the manual. Fairly average overall.,Neutral,3
REV-10516,Apparel,"Five stars! Excellent build quality, seamless setup, and brilliant packaging.",Positive,5
REV-11349,Electronics,"Total scam. Horrible performance, constantly glitching, and very slow.",Negative,2
REV-11016,Apparel,Impressive performance and stylish design. Very satisfied with the quick delivery and packaging.,Positive,4
REV-12817,Home & Kitchen,Standard quality for this price point. Moderate performance in everyday use.,Neutral,3
REV-13371,Apparel,"Decent product. Meets the baseline requirements, but nothing to write home about.",Neutral,3
REV-13365,Beauty,Standard quality for this price point. Moderate performance in everyday use.,Neutral,3
REV-12810,Beauty,The air fryer dimensions are as stated in the manual. Fairly average overall.,Neutral,3
REV-13079,Electronics,Ordered the black color variant. Delivery took 4 business days.,Neutral,3
REV-11782,Office Supplies,Extremely disappointed with this denim jacket. The build material is completely defective and cheap.,Negative,2
REV-12570,Beauty,Normal purchase experience. Arrived within the estimated delivery window.,Neutral,3
REV-11786,Electronics,"Total scam. Horrible performance, constantly glitching, and very slow.",Negative,2
REV-12071,Home & Kitchen,Waste of money! The gaming laptop broke immediately. Do not buy this garbage.,Negative,1
REV-10357,Office Supplies,Absolutely love this skincare serum! The ergonomics is top-notch and exceeded my expectations.,Positive,5
REV-13422,Apparel,The gaming laptop dimensions are as stated in the manual. Fairly average overall.,Neutral,3
REV-11313,Office Supplies,Inferior build quality. The finishing feels fragile and useless.,Negative,1
REV-11636,Apparel,"Total scam. Horrible performance, constantly glitching, and very slow.",Negative,1
REV-10551,Apparel,"Five stars! Excellent build quality, seamless setup, and brilliant battery life.",Positive,5
REV-12389,Beauty,Defective out of the box! Returning it right now for a full refund.,Negative,1
REV-12480,Apparel,The wireless earbuds is okay. Does what it says on the box. Nothing extraordinary.,Neutral,3
REV-12522,Apparel,"Decent product. Meets the baseline requirements, but nothing to write home about.",Neutral,3
REV-12266,Electronics,Poor quality material and terrible design. Does not match the description at all.,Negative,1
REV-12960,Home & Kitchen,"Decent product. Meets the baseline requirements, but nothing to write home about.",Neutral,3
REV-11228,Beauty,Worst purchase ever. Stopped working after 3 days and customer service refused a refund.,Negative,1
REV-13212,Office Supplies,"Average item. It functions as expected, neither particularly good nor bad.",Neutral,3
REV-10958,Apparel,Impressive performance and stylish design. Very satisfied with the quick delivery and ergonomics.,Positive,5
REV-11774,Beauty,"Very frustrated with this order. Arrived late, damaged packaging, and awful finishing.",Negative,1
REV-12142,Office Supplies,Waste of money! The wireless earbuds broke immediately. Do not buy this garbage.,Negative,1
REV-11009,Office Supplies,I am genuinely blown away by how good this denim jacket is. Will buy again!,Positive,5
REV-11093,Electronics,I am genuinely blown away by how good this gaming laptop is. Will buy again!,Positive,4
REV-13204,Office Supplies,The skincare serum is okay. Does what it says on the box. Nothing extraordinary.,Neutral,3
REV-12745,Electronics,Received the denim jacket yesterday. It matches the specifications listed on the page.,Neutral,3
REV-10997,Electronics,I am genuinely blown away by how good this air fryer is. Will buy again!,Positive,5
REV-11680,Electronics,Waste of money! The air fryer broke immediately. Do not buy this garbage.,Negative,2
REV-10154,Electronics,Incredible product! Totally worth every penny. Super fast shipping and great display clarity.,Positive,5
REV-13340,Beauty,The bluetooth speaker arrived on Tuesday in standard packaging. Included cable and manual.,Neutral,3
REV-12909,Beauty,Normal purchase experience. Arrived within the estimated delivery window.,Neutral,3
REV-12838,Beauty,Ordered the black color variant. Delivery took 4 business days.,Neutral,3
REV-10581,Apparel,Impressive performance and stylish design. Very satisfied with the quick delivery and performance.,Positive,5
REV-11471,Beauty,Defective out of the box! Returning it right now for a full refund.,Negative,1
REV-10704,Electronics,Incredible product! Totally worth every penny. Super fast shipping and great user interface.,Positive,5
REV-11213,Office Supplies,"Very frustrated with this order. Arrived late, damaged packaging, and awful performance.",Negative,1
REV-10897,Office Supplies,Absolutely love this espresso maker! The performance is top-notch and exceeded my expectations.,Positive,5
REV-10488,Office Supplies,Best purchase I have made all year! Highly recommend this office chair to everyone.,Positive,5
REV-10560,Home & Kitchen,Absolutely love this espresso maker! The sound quality is top-notch and exceeded my expectations.,Positive,4
REV-11142,Office Supplies,Best purchase I have made all year! Highly recommend this denim jacket to everyone.,Positive,5
REV-11120,Office Supplies,Absolutely love this air fryer! The packaging is top-notch and exceeded my expectations.,Positive,5
REV-12850,Office Supplies,Received the wireless earbuds yesterday. It matches the specifications listed on the page.,Neutral,3
REV-10513,Apparel,Super happy with this item! Works better than advertised and very easy to use.,Positive,5
REV-10634,Electronics,Absolutely love this espresso maker! The packaging is top-notch and exceeded my expectations.,Positive,4
REV-13594,Apparel,The gaming laptop arrived on Tuesday in standard packaging. Included cable and manual.,Neutral,3
REV-11665,Office Supplies,Defective out of the box! Returning it right now for a full refund.,Negative,1
REV-11013,Home & Kitchen,Incredible product! Totally worth every penny. Super fast shipping and great ergonomics.,Positive,5
REV-11932,Home & Kitchen,Regret buying this. Overpriced junk with terrible customer support.,Negative,1
REV-11151,Home & Kitchen,Impressive performance and stylish design. Very satisfied with the quick delivery and build material.,Positive,4
REV-12839,Beauty,The package contains one running shoes and standard accessories. As described.,Neutral,3
REV-13367,Office Supplies,The wireless earbuds dimensions are as stated in the manual. Fairly average overall.,Neutral,3
REV-10117,Beauty,I am genuinely blown away by how good this bluetooth speaker is. Will buy again!,Positive,4
REV-10741,Home & Kitchen,Fantastic experience. The customer service was helpful and the denim jacket is perfect.,Positive,5
REV-13314,Apparel,Received the skincare serum yesterday. It matches the specifications listed on the page.,Neutral,3
REV-11975,Beauty,Worst purchase ever. Stopped working after 3 days and customer service refused a refund.,Negative,1
REV-11082,Electronics,"Five stars! Excellent build quality, seamless setup, and brilliant user interface.",Positive,4
REV-11811,Electronics,Poor quality material and terrible design. Does not match the description at all.,Negative,1
REV-10831,Beauty,Absolutely love this office chair! The reliability is top-notch and exceeded my expectations.,Positive,5
REV-10120,Electronics,Incredible product! Totally worth every penny. Super fast shipping and great performance.,Positive,5
REV-10657,Electronics,Impressive performance and stylish design. Very satisfied with the quick delivery and performance.,Positive,4
REV-13275,Office Supplies,The office chair arrived on Tuesday in standard packaging. Included cable and manual.,Neutral,3
REV-13225,Home & Kitchen,The bluetooth speaker dimensions are as stated in the manual. Fairly average overall.,Neutral,3
REV-13513,Home & Kitchen,The skincare serum arrived on Tuesday in standard packaging. Included cable and manual.,Neutral,3
REV-10636,Apparel,"Five stars! Excellent build quality, seamless setup, and brilliant packaging.",Positive,5
REV-10370,Office Supplies,Fantastic experience. The customer service was helpful and the wireless earbuds is perfect.,Positive,5
REV-10269,Beauty,Fantastic experience. The customer service was helpful and the running shoes is perfect.,Positive,5
REV-12704,Office Supplies,The package contains one espresso maker and standard accessories. As described.,Neutral,3
REV-12984,Home & Kitchen,The espresso maker is okay. Does what it says on the box. Nothing extraordinary.,Neutral,3
REV-12871,Office Supplies,Normal purchase experience. Arrived within the estimated delivery window.,Neutral,3
REV-12915,Electronics,Ordered the black color variant. Delivery took 4 business days.,Neutral,3
REV-10047,Apparel,Incredible product! Totally worth every penny. Super fast shipping and great build material.,Positive,5
REV-13331,Beauty,"Decent product. Meets the baseline requirements, but nothing to write home about.",Neutral,3
REV-10992,Office Supplies,Best purchase I have made all year! Highly recommend this air fryer to everyone.,Positive,4
REV-10877,Office Supplies,Absolutely love this wireless earbuds! The user interface is top-notch and exceeded my expectations.,Positive,5
REV-10774,Office Supplies,Impressive performance and stylish design. Very satisfied with the quick delivery and battery life.,Positive,5
REV-11220,Home & Kitchen,Poor quality material and terrible design. Does not match the description at all.,Negative,1
REV-11127,Office Supplies,"Five stars! Excellent build quality, seamless setup, and brilliant sound quality.",Positive,4
REV-10005,Office Supplies,Outstanding value for the money. The wireless earbuds feels premium and durable.,Positive,5
REV-13052,Electronics,Normal purchase experience. Arrived within the estimated delivery window.,Neutral,3
REV-11596,Office Supplies,Regret buying this. Overpriced junk with terrible customer support.,Negative,1
REV-12312,Apparel,Zero stars if I could. The espresso maker failed on the first day. Extremely annoying.,Negative,1
REV-13041,Apparel,"Average item. It functions as expected, neither particularly good nor bad.",Neutral,3
REV-13586,Apparel,The skincare serum is okay. Does what it says on the box. Nothing extraordinary.,Neutral,3
REV-12492,Electronics,"Decent product. Meets the baseline requirements, but nothing to write home about.",Neutral,3
REV-13051,Office Supplies,The wireless earbuds is okay. Does what it says on the box. Nothing extraordinary.,Neutral,3
REV-11078,Home & Kitchen,Absolutely love this smartwatch! The packaging is top-notch and exceeded my expectations.,Positive,5
REV-10838,Electronics,Impressive performance and stylish design. Very satisfied with the quick delivery and user interface.,Positive,5
REV-10682,Beauty,Impressive performance and stylish design. Very satisfied with the quick delivery and sound quality.,Positive,5
REV-11716,Apparel,Poor quality material and terrible design. Does not match the description at all.,Negative,1
REV-12353,Home & Kitchen,Inferior build quality. The display clarity feels fragile and useless.,Negative,1
REV-12618,Beauty,"Decent product. Meets the baseline requirements, but nothing to write home about.",Neutral,3
REV-12362,Beauty,Waste of money! The running shoes broke immediately. Do not buy this garbage.,Negative,1
REV-12198,Apparel,Poor quality material and terrible design. Does not match the description at all.,Negative,2
REV-11149,Apparel,Absolutely love this espresso maker! The user interface is top-notch and exceeded my expectations.,Positive,4
REV-10575,Beauty,Fantastic experience. The customer service was helpful and the office chair is perfect.,Positive,5
REV-10051,Apparel,Great quality smartwatch. Works flawlessly and the performance is simply amazing.,Positive,5
REV-10854,Apparel,Great quality running shoes. Works flawlessly and the performance is simply amazing.,Positive,5
REV-11983,Home & Kitchen,Worst purchase ever. Stopped working after 3 days and customer service refused a refund.,Negative,1
REV-12775,Office Supplies,Normal purchase experience. Arrived within the estimated delivery window.,Neutral,3
REV-11824,Apparel,"Very frustrated with this order. Arrived late, damaged packaging, and awful build material.",Negative,1
REV-10834,Apparel,I am genuinely blown away by how good this bluetooth speaker is. Will buy again!,Positive,4
REV-11116,Office Supplies,Best purchase I have made all year! Highly recommend this running shoes to everyone.,Positive,4
REV-11167,Electronics,Incredible product! Totally worth every penny. Super fast shipping and great finishing.,Positive,4
REV-12519,Apparel,Normal purchase experience. Arrived within the estimated delivery window.,Neutral,3
REV-11907,Apparel,Poor quality material and terrible design. Does not match the description at all.,Negative,1
REV-10972,Beauty,Great quality wireless earbuds. Works flawlessly and the sound quality is simply amazing.,Positive,4
REV-12702,Home & Kitchen,Ordered the black color variant. Delivery took 4 business days.,Neutral,3
REV-10400,Apparel,Super happy with this item! Works better than advertised and very easy to use.,Positive,5
REV-12560,Electronics,Normal purchase experience. Arrived within the estimated delivery window.,Neutral,3
REV-12369,Beauty,Extremely disappointed with this office chair. The sound quality is completely defective and cheap.,Negative,1
REV-10020,Office Supplies,Super happy with this item! Works better than advertised and very easy to use.,Positive,5
REV-10685,Home & Kitchen,Absolutely love this wireless earbuds! The performance is top-notch and exceeded my expectations.,Positive,5
REV-10036,Electronics,Super happy with this item! Works better than advertised and very easy to use.,Positive,4
REV-12951,Beauty,"Decent product. Meets the baseline requirements, but nothing to write home about.",Neutral,3
REV-13395,Electronics,The running shoes arrived on Tuesday in standard packaging. Included cable and manual.,Neutral,3
REV-12876,Electronics,Received the gaming laptop yesterday. It matches the specifications listed on the page.,Neutral,3
REV-10525,Electronics,"Five stars! Excellent build quality, seamless setup, and brilliant build material.",Positive,5
REV-12456,Electronics,"Average item. It functions as expected, neither particularly good nor bad.",Neutral,3
REV-10921,Office Supplies,Best purchase I have made all year! Highly recommend this skincare serum to everyone.,Positive,5
REV-11842,Office Supplies,Extremely disappointed with this running shoes. The build material is completely defective and cheap.,Negative,1
REV-11891,Office Supplies,Extremely disappointed with this gaming laptop. The build material is completely defective and cheap.,Negative,1
REV-10538,Office Supplies,Best purchase I have made all year! Highly recommend this smartwatch to everyone.,Positive,4
REV-12807,Electronics,Standard quality for this price point. Moderate performance in everyday use.,Neutral,3
REV-11706,Electronics,Extremely disappointed with this denim jacket. The battery life is completely defective and cheap.,Negative,1
REV-13512,Electronics,Ordered the black color variant. Delivery took 4 business days.,Neutral,3
REV-13111,Apparel,Standard quality for this price point. Moderate performance in everyday use.,Neutral,3
REV-10246,Electronics,Super happy with this item! Works better than advertised and very easy to use.,Positive,4
REV-10785,Electronics,Outstanding value for the money. The wireless earbuds feels premium and durable.,Positive,5
REV-11410,Home & Kitchen,Defective out of the box! Returning it right now for a full refund.,Negative,2
REV-12538,Beauty,Received the espresso maker yesterday. It matches the specifications listed on the page.,Neutral,3
REV-10155,Beauty,Best purchase I have made all year! Highly recommend this running shoes to everyone.,Positive,5
REV-13010,Office Supplies,Standard quality for this price point. Moderate performance in everyday use.,Neutral,3
REV-11687,Electronics,Inferior build quality. The sound quality feels fragile and useless.,Negative,1
REV-12902,Beauty,The denim jacket dimensions are as stated in the manual. Fairly average overall.,Neutral,3
REV-10626,Electronics,I am genuinely blown away by how good this smartwatch is. Will buy again!,Positive,4
REV-12734,Beauty,The running shoes is okay. Does what it says on the box. Nothing extraordinary.,Neutral,3
REV-13449,Office Supplies,The wireless earbuds arrived on Tuesday in standard packaging. Included cable and manual.,Neutral,3
REV-11347,Home & Kitchen,Worst purchase ever. Stopped working after 3 days and customer service refused a refund.,Negative,2
REV-10570,Apparel,Incredible product! Totally worth every penny. Super fast shipping and great finishing.,Positive,5
REV-13514,Home & Kitchen,The package contains one office chair and standard accessories. As described.,Neutral,3
REV-11759,Electronics,"Very frustrated with this order. Arrived late, damaged packaging, and awful finishing.",Negative,1
REV-11817,Office Supplies,Extremely disappointed with this denim jacket. The packaging is completely defective and cheap.,Negative,1
REV-12066,Electronics,Zero stars if I could. The air fryer failed on the first day. Extremely annoying.,Negative,1
REV-10128,Home & Kitchen,Outstanding value for the money. The air fryer feels premium and durable.,Positive,5
REV-13571,Beauty,"Average item. It functions as expected, neither particularly good nor bad.",Neutral,3
REV-12007,Beauty,Extremely disappointed with this denim jacket. The packaging is completely defective and cheap.,Negative,1
REV-12976,Apparel,The package contains one skincare serum and standard accessories. As described.,Neutral,3
REV-10981,Office Supplies,Outstanding value for the money. The espresso maker feels premium and durable.,Positive,4
REV-13567,Beauty,The denim jacket is okay. Does what it says on the box. Nothing extraordinary.,Neutral,3
REV-10191,Office Supplies,Fantastic experience. The customer service was helpful and the espresso maker is perfect.,Positive,5
REV-11140,Electronics,Absolutely love this denim jacket! The battery life is top-notch and exceeded my expectations.,Positive,4
REV-10993,Office Supplies,Incredible product! Totally worth every penny. Super fast shipping and great sound quality.,Positive,5
REV-10700,Office Supplies,Super happy with this item! Works better than advertised and very easy to use.,Positive,5
REV-13276,Apparel,"Decent product. Meets the baseline requirements, but nothing to write home about.",Neutral,3
REV-10607,Apparel,Outstanding value for the money. The smartwatch feels premium and durable.,Positive,4
REV-10181,Apparel,"Five stars! Excellent build quality, seamless setup, and brilliant build material.",Positive,5
REV-10302,Home & Kitchen,"Five stars! Excellent build quality, seamless setup, and brilliant finishing.",Positive,5
REV-12545,Electronics,The air fryer arrived on Tuesday in standard packaging. Included cable and manual.,Neutral,3
REV-13332,Home & Kitchen,The running shoes arrived on Tuesday in standard packaging. Included cable and manual.,Neutral,3
REV-11061,Beauty,Super happy with this item! Works better than advertised and very easy to use.,Positive,5
REV-13383,Electronics,Ordered the black color variant. Delivery took 4 business days.,Neutral,3
REV-13451,Apparel,The skincare serum is okay. Does what it says on the box. Nothing extraordinary.,Neutral,3
REV-12566,Home & Kitchen,The espresso maker arrived on Tuesday in standard packaging. Included cable and manual.,Neutral,3
REV-11070,Apparel,Great quality espresso maker. Works flawlessly and the performance is simply amazing.,Positive,5
REV-12525,Home & Kitchen,The package contains one running shoes and standard accessories. As described.,Neutral,3
REV-12206,Home & Kitchen,Zero stars if I could. The office chair failed on the first day. Extremely annoying.,Negative,1
REV-11244,Electronics,Worst purchase ever. Stopped working after 3 days and customer service refused a refund.,Negative,1
REV-10017,Electronics,Fantastic experience. The customer service was helpful and the bluetooth speaker is perfect.,Positive,5
REV-13121,Electronics,Normal purchase experience. Arrived within the estimated delivery window.,Neutral,3
REV-13574,Electronics,The office chair arrived on Tuesday in standard packaging. Included cable and manual.,Neutral,3
REV-10547,Electronics,"Five stars! Excellent build quality, seamless setup, and brilliant performance.",Positive,4
REV-10659,Beauty,I am genuinely blown away by how good this gaming laptop is. Will buy again!,Positive,5
REV-13240,Beauty,The running shoes arrived on Tuesday in standard packaging. Included cable and manual.,Neutral,3
REV-13068,Office Supplies,Ordered the black color variant. Delivery took 4 business days.,Neutral,3
REV-13281,Beauty,The smartwatch arrived on Tuesday in standard packaging. Included cable and manual.,Neutral,3
REV-11505,Office Supplies,Extremely disappointed with this espresso maker. The battery life is completely defective and cheap.,Negative,1
REV-10960,Office Supplies,Impressive performance and stylish design. Very satisfied with the quick delivery and sound quality.,Positive,4
REV-12927,Apparel,Received the wireless earbuds yesterday. It matches the specifications listed on the page.,Neutral,3
REV-12332,Beauty,Waste of money! The wireless earbuds broke immediately. Do not buy this garbage.,Negative,1
REV-10798,Office Supplies,I am genuinely blown away by how good this skincare serum is. Will buy again!,Positive,5
REV-10226,Beauty,Great quality air fryer. Works flawlessly and the user interface is simply amazing.,Positive,5
REV-12075,Beauty,Poor quality material and terrible design. Does not match the description at all.,Negative,2
REV-11800,Apparel,Extremely disappointed with this skincare serum. The packaging is completely defective and cheap.,Negative,1
REV-12486,Office Supplies,The smartwatch is okay. Does what it says on the box. Nothing extraordinary.,Neutral,3
REV-13552,Electronics,Normal purchase experience. Arrived within the estimated delivery window.,Neutral,3
REV-12278,Home & Kitchen,Defective out of the box! Returning it right now for a full refund.,Negative,2
REV-12086,Electronics,Worst purchase ever. Stopped working after 3 days and customer service refused a refund.,Negative,1
REV-11694,Home & Kitchen,Regret buying this. Overpriced junk with terrible customer support.,Negative,2
REV-12798,Electronics,The espresso maker arrived on Tuesday in standard packaging. Included cable and manual.,Neutral,3
REV-11046,Beauty,Super happy with this item! Works better than advertised and very easy to use.,Positive,5
REV-10470,Beauty,Absolutely love this wireless earbuds! The performance is top-notch and exceeded my expectations.,Positive,5
REV-10955,Beauty,Great quality air fryer. Works flawlessly and the performance is simply amazing.,Positive,5
REV-13570,Office Supplies,Ordered the black color variant. Delivery took 4 business days.,Neutral,3
REV-12736,Beauty,The gaming laptop is okay. Does what it says on the box. Nothing extraordinary.,Neutral,3
REV-13457,Electronics,"Decent product. Meets the baseline requirements, but nothing to write home about.",Neutral,3
REV-10640,Beauty,Super happy with this item! Works better than advertised and very easy to use.,Positive,5
REV-13335,Office Supplies,Received the office chair yesterday. It matches the specifications listed on the page.,Neutral,3
REV-11219,Home & Kitchen,Worst purchase ever. Stopped working after 3 days and customer service refused a refund.,Negative,1
REV-11159,Home & Kitchen,Super happy with this item! Works better than advertised and very easy to use.,Positive,5
REV-11416,Electronics,Inferior build quality. The sound quality feels fragile and useless.,Negative,2
REV-13252,Office Supplies,Ordered the black color variant. Delivery took 4 business days.,Neutral,3
REV-11528,Home & Kitchen,Regret buying this. Overpriced junk with terrible customer support.,Negative,2
REV-13502,Beauty,Normal purchase experience. Arrived within the estimated delivery window.,Neutral,3
REV-11301,Home & Kitchen,Poor quality material and terrible design. Does not match the description at all.,Negative,1
REV-13438,Home & Kitchen,Normal purchase experience. Arrived within the estimated delivery window.,Neutral,3
REV-12849,Electronics,"Average item. It functions as expected, neither particularly good nor bad.",Neutral,3
REV-11604,Apparel,Poor quality material and terrible design. Does not match the description at all.,Negative,2
REV-10161,Home & Kitchen,Fantastic experience. The customer service was helpful and the air fryer is perfect.,Positive,5
REV-11705,Apparel,Zero stars if I could. The denim jacket failed on the first day. Extremely annoying.,Negative,1
REV-10957,Beauty,"Five stars! Excellent build quality, seamless setup, and brilliant performance.",Positive,5
REV-13235,Beauty,Normal purchase experience. Arrived within the estimated delivery window.,Neutral,3
REV-12870,Office Supplies,"Average item. It functions as expected, neither particularly good nor bad.",Neutral,3
REV-13495,Home & Kitchen,The package contains one office chair and standard accessories. As described.,Neutral,3
REV-10878,Home & Kitchen,Fantastic experience. The customer service was helpful and the office chair is perfect.,Positive,5
REV-11920,Apparel,Defective out of the box! Returning it right now for a full refund.,Negative,1
REV-12962,Office Supplies,The running shoes arrived on Tuesday in standard packaging. Included cable and manual.,Neutral,3
REV-11885,Beauty,Worst purchase ever. Stopped working after 3 days and customer service refused a refund.,Negative,1
REV-12201,Home & Kitchen,"Total scam. Horrible performance, constantly glitching, and very slow.",Negative,1
REV-10099,Office Supplies,Impressive performance and stylish design. Very satisfied with the quick delivery and user interface.,Positive,4
REV-13393,Electronics,The smartwatch dimensions are as stated in the manual. Fairly average overall.,Neutral,3
REV-12558,Beauty,"Average item. It functions as expected, neither particularly good nor bad.",Neutral,3
REV-13184,Apparel,The bluetooth speaker arrived on Tuesday in standard packaging. Included cable and manual.,Neutral,3
REV-10254,Apparel,Super happy with this item! Works better than advertised and very easy to use.,Positive,5
REV-10104,Home & Kitchen,"Five stars! Excellent build quality, seamless setup, and brilliant reliability.",Positive,5
REV-11446,Office Supplies,Worst purchase ever. Stopped working after 3 days and customer service refused a refund.,Negative,2
REV-11444,Beauty,Worst purchase ever. Stopped working after 3 days and customer service refused a refund.,Negative,1
REV-11649,Home & Kitchen,Poor quality material and terrible design. Does not match the description at all.,Negative,2
REV-10587,Apparel,Great quality denim jacket. Works flawlessly and the finishing is simply amazing.,Positive,5
REV-10628,Electronics,Incredible product! Totally worth every penny. Super fast shipping and great build material.,Positive,5
REV-11697,Electronics,Zero stars if I could. The denim jacket failed on the first day. Extremely annoying.,Negative,2
REV-13192,Apparel,The bluetooth speaker arrived on Tuesday in standard packaging. Included cable and manual.,Neutral,3
REV-12102,Beauty,"Total scam. Horrible performance, constantly glitching, and very slow.",Negative,1
REV-12200,Apparel,Zero stars if I could. The espresso maker failed on the first day. Extremely annoying.,Negative,2
REV-10404,Apparel,Impressive performance and stylish design. Very satisfied with the quick delivery and finishing.,Positive,4
REV-11155,Office Supplies,I am genuinely blown away by how good this wireless earbuds is. Will buy again!,Positive,5
REV-12256,Office Supplies,Poor quality material and terrible design. Does not match the description at all.,Negative,2
REV-12864,Home & Kitchen,"Decent product. Meets the baseline requirements, but nothing to write home about.",Neutral,3
REV-11683,Electronics,Extremely disappointed with this smartwatch. The build material is completely defective and cheap.,Negative,1
REV-13171,Electronics,"Average item. It functions as expected, neither particularly good nor bad.",Neutral,3
REV-12057,Electronics,"Total scam. Horrible performance, constantly glitching, and very slow.",Negative,1
REV-13063,Electronics,The skincare serum is okay. Does what it says on the box. Nothing extraordinary.,Neutral,3
REV-13413,Home & Kitchen,The package contains one office chair and standard accessories. As described.,Neutral,3
REV-13109,Office Supplies,Received the office chair yesterday. It matches the specifications listed on the page.,Neutral,3
REV-10453,Home & Kitchen,Outstanding value for the money. The bluetooth speaker feels premium and durable.,Positive,4
REV-12302,Apparel,"Very frustrated with this order. Arrived late, damaged packaging, and awful user interface.",Negative,2
REV-11328,Apparel,Regret buying this. Overpriced junk with terrible customer support.,Negative,1
REV-12945,Beauty,Ordered the black color variant. Delivery took 4 business days.,Neutral,3
REV-12050,Beauty,"Total scam. Horrible performance, constantly glitching, and very slow.",Negative,1
REV-10881,Beauty,Fantastic experience. The customer service was helpful and the gaming laptop is perfect.,Positive,5
REV-13498,Apparel,Received the office chair yesterday. It matches the specifications listed on the page.,Neutral,3
REV-10624,Home & Kitchen,Great quality smartwatch. Works flawlessly and the reliability is simply amazing.,Positive,5
REV-12394,Apparel,Extremely disappointed with this gaming laptop. The user interface is completely defective and cheap.,Negative,1
REV-13326,Home & Kitchen,"Average item. It functions as expected, neither particularly good nor bad.",Neutral,3
REV-11788,Electronics,"Total scam. Horrible performance, constantly glitching, and very slow.",Negative,2
REV-10263,Office Supplies,Fantastic experience. The customer service was helpful and the espresso maker is perfect.,Positive,5
REV-11635,Electronics,Inferior build quality. The finishing feels fragile and useless.,Negative,1
REV-11439,Beauty,Poor quality material and terrible design. Does not match the description at all.,Negative,1
REV-12199,Apparel,Zero stars if I could. The denim jacket failed on the first day. Extremely annoying.,Negative,1
REV-11970,Office Supplies,"Very frustrated with this order. Arrived late, damaged packaging, and awful packaging.",Negative,1
REV-12521,Home & Kitchen,The denim jacket dimensions are as stated in the manual. Fairly average overall.,Neutral,3
REV-11803,Office Supplies,Inferior build quality. The ergonomics feels fragile and useless.,Negative,1
REV-10641,Electronics,"Five stars! Excellent build quality, seamless setup, and brilliant reliability.",Positive,5
REV-13584,Home & Kitchen,Received the air fryer yesterday. It matches the specifications listed on the page.,Neutral,3
REV-12386,Electronics,Poor quality material and terrible design. Does not match the description at all.,Negative,1
REV-12599,Beauty,"Average item. It functions as expected, neither particularly good nor bad.",Neutral,3
REV-13396,Apparel,"Average item. It functions as expected, neither particularly good nor bad.",Neutral,3
REV-11960,Electronics,Defective out of the box! Returning it right now for a full refund.,Negative,1
REV-12977,Apparel,The air fryer dimensions are as stated in the manual. Fairly average overall.,Neutral,3
REV-10489,Office Supplies,Best purchase I have made all year! Highly recommend this gaming laptop to everyone.,Positive,5
REV-11844,Beauty,"Very frustrated with this order. Arrived late, damaged packaging, and awful reliability.",Negative,2
REV-11735,Home & Kitchen,"Very frustrated with this order. Arrived late, damaged packaging, and awful ergonomics.",Negative,1
REV-12912,Beauty,The package contains one office chair and standard accessories. As described.,Neutral,3
REV-13220,Beauty,Standard quality for this price point. Moderate performance in everyday use.,Neutral,3
REV-10147,Beauty,Fantastic experience. The customer service was helpful and the wireless earbuds is perfect.,Positive,5
REV-11535,Office Supplies,Zero stars if I could. The denim jacket failed on the first day. Extremely annoying.,Negative,1
REV-11987,Office Supplies,Regret buying this. Overpriced junk with terrible customer support.,Negative,1
REV-11370,Apparel,Poor quality material and terrible design. Does not match the description at all.,Negative,1
REV-12451,Office Supplies,"Decent product. Meets the baseline requirements, but nothing to write home about.",Neutral,3
REV-13520,Electronics,"Average item. It functions as expected, neither particularly good nor bad.",Neutral,3
REV-13003,Beauty,Standard quality for this price point. Moderate performance in everyday use.,Neutral,3
REV-12812,Home & Kitchen,Ordered the black color variant. Delivery took 4 business days.,Neutral,3
REV-10660,Beauty,Absolutely love this wireless earbuds! The display clarity is top-notch and exceeded my expectations.,Positive,5
REV-11795,Home & Kitchen,Zero stars if I could. The espresso maker failed on the first day. Extremely annoying.,Negative,2
REV-12512,Beauty,The package contains one espresso maker and standard accessories. As described.,Neutral,3
REV-10187,Apparel,Impressive performance and stylish design. Very satisfied with the quick delivery and build material.,Positive,5
REV-11148,Home & Kitchen,Outstanding value for the money. The air fryer feels premium and durable.,Positive,5
REV-13273,Beauty,"Average item. It functions as expected, neither particularly good nor bad.",Neutral,3
REV-10609,Apparel,Absolutely love this bluetooth speaker! The ergonomics is top-notch and exceeded my expectations.,Positive,5
REV-12192,Beauty,Inferior build quality. The packaging feels fragile and useless.,Negative,1
REV-12800,Beauty,"Average item. It functions as expected, neither particularly good nor bad.",Neutral,3
REV-11931,Home & Kitchen,Worst purchase ever. Stopped working after 3 days and customer service refused a refund.,Negative,1
REV-13030,Office Supplies,"Decent product. Meets the baseline requirements, but nothing to write home about.",Neutral,3
REV-10198,Beauty,I am genuinely blown away by how good this running shoes is. Will buy again!,Positive,5
REV-12932,Home & Kitchen,"Average item. It functions as expected, neither particularly good nor bad.",Neutral,3
REV-12328,Office Supplies,Zero stars if I could. The office chair failed on the first day. Extremely annoying.,Negative,2
REV-10294,Office Supplies,"Five stars! Excellent build quality, seamless setup, and brilliant packaging.",Positive,5
REV-10767,Electronics,I am genuinely blown away by how good this espresso maker is. Will buy again!,Positive,5
REV-10401,Beauty,Outstanding value for the money. The espresso maker feels premium and durable.,Positive,5
REV-10123,Electronics,Great quality air fryer. Works flawlessly and the ergonomics is simply amazing.,Positive,5
REV-13256,Electronics,The package contains one wireless earbuds and standard accessories. As described.,Neutral,3
REV-10203,Electronics,Absolutely love this espresso maker! The packaging is top-notch and exceeded my expectations.,Positive,5
REV-10836,Office Supplies,Impressive performance and stylish design. Very satisfied with the quick delivery and ergonomics.,Positive,5
REV-12295,Office Supplies,Regret buying this. Overpriced junk with terrible customer support.,Negative,2
REV-11440,Beauty,Inferior build quality. The build material feels fragile and useless.,Negative,2
REV-11734,Beauty,Worst purchase ever. Stopped working after 3 days and customer service refused a refund.,Negative,1
REV-11696,Beauty,Regret buying this. Overpriced junk with terrible customer support.,Negative,1
REV-13509,Apparel,Normal purchase experience. Arrived within the estimated delivery window.,Neutral,3
REV-11708,Home & Kitchen,Regret buying this. Overpriced junk with terrible customer support.,Negative,2
REV-13493,Electronics,"Decent product. Meets the baseline requirements, but nothing to write home about.",Neutral,3
REV-11154,Home & Kitchen,Absolutely love this office chair! The ergonomics is top-notch and exceeded my expectations.,Positive,4
REV-11662,Office Supplies,Defective out of the box! Returning it right now for a full refund.,Negative,1
REV-12433,Electronics,"Average item. It functions as expected, neither particularly good nor bad.",Neutral,3
REV-13376,Beauty,Standard quality for this price point. Moderate performance in everyday use.,Neutral,3
REV-11760,Beauty,"Very frustrated with this order. Arrived late, damaged packaging, and awful packaging.",Negative,1
REV-10855,Beauty,Incredible product! Totally worth every penny. Super fast shipping and great sound quality.,Positive,5
REV-11590,Electronics,Defective out of the box! Returning it right now for a full refund.,Negative,2
REV-12268,Apparel,Waste of money! The skincare serum broke immediately. Do not buy this garbage.,Negative,1
REV-10642,Home & Kitchen,Best purchase I have made all year! Highly recommend this running shoes to everyone.,Positive,5
REV-10002,Apparel,I am genuinely blown away by how good this gaming laptop is. Will buy again!,Positive,5
REV-12161,Apparel,"Total scam. Horrible performance, constantly glitching, and very slow.",Negative,2
REV-10699,Electronics,"Five stars! Excellent build quality, seamless setup, and brilliant display clarity.",Positive,5
REV-13521,Electronics,"Decent product. Meets the baseline requirements, but nothing to write home about.",Neutral,3
REV-13000,Office Supplies,The package contains one denim jacket and standard accessories. As described.,Neutral,3
REV-11637,Apparel,Regret buying this. Overpriced junk with terrible customer support.,Negative,2
REV-13185,Home & Kitchen,Normal purchase experience. Arrived within the estimated delivery window.,Neutral,3
REV-11292,Beauty,"Very frustrated with this order. Arrived late, damaged packaging, and awful ergonomics.",Negative,1
REV-13426,Office Supplies,"Decent product. Meets the baseline requirements, but nothing to write home about.",Neutral,3
REV-12490,Beauty,Normal purchase experience. Arrived within the estimated delivery window.,Neutral,3
REV-11521,Home & Kitchen,"Total scam. Horrible performance, constantly glitching, and very slow.",Negative,1
REV-11854,Home & Kitchen,Inferior build quality. The sound quality feels fragile and useless.,Negative,1
REV-11137,Apparel,Absolutely love this espresso maker! The sound quality is top-notch and exceeded my expectations.,Positive,5
REV-13305,Home & Kitchen,The bluetooth speaker is okay. Does what it says on the box. Nothing extraordinary.,Neutral,3
REV-13477,Home & Kitchen,Standard quality for this price point. Moderate performance in everyday use.,Neutral,3
REV-11632,Electronics,Extremely disappointed with this office chair. The battery life is completely defective and cheap.,Negative,1
REV-11999,Electronics,Waste of money! The running shoes broke immediately. Do not buy this garbage.,Negative,1
REV-10664,Home & Kitchen,I am genuinely blown away by how good this air fryer is. Will buy again!,Positive,5
REV-10684,Electronics,Super happy with this item! Works better than advertised and very easy to use.,Positive,4
REV-11258,Office Supplies,Defective out of the box! Returning it right now for a full refund.,Negative,1
REV-13390,Beauty,"Decent product. Meets the baseline requirements, but nothing to write home about.",Neutral,3
REV-10318,Home & Kitchen,Best purchase I have made all year! Highly recommend this smartwatch to everyone.,Positive,5
REV-10649,Home & Kitchen,Outstanding value for the money. The skincare serum feels premium and durable.,Positive,4
REV-11435,Office Supplies,Worst purchase ever. Stopped working after 3 days and customer service refused a refund.,Negative,1
REV-11480,Apparel,Defective out of the box! Returning it right now for a full refund.,Negative,1
REV-10710,Beauty,"Five stars! Excellent build quality, seamless setup, and brilliant display clarity.",Positive,4
REV-11283,Electronics,"Very frustrated with this order. Arrived late, damaged packaging, and awful user interface.",Negative,1
REV-11769,Electronics,Regret buying this. Overpriced junk with terrible customer support.,Negative,2
REV-10973,Office Supplies,Impressive performance and stylish design. Very satisfied with the quick delivery and packaging.,Positive,5
REV-12676,Apparel,The package contains one skincare serum and standard accessories. As described.,Neutral,3
REV-12681,Home & Kitchen,The package contains one smartwatch and standard accessories. As described.,Neutral,3
REV-11307,Beauty,"Total scam. Horrible performance, constantly glitching, and very slow.",Negative,1
REV-11401,Electronics,Worst purchase ever. Stopped working after 3 days and customer service refused a refund.,Negative,2
REV-11409,Office Supplies,Worst purchase ever. Stopped working after 3 days and customer service refused a refund.,Negative,2
REV-13297,Electronics,Ordered the black color variant. Delivery took 4 business days.,Neutral,3
REV-12238,Office Supplies,Worst purchase ever. Stopped working after 3 days and customer service refused a refund.,Negative,1
REV-13303,Electronics,The office chair arrived on Tuesday in standard packaging. Included cable and manual.,Neutral,3
REV-11497,Office Supplies,Poor quality material and terrible design. Does not match the description at all.,Negative,2
REV-12039,Electronics,"Very frustrated with this order. Arrived late, damaged packaging, and awful reliability.",Negative,2
REV-11530,Office Supplies,Regret buying this. Overpriced junk with terrible customer support.,Negative,1
REV-11664,Home & Kitchen,Defective out of the box! Returning it right now for a full refund.,Negative,2
REV-11355,Office Supplies,Inferior build quality. The build material feels fragile and useless.,Negative,1
REV-13505,Apparel,Received the espresso maker yesterday. It matches the specifications listed on the page.,Neutral,3
REV-13531,Home & Kitchen,The smartwatch is okay. Does what it says on the box. Nothing extraordinary.,Neutral,3
REV-11644,Electronics,"Total scam. Horrible performance, constantly glitching, and very slow.",Negative,1
REV-11052,Apparel,Great quality running shoes. Works flawlessly and the build material is simply amazing.,Positive,5
REV-10796,Electronics,I am genuinely blown away by how good this smartwatch is. Will buy again!,Positive,4
REV-12694,Office Supplies,The running shoes dimensions are as stated in the manual. Fairly average overall.,Neutral,3
REV-13061,Electronics,The gaming laptop dimensions are as stated in the manual. Fairly average overall.,Neutral,3
REV-11598,Beauty,Waste of money! The office chair broke immediately. Do not buy this garbage.,Negative,1
REV-12605,Electronics,The package contains one smartwatch and standard accessories. As described.,Neutral,3
REV-12730,Electronics,Received the espresso maker yesterday. It matches the specifications listed on the page.,Neutral,3
REV-12626,Home & Kitchen,Normal purchase experience. Arrived within the estimated delivery window.,Neutral,3
REV-11820,Home & Kitchen,Regret buying this. Overpriced junk with terrible customer support.,Negative,2
REV-13158,Home & Kitchen,The package contains one denim jacket and standard accessories. As described.,Neutral,3
REV-13315,Home & Kitchen,The espresso maker arrived on Tuesday in standard packaging. Included cable and manual.,Neutral,3
REV-11723,Beauty,Regret buying this. Overpriced junk with terrible customer support.,Negative,1
REV-11184,Apparel,Impressive performance and stylish design. Very satisfied with the quick delivery and packaging.,Positive,4
REV-12573,Home & Kitchen,Normal purchase experience. Arrived within the estimated delivery window.,Neutral,3
REV-11060,Apparel,Super happy with this item! Works better than advertised and very easy to use.,Positive,5
REV-10541,Office Supplies,Fantastic experience. The customer service was helpful and the wireless earbuds is perfect.,Positive,5
REV-13243,Electronics,The bluetooth speaker dimensions are as stated in the manual. Fairly average overall.,Neutral,3
REV-11679,Office Supplies,Inferior build quality. The build material feels fragile and useless.,Negative,1
REV-12797,Apparel,The package contains one gaming laptop and standard accessories. As described.,Neutral,3
REV-13466,Electronics,Normal purchase experience. Arrived within the estimated delivery window.,Neutral,3
REV-12533,Apparel,Received the espresso maker yesterday. It matches the specifications listed on the page.,Neutral,3
REV-11758,Electronics,Regret buying this. Overpriced junk with terrible customer support.,Negative,1
REV-11924,Home & Kitchen,Regret buying this. Overpriced junk with terrible customer support.,Negative,1
REV-10096,Electronics,Absolutely love this wireless earbuds! The display clarity is top-notch and exceeded my expectations.,Positive,5
REV-11021,Electronics,Outstanding value for the money. The smartwatch feels premium and durable.,Positive,5
REV-10564,Apparel,Incredible product! Totally worth every penny. Super fast shipping and great sound quality.,Positive,5
REV-13313,Beauty,Normal purchase experience. Arrived within the estimated delivery window.,Neutral,3
REV-12791,Office Supplies,The bluetooth speaker arrived on Tuesday in standard packaging. Included cable and manual.,Neutral,3
REV-10864,Beauty,I am genuinely blown away by how good this smartwatch is. Will buy again!,Positive,5
REV-11485,Electronics,"Total scam. Horrible performance, constantly glitching, and very slow.",Negative,2
REV-12940,Beauty,Normal purchase experience. Arrived within the estimated delivery window.,Neutral,3
REV-11882,Beauty,Defective out of the box! Returning it right now for a full refund.,Negative,1
REV-11039,Electronics,Super happy with this item! Works better than advertised and very easy to use.,Positive,5
REV-10207,Beauty,Best purchase I have made all year! Highly recommend this smartwatch to everyone.,Positive,5
REV-10393,Office Supplies,Best purchase I have made all year! Highly recommend this office chair to everyone.,Positive,5
REV-12843,Office Supplies,Normal purchase experience. Arrived within the estimated delivery window.,Neutral,3
REV-10871,Apparel,Outstanding value for the money. The office chair feels premium and durable.,Positive,5
REV-10398,Electronics,Outstanding value for the money. The smartwatch feels premium and durable.,Positive,5
REV-12815,Home & Kitchen,Ordered the black color variant. Delivery took 4 business days.,Neutral,3
REV-13455,Office Supplies,Standard quality for this price point. Moderate performance in everyday use.,Neutral,3
REV-13290,Electronics,Normal purchase experience. Arrived within the estimated delivery window.,Neutral,3
REV-11029,Home & Kitchen,Absolutely love this skincare serum! The user interface is top-notch and exceeded my expectations.,Positive,4
REV-12691,Beauty,Ordered the black color variant. Delivery took 4 business days.,Neutral,3
REV-11486,Office Supplies,Inferior build quality. The ergonomics feels fragile and useless.,Negative,2
REV-12661,Beauty,Received the smartwatch yesterday. It matches the specifications listed on the page.,Neutral,3
REV-10961,Beauty,Outstanding value for the money. The denim jacket feels premium and durable.,Positive,5
REV-11571,Apparel,Poor quality material and terrible design. Does not match the description at all.,Negative,1
REV-12774,Apparel,Standard quality for this price point. Moderate performance in everyday use.,Neutral,3
REV-11896,Apparel,"Total scam. Horrible performance, constantly glitching, and very slow.",Negative,1
REV-12732,Electronics,Received the skincare serum yesterday. It matches the specifications listed on the page.,Neutral,3
REV-12147,Office Supplies,"Very frustrated with this order. Arrived late, damaged packaging, and awful battery life.",Negative,1
REV-10805,Home & Kitchen,Best purchase I have made all year! Highly recommend this skincare serum to everyone.,Positive,5
REV-11752,Office Supplies,Regret buying this. Overpriced junk with terrible customer support.,Negative,2
REV-12455,Office Supplies,Received the denim jacket yesterday. It matches the specifications listed on the page.,Neutral,3
REV-10503,Apparel,Best purchase I have made all year! Highly recommend this air fryer to everyone.,Positive,4
REV-13120,Apparel,Normal purchase experience. Arrived within the estimated delivery window.,Neutral,3
REV-13105,Office Supplies,The gaming laptop is okay. Does what it says on the box. Nothing extraordinary.,Neutral,3
REV-12978,Office Supplies,Received the gaming laptop yesterday. It matches the specifications listed on the page.,Neutral,3
REV-10780,Home & Kitchen,Best purchase I have made all year! Highly recommend this gaming laptop to everyone.,Positive,4
REV-11864,Office Supplies,"Very frustrated with this order. Arrived late, damaged packaging, and awful build material.",Negative,1
REV-10201,Electronics,"Five stars! Excellent build quality, seamless setup, and brilliant reliability.",Positive,5
REV-12183,Beauty,Defective out of the box! Returning it right now for a full refund.,Negative,1
REV-13100,Apparel,The smartwatch arrived on Tuesday in standard packaging. Included cable and manual.,Neutral,3
REV-12089,Apparel,Regret buying this. Overpriced junk with terrible customer support.,Negative,1
REV-13066,Electronics,Normal purchase experience. Arrived within the estimated delivery window.,Neutral,3
REV-12279,Apparel,Extremely disappointed with this smartwatch. The battery life is completely defective and cheap.,Negative,1
REV-11797,Home & Kitchen,Extremely disappointed with this espresso maker. The ergonomics is completely defective and cheap.,Negative,1
REV-10379,Apparel,Absolutely love this denim jacket! The finishing is top-notch and exceeded my expectations.,Positive,5
REV-12337,Home & Kitchen,Inferior build quality. The display clarity feels fragile and useless.,Negative,1
REV-10419,Office Supplies,Super happy with this item! Works better than advertised and very easy to use.,Positive,5
REV-11699,Electronics,Defective out of the box! Returning it right now for a full refund.,Negative,2
REV-10392,Beauty,Incredible product! Totally worth every penny. Super fast shipping and great battery life.,Positive,5
REV-12641,Home & Kitchen,The bluetooth speaker is okay. Does what it says on the box. Nothing extraordinary.,Neutral,3
REV-11523,Electronics,Defective out of the box! Returning it right now for a full refund.,Negative,2
REV-11163,Apparel,I am genuinely blown away by how good this gaming laptop is. Will buy again!,Positive,5
REV-13135,Home & Kitchen,Ordered the black color variant. Delivery took 4 business days.,Neutral,3
REV-11496,Home & Kitchen,Worst purchase ever. Stopped working after 3 days and customer service refused a refund.,Negative,1
REV-12696,Electronics,"Decent product. Meets the baseline requirements, but nothing to write home about.",Neutral,3
REV-12028,Office Supplies,"Very frustrated with this order. Arrived late, damaged packaging, and awful reliability.",Negative,1
REV-11153,Apparel,"Five stars! Excellent build quality, seamless setup, and brilliant user interface.",Positive,5
REV-11368,Beauty,"Very frustrated with this order. Arrived late, damaged packaging, and awful battery life.",Negative,1
REV-12569,Electronics,The gaming laptop is okay. Does what it says on the box. Nothing extraordinary.,Neutral,3
REV-10065,Beauty,I am genuinely blown away by how good this office chair is. Will buy again!,Positive,5
REV-12063,Apparel,Extremely disappointed with this denim jacket. The build material is completely defective and cheap.,Negative,1
REV-11181,Office Supplies,"Five stars! Excellent build quality, seamless setup, and brilliant display clarity.",Positive,5
REV-13113,Office Supplies,The package contains one gaming laptop and standard accessories. As described.,Neutral,3
REV-10493,Electronics,"Five stars! Excellent build quality, seamless setup, and brilliant sound quality.",Positive,5
REV-10380,Electronics,I am genuinely blown away by how good this running shoes is. Will buy again!,Positive,5
REV-12236,Electronics,Extremely disappointed with this gaming laptop. The packaging is completely defective and cheap.,Negative,1
REV-10764,Apparel,Super happy with this item! Works better than advertised and very easy to use.,Positive,4
REV-12265,Home & Kitchen,"Total scam. Horrible performance, constantly glitching, and very slow.",Negative,1
REV-10792,Electronics,Fantastic experience. The customer service was helpful and the espresso maker is perfect.,Positive,5
REV-11077,Beauty,Fantastic experience. The customer service was helpful and the gaming laptop is perfect.,Positive,5
REV-10879,Electronics,Best purchase I have made all year! Highly recommend this denim jacket to everyone.,Positive,5
REV-10338,Home & Kitchen,Fantastic experience. The customer service was helpful and the denim jacket is perfect.,Positive,5
REV-12768,Office Supplies,"Decent product. Meets the baseline requirements, but nothing to write home about.",Neutral,3
REV-12344,Beauty,Poor quality material and terrible design. Does not match the description at all.,Negative,1
REV-11017,Home & Kitchen,Outstanding value for the money. The denim jacket feels premium and durable.,Positive,4
REV-11276,Electronics,Extremely disappointed with this office chair. The packaging is completely defective and cheap.,Negative,1
REV-10456,Electronics,Outstanding value for the money. The office chair feels premium and durable.,Positive,5
REV-13343,Home & Kitchen,The package contains one skincare serum and standard accessories. As described.,Neutral,3
REV-10816,Apparel,Absolutely love this gaming laptop! The display clarity is top-notch and exceeded my expectations.,Positive,5
REV-12318,Office Supplies,Defective out of the box! Returning it right now for a full refund.,Negative,2
REV-10996,Apparel,I am genuinely blown away by how good this gaming laptop is. Will buy again!,Positive,5
REV-11982,Apparel,Worst purchase ever. Stopped working after 3 days and customer service refused a refund.,Negative,1
REV-10202,Office Supplies,"Five stars! Excellent build quality, seamless setup, and brilliant sound quality.",Positive,5
REV-10162,Electronics,Impressive performance and stylish design. Very satisfied with the quick delivery and performance.,Positive,5
REV-11580,Apparel,Inferior build quality. The build material feels fragile and useless.,Negative,2
REV-12778,Beauty,The package contains one espresso maker and standard accessories. As described.,Neutral,3
REV-12450,Office Supplies,Received the air fryer yesterday. It matches the specifications listed on the page.,Neutral,3
REV-10703,Apparel,Super happy with this item! Works better than advertised and very easy to use.,Positive,5
REV-11501,Apparel,Worst purchase ever. Stopped working after 3 days and customer service refused a refund.,Negative,1
REV-11130,Beauty,Absolutely love this skincare serum! The packaging is top-notch and exceeded my expectations.,Positive,5
REV-12614,Electronics,The package contains one smartwatch and standard accessories. As described.,Neutral,3
REV-13462,Apparel,"Decent product. Meets the baseline requirements, but nothing to write home about.",Neutral,3
REV-11022,Electronics,"Five stars! Excellent build quality, seamless setup, and brilliant display clarity.",Positive,4
REV-13074,Home & Kitchen,The smartwatch dimensions are as stated in the manual. Fairly average overall.,Neutral,3
REV-13460,Office Supplies,"Average item. It functions as expected, neither particularly good nor bad.",Neutral,3
REV-11586,Office Supplies,Defective out of the box! Returning it right now for a full refund.,Negative,1
REV-11956,Electronics,Regret buying this. Overpriced junk with terrible customer support.,Negative,1
REV-13153,Home & Kitchen,"Decent product. Meets the baseline requirements, but nothing to write home about.",Neutral,3
REV-12254,Office Supplies,Worst purchase ever. Stopped working after 3 days and customer service refused a refund.,Negative,1
REV-10035,Home & Kitchen,Absolutely love this wireless earbuds! The sound quality is top-notch and exceeded my expectations.,Positive,5
REV-10776,Home & Kitchen,I am genuinely blown away by how good this gaming laptop is. Will buy again!,Positive,5
REV-12557,Apparel,The package contains one espresso maker and standard accessories. As described.,Neutral,3
REV-13500,Home & Kitchen,"Average item. It functions as expected, neither particularly good nor bad.",Neutral,3
REV-11479,Apparel,Inferior build quality. The build material feels fragile and useless.,Negative,1
REV-13004,Electronics,The package contains one gaming laptop and standard accessories. As described.,Neutral,3
REV-11391,Apparel,Poor quality material and terrible design. Does not match the description at all.,Negative,1
REV-12140,Electronics,Inferior build quality. The finishing feels fragile and useless.,Negative,2
REV-11364,Home & Kitchen,Poor quality material and terrible design. Does not match the description at all.,Negative,1
REV-12946,Office Supplies,"Decent product. Meets the baseline requirements, but nothing to write home about.",Neutral,3
REV-12613,Home & Kitchen,The package contains one running shoes and standard accessories. As described.,Neutral,3
REV-13418,Apparel,Ordered the black color variant. Delivery took 4 business days.,Neutral,3
REV-12825,Home & Kitchen,The package contains one running shoes and standard accessories. As described.,Neutral,3
REV-12042,Office Supplies,Extremely disappointed with this bluetooth speaker. The display clarity is completely defective and cheap.,Negative,1
REV-10242,Office Supplies,Absolutely love this bluetooth speaker! The build material is top-notch and exceeded my expectations.,Positive,5
REV-12062,Home & Kitchen,Zero stars if I could. The gaming laptop failed on the first day. Extremely annoying.,Negative,1
REV-12364,Electronics,Waste of money! The espresso maker broke immediately. Do not buy this garbage.,Negative,1
REV-10601,Electronics,Incredible product! Totally worth every penny. Super fast shipping and great sound quality.,Positive,5
REV-12436,Beauty,Received the office chair yesterday. It matches the specifications listed on the page.,Neutral,3
REV-11298,Home & Kitchen,Regret buying this. Overpriced junk with terrible customer support.,Negative,1
REV-12215,Electronics,Worst purchase ever. Stopped working after 3 days and customer service refused a refund.,Negative,1
REV-12889,Electronics,The package contains one bluetooth speaker and standard accessories. As described.,Neutral,3
REV-12069,Home & Kitchen,Waste of money! The office chair broke immediately. Do not buy this garbage.,Negative,2
REV-10647,Beauty,Absolutely love this espresso maker! The ergonomics is top-notch and exceeded my expectations.,Positive,5
REV-13203,Beauty,"Decent product. Meets the baseline requirements, but nothing to write home about.",Neutral,3
REV-11529,Apparel,"Very frustrated with this order. Arrived late, damaged packaging, and awful build material.",Negative,2
REV-12880,Office Supplies,Ordered the black color variant. Delivery took 4 business days.,Neutral,3
REV-11268,Beauty,Zero stars if I could. The wireless earbuds failed on the first day. Extremely annoying.,Negative,1
REV-11900,Home & Kitchen,"Total scam. Horrible performance, constantly glitching, and very slow.",Negative,1
REV-10563,Home & Kitchen,Best purchase I have made all year! Highly recommend this running shoes to everyone.,Positive,5
REV-13555,Home & Kitchen,The package contains one wireless earbuds and standard accessories. As described.,Neutral,3
REV-12735,Beauty,Normal purchase experience. Arrived within the estimated delivery window.,Neutral,3
REV-13006,Beauty,Normal purchase experience. Arrived within the estimated delivery window.,Neutral,3
REV-10190,Electronics,I am genuinely blown away by how good this bluetooth speaker is. Will buy again!,Positive,5
REV-11807,Beauty,"Total scam. Horrible performance, constantly glitching, and very slow.",Negative,2
REV-10976,Home & Kitchen,Impressive performance and stylish design. Very satisfied with the quick delivery and packaging.,Positive,4
REV-12748,Home & Kitchen,Ordered the black color variant. Delivery took 4 business days.,Neutral,3
REV-13548,Apparel,"Average item. It functions as expected, neither particularly good nor bad.",Neutral,3
REV-12048,Beauty,"Very frustrated with this order. Arrived late, damaged packaging, and awful packaging.",Negative,1
REV-12559,Office Supplies,"Decent product. Meets the baseline requirements, but nothing to write home about.",Neutral,3
REV-11083,Electronics,Super happy with this item! Works better than advertised and very easy to use.,Positive,4
REV-10475,Office Supplies,I am genuinely blown away by how good this gaming laptop is. Will buy again!,Positive,5
REV-12905,Apparel,The smartwatch arrived on Tuesday in standard packaging. Included cable and manual.,Neutral,3
REV-10748,Electronics,Impressive performance and stylish design. Very satisfied with the quick delivery and ergonomics.,Positive,5
REV-12301,Home & Kitchen,Defective out of the box! Returning it right now for a full refund.,Negative,1
REV-10022,Home & Kitchen,Best purchase I have made all year! Highly recommend this wireless earbuds to everyone.,Positive,4
REV-13386,Beauty,Standard quality for this price point. Moderate performance in everyday use.,Neutral,3
REV-10460,Home & Kitchen,Impressive performance and stylish design. Very satisfied with the quick delivery and display clarity.,Positive,5
REV-11185,Electronics,Super happy with this item! Works better than advertised and very easy to use.,Positive,5
REV-12325,Beauty,Poor quality material and terrible design. Does not match the description at all.,Negative,1
REV-10956,Office Supplies,Best purchase I have made all year! Highly recommend this office chair to everyone.,Positive,4
REV-11216,Home & Kitchen,Inferior build quality. The user interface feels fragile and useless.,Negative,1
REV-12434,Home & Kitchen,Standard quality for this price point. Moderate performance in everyday use.,Neutral,3
REV-12854,Home & Kitchen,The package contains one office chair and standard accessories. As described.,Neutral,3
REV-13486,Home & Kitchen,The smartwatch arrived on Tuesday in standard packaging. Included cable and manual.,Neutral,3
REV-11516,Electronics,Poor quality material and terrible design. Does not match the description at all.,Negative,1
REV-12392,Apparel,Extremely disappointed with this skincare serum. The build material is completely defective and cheap.,Negative,1
REV-10770,Office Supplies,Incredible product! Totally worth every penny. Super fast shipping and great build material.,Positive,5
REV-13381,Apparel,The package contains one skincare serum and standard accessories. As described.,Neutral,3
REV-11686,Electronics,Worst purchase ever. Stopped working after 3 days and customer service refused a refund.,Negative,2
REV-10131,Home & Kitchen,Fantastic experience. The customer service was helpful and the office chair is perfect.,Positive,5
REV-12920,Beauty,The skincare serum dimensions are as stated in the manual. Fairly average overall.,Neutral,3
REV-13172,Office Supplies,Ordered the black color variant. Delivery took 4 business days.,Neutral,3
REV-13445,Electronics,The espresso maker dimensions are as stated in the manual. Fairly average overall.,Neutral,3
REV-12136,Beauty,"Total scam. Horrible performance, constantly glitching, and very slow.",Negative,1
REV-11483,Apparel,Regret buying this. Overpriced junk with terrible customer support.,Negative,1
REV-10331,Apparel,Super happy with this item! Works better than advertised and very easy to use.,Positive,5
REV-11239,Office Supplies,"Very frustrated with this order. Arrived late, damaged packaging, and awful sound quality.",Negative,1
REV-10467,Beauty,I am genuinely blown away by how good this denim jacket is. Will buy again!,Positive,5
REV-12170,Beauty,Inferior build quality. The performance feels fragile and useless.,Negative,2
REV-11639,Home & Kitchen,Defective out of the box! Returning it right now for a full refund.,Negative,1
REV-13093,Electronics,Standard quality for this price point. Moderate performance in everyday use.,Neutral,3
REV-11096,Office Supplies,Great quality denim jacket. Works flawlessly and the display clarity is simply amazing.,Positive,4
REV-11131,Home & Kitchen,Great quality office chair. Works flawlessly and the sound quality is simply amazing.,Positive,5
REV-11295,Beauty,Inferior build quality. The finishing feels fragile and useless.,Negative,1
REV-10861,Apparel,Best purchase I have made all year! Highly recommend this skincare serum to everyone.,Positive,5
REV-13508,Apparel,The gaming laptop is okay. Does what it says on the box. Nothing extraordinary.,Neutral,3
REV-13175,Beauty,The package contains one air fryer and standard accessories. As described.,Neutral,3
