Transaction_ID,Date,Customer_ID,Gender,Age,Product_Category,Product_Name,Quantity,Price_per_Unit,Discount_Percent,Total_Amount,Payment_Method
TXN-100001,2023-01-01,CUST1033,Male,43,Beauty,Luxury Floral Perfume,1,141.04,0,141.04,Debit Card
TXN-100002,2023-01-01,CUST1616,Female,23,Beauty,Ionic Hair Dryer Pro,1,80.98,0,80.98,UPI / Digital Wallet
TXN-100003,2023-01-01,CUST1216,Female,20,Beauty,Ionic Hair Dryer Pro,1,95.79,5,91.0,Debit Card
TXN-100004,2023-01-02,CUST1033,Male,43,Beauty,Exfoliating Face Scrub,1,19.74,10,17.77,UPI / Digital Wallet
TXN-100005,2023-01-02,CUST1378,Male,31,Electronics,Smartphone Pro Max,5,909.38,0,4546.9,Credit Card
TXN-100006,2023-01-02,CUST1796,Male,41,Home & Kitchen,High-Speed Smoothie Blender,1,75.91,0,75.91,Debit Card
TXN-100007,2023-01-02,CUST1603,Female,37,Sports & Outdoors,Insulated Thermal Water Bottle,2,29.46,0,58.92,UPI / Digital Wallet
TXN-100008,2023-01-02,CUST1651,Male,37,Beauty,Hydrating Matte Lipstick,1,30.33,5,28.81,UPI / Digital Wallet
TXN-100009,2023-01-03,CUST1074,Male,40,Home & Kitchen,Cast Iron Dutch Oven,2,77.5,0,155.0,Debit Card
TXN-100010,2023-01-03,CUST1779,Male,41,Beauty,Ionic Hair Dryer Pro,1,80.79,0,80.79,UPI / Digital Wallet
TXN-100011,2023-01-03,CUST1822,Female,26,Clothing,Premium Cotton T-Shirt,1,30.02,10,27.02,Credit Card
TXN-100012,2023-01-03,CUST1808,Female,30,Clothing,Athletic Running Shoes,1,114.53,5,108.8,Credit Card
TXN-100013,2023-01-03,CUST1603,Female,37,Electronics,Smartphone Pro Max,1,819.38,10,737.44,UPI / Digital Wallet
TXN-100014,2023-01-04,CUST1165,Male,56,Electronics,Fitness Smartwatch,1,238.03,0,238.03,Credit Card
TXN-100015,2023-01-04,CUST1376,Male,43,Clothing,Silk Evening Dress,5,135.77,0,678.85,Credit Card
TXN-100016,2023-01-04,CUST1172,Female,32,Clothing,Formal Wool Blazer,1,182.6,0,182.6,Debit Card
TXN-100017,2023-01-04,CUST1687,Female,53,Sports & Outdoors,Eco-Friendly Yoga Mat,2,45.41,0,90.82,UPI / Digital Wallet
TXN-100018,2023-01-05,CUST1008,Male,28,Home & Kitchen,Digital Air Fryer XL,1,143.58,0,143.58,Debit Card
TXN-100019,2023-01-05,CUST1771,Male,23,Electronics,Fitness Smartwatch,1,208.52,5,198.09,Credit Card
TXN-100020,2023-01-05,CUST1352,Male,51,Home & Kitchen,Cast Iron Dutch Oven,1,83.19,0,83.19,UPI / Digital Wallet
TXN-100021,2023-01-05,CUST1303,Male,43,Home & Kitchen,High-Speed Smoothie Blender,1,70.16,0,70.16,Debit Card
TXN-100022,2023-01-05,CUST1434,Female,37,Home & Kitchen,Non-Stick Cookware Set (10 Pc),3,157.09,5,447.71,Credit Card
TXN-100023,2023-01-05,CUST1151,Female,31,Electronics,Ultra HD 4K Smart TV,1,675.42,0,675.42,UPI / Digital Wallet
TXN-100024,2023-01-06,CUST1483,Male,47,Clothing,Formal Wool Blazer,5,190.46,0,952.3,Credit Card
TXN-100025,2023-01-06,CUST1124,Female,40,Sports & Outdoors,Adjustable Dumbbells Set,1,143.91,5,136.71,UPI / Digital Wallet
TXN-100026,2023-01-06,CUST1295,Male,42,Electronics,Gaming Laptop 16GB,1,1150.23,0,1150.23,Credit Card
TXN-100027,2023-01-06,CUST1305,Male,55,Electronics,Smartphone Pro Max,5,865.15,0,4325.75,Credit Card
TXN-100028,2023-01-06,CUST1260,Male,45,Home & Kitchen,Digital Air Fryer XL,3,128.76,0,386.28,UPI / Digital Wallet
TXN-100029,2023-01-07,CUST1578,Female,27,Home & Kitchen,Non-Stick Cookware Set (10 Pc),1,175.85,0,175.85,UPI / Digital Wallet
TXN-100030,2023-01-07,CUST1737,Male,39,Home & Kitchen,Non-Stick Cookware Set (10 Pc),3,182.56,0,547.68,Credit Card
TXN-100031,2023-01-07,CUST1285,Female,49,Beauty,Hydrating Matte Lipstick,2,25.8,0,51.6,UPI / Digital Wallet
TXN-100032,2023-01-07,CUST1252,Male,46,Sports & Outdoors,Eco-Friendly Yoga Mat,1,42.65,5,40.52,UPI / Digital Wallet
TXN-100033,2023-01-07,CUST1450,Male,45,Home & Kitchen,Robot Vacuum Cleaner,3,338.81,5,965.61,Credit Card
TXN-100034,2023-01-07,CUST1250,Female,20,Electronics,Ultra HD 4K Smart TV,1,631.66,5,600.08,UPI / Digital Wallet
TXN-100035,2023-01-07,CUST1695,Male,18,Electronics,Smartphone Pro Max,1,739.77,0,739.77,Credit Card
TXN-100036,2023-01-08,CUST1111,Female,61,Home & Kitchen,Espresso Coffee Machine,1,337.7,0,337.7,Debit Card
TXN-100037,2023-01-08,CUST1325,Male,43,Clothing,Athletic Running Shoes,1,115.07,5,109.32,UPI / Digital Wallet
TXN-100038,2023-01-08,CUST1207,Male,61,Electronics,Smartphone Pro Max,1,796.1,0,796.1,Debit Card
TXN-100039,2023-01-08,CUST1647,Male,28,Clothing,Premium Cotton T-Shirt,1,32.94,0,32.94,Debit Card
TXN-100040,2023-01-08,CUST1285,Female,49,Clothing,Classic Denim Jacket,2,71.93,5,136.67,Debit Card
TXN-100041,2023-01-08,CUST1687,Female,53,Electronics,Ultra HD 4K Smart TV,2,601.57,0,1203.14,Debit Card
TXN-100042,2023-01-09,CUST1679,Male,33,Clothing,Athletic Running Shoes,1,118.65,10,106.78,Debit Card
TXN-100043,2023-01-09,CUST1190,Female,41,Clothing,Classic Denim Jacket,1,87.94,10,79.15,Debit Card
TXN-100044,2023-01-09,CUST1541,Male,45,Electronics,Wireless Noise-Canceling Earbuds,4,128.16,0,512.64,UPI / Digital Wallet
TXN-100045,2023-01-09,CUST1422,Female,57,Home & Kitchen,Cast Iron Dutch Oven,2,80.14,0,160.28,Credit Card
TXN-100046,2023-01-10,CUST1646,Male,35,Home & Kitchen,Espresso Coffee Machine,1,285.03,0,285.03,Cash
TXN-100047,2023-01-10,CUST1414,Male,37,Electronics,Gaming Laptop 16GB,5,1125.3,0,5626.5,Debit Card
TXN-100048,2023-01-10,CUST1220,Male,31,Sports & Outdoors,High-Tension Resistance Bands,3,23.98,0,71.94,Credit Card
TXN-100049,2023-01-10,CUST1089,Female,28,Beauty,Exfoliating Face Scrub,1,20.91,10,18.82,UPI / Digital Wallet
TXN-100050,2023-01-11,CUST1714,Female,35,Electronics,Bluetooth Portable Speaker,3,87.37,0,262.11,Credit Card
TXN-100051,2023-01-11,CUST1478,Male,34,Electronics,Wireless Noise-Canceling Earbuds,3,174.79,0,524.37,Credit Card
TXN-100052,2023-01-11,CUST1603,Female,37,Home & Kitchen,Non-Stick Cookware Set (10 Pc),1,176.07,10,158.46,UPI / Digital Wallet
TXN-100053,2023-01-11,CUST1000,Female,38,Clothing,Casual Chino Pants,1,47.56,5,45.18,UPI / Digital Wallet
TXN-100054,2023-01-12,CUST1218,Male,37,Beauty,Anti-Aging Facial Serum,3,65.24,0,195.72,Debit Card
TXN-100055,2023-01-12,CUST1683,Male,40,Home & Kitchen,Non-Stick Cookware Set (10 Pc),1,190.51,0,190.51,Cash
TXN-100056,2023-01-12,CUST1269,Female,18,Clothing,Classic Denim Jacket,4,74.08,10,266.69,Credit Card
TXN-100057,2023-01-12,CUST1017,Male,33,Electronics,Ultra HD 4K Smart TV,2,541.7,0,1083.4,UPI / Digital Wallet
TXN-100058,2023-01-12,CUST1041,Female,21,Beauty,Anti-Aging Facial Serum,1,64.94,0,64.94,Debit Card
TXN-100059,2023-01-13,CUST1836,Male,30,Sports & Outdoors,High-Tension Resistance Bands,4,27.89,0,111.56,Debit Card
TXN-100060,2023-01-13,CUST1484,Male,34,Home & Kitchen,Cast Iron Dutch Oven,5,71.9,0,359.5,UPI / Digital Wallet
TXN-100061,2023-01-13,CUST1008,Male,28,Electronics,Ultra HD 4K Smart TV,3,684.5,0,2053.5,UPI / Digital Wallet
TXN-100062,2023-01-13,CUST1285,Female,49,Home & Kitchen,Robot Vacuum Cleaner,2,312.8,0,625.6,UPI / Digital Wallet
TXN-100063,2023-01-13,CUST1550,Male,28,Electronics,Fitness Smartwatch,1,248.51,0,248.51,Debit Card
TXN-100064,2023-01-13,CUST1700,Male,30,Electronics,Gaming Laptop 16GB,2,1297.77,10,2335.99,UPI / Digital Wallet
TXN-100065,2023-01-14,CUST1158,Female,51,Sports & Outdoors,Eco-Friendly Yoga Mat,1,48.39,0,48.39,Credit Card
TXN-100066,2023-01-14,CUST1441,Male,18,Clothing,Silk Evening Dress,3,163.4,0,490.2,Credit Card
TXN-100067,2023-01-14,CUST1036,Female,23,Beauty,Hydrating Matte Lipstick,3,30.3,0,90.9,Debit Card
TXN-100068,2023-01-14,CUST1812,Female,22,Home & Kitchen,High-Speed Smoothie Blender,1,95.09,5,90.34,UPI / Digital Wallet
TXN-100069,2023-01-14,CUST1079,Female,44,Home & Kitchen,Cast Iron Dutch Oven,4,78.13,0,312.52,UPI / Digital Wallet
TXN-100070,2023-01-14,CUST1173,Female,34,Beauty,Anti-Aging Facial Serum,2,66.17,10,119.11,Cash
TXN-100071,2023-01-14,CUST1271,Male,42,Electronics,Ultra HD 4K Smart TV,3,613.01,0,1839.03,Debit Card
TXN-100072,2023-01-14,CUST1421,Male,32,Beauty,Ionic Hair Dryer Pro,1,87.84,0,87.84,Credit Card
TXN-100073,2023-01-15,CUST1189,Female,44,Electronics,Ultra HD 4K Smart TV,1,697.85,0,697.85,Credit Card
TXN-100074,2023-01-15,CUST1836,Male,30,Home & Kitchen,High-Speed Smoothie Blender,2,94.42,5,179.4,Credit Card
TXN-100075,2023-01-15,CUST1421,Male,32,Electronics,Wireless Noise-Canceling Earbuds,2,165.46,0,330.92,Credit Card
TXN-100076,2023-01-15,CUST1726,Female,66,Clothing,Classic Denim Jacket,1,53.98,10,48.58,UPI / Digital Wallet
TXN-100077,2023-01-15,CUST1214,Male,35,Clothing,Premium Cotton T-Shirt,2,26.16,5,49.7,Credit Card
TXN-100078,2023-01-15,CUST1326,Male,25,Home & Kitchen,Espresso Coffee Machine,2,285.26,0,570.52,Cash
TXN-100079,2023-01-16,CUST1227,Female,51,Home & Kitchen,Non-Stick Cookware Set (10 Pc),1,182.49,0,182.49,Debit Card
TXN-100080,2023-01-16,CUST1002,Male,40,Electronics,Bluetooth Portable Speaker,1,92.82,10,83.54,Debit Card
TXN-100081,2023-01-16,CUST1271,Male,42,Beauty,Ionic Hair Dryer Pro,1,89.79,5,85.3,Credit Card
TXN-100082,2023-01-16,CUST1507,Male,18,Electronics,Gaming Laptop 16GB,1,1212.87,0,1212.87,Cash
TXN-100083,2023-01-16,CUST1813,Male,43,Sports & Outdoors,High-Tension Resistance Bands,5,23.12,5,109.82,Debit Card
TXN-100084,2023-01-16,CUST1292,Male,37,Home & Kitchen,Cast Iron Dutch Oven,2,65.55,0,131.1,Debit Card
TXN-100085,2023-01-16,CUST1838,Male,58,Home & Kitchen,Digital Air Fryer XL,4,169.55,0,678.2,Cash
TXN-100086,2023-01-17,CUST1198,Male,56,Home & Kitchen,Non-Stick Cookware Set (10 Pc),1,197.22,10,177.5,Debit Card
TXN-100087,2023-01-17,CUST1700,Male,30,Sports & Outdoors,Mountain Trail Backpack,2,107.9,0,215.8,Credit Card
TXN-100088,2023-01-17,CUST1092,Male,30,Sports & Outdoors,Mountain Trail Backpack,1,93.01,10,83.71,Debit Card
TXN-100089,2023-01-17,CUST1079,Female,44,Electronics,Ultra HD 4K Smart TV,2,704.19,0,1408.38,Debit Card
TXN-100090,2023-01-17,CUST1720,Male,29,Clothing,Formal Wool Blazer,1,191.34,0,191.34,UPI / Digital Wallet
TXN-100091,2023-01-17,CUST1768,Female,24,Sports & Outdoors,Mountain Trail Backpack,2,92.94,5,176.59,Debit Card
TXN-100092,2023-01-17,CUST1227,Female,51,Electronics,Bluetooth Portable Speaker,2,79.75,10,143.55,UPI / Digital Wallet
TXN-100093,2023-01-17,CUST1554,Male,21,Electronics,Smartphone Pro Max,4,881.78,0,3527.12,Debit Card
TXN-100094,2023-01-17,CUST1576,Female,36,Electronics,Wireless Noise-Canceling Earbuds,1,173.21,0,173.21,UPI / Digital Wallet
TXN-100095,2023-01-17,CUST1428,Female,42,Sports & Outdoors,Adjustable Dumbbells Set,3,177.83,10,480.14,Credit Card
TXN-100096,2023-01-17,CUST1344,Female,56,Electronics,Bluetooth Portable Speaker,1,87.25,10,78.53,Debit Card
TXN-100097,2023-01-17,CUST1241,Male,39,Electronics,Ultra HD 4K Smart TV,4,686.68,0,2746.72,Cash
TXN-100098,2023-01-18,CUST1289,Male,24,Beauty,Luxury Floral Perfume,1,100.49,5,95.47,Credit Card
TXN-100099,2023-01-18,CUST1663,Female,35,Beauty,Organic Sunscreen SPF 50,1,29.47,0,29.47,Credit Card
TXN-100100,2023-01-18,CUST1767,Male,27,Sports & Outdoors,Eco-Friendly Yoga Mat,1,37.93,0,37.93,Debit Card
TXN-100101,2023-01-18,CUST1251,Female,47,Clothing,Classic Denim Jacket,1,76.97,5,73.12,Debit Card
TXN-100102,2023-01-19,CUST1180,Female,58,Electronics,Smartphone Pro Max,1,806.97,0,806.97,Credit Card
TXN-100103,2023-01-19,CUST1196,Male,29,Sports & Outdoors,Eco-Friendly Yoga Mat,1,39.99,0,39.99,Credit Card
TXN-100104,2023-01-19,CUST1597,Female,42,Clothing,Casual Chino Pants,1,56.31,5,53.49,Cash
TXN-100105,2023-01-19,CUST1467,Male,23,Clothing,Classic Denim Jacket,4,71.13,0,284.52,Cash
TXN-100106,2023-01-19,CUST1123,Female,46,Electronics,Bluetooth Portable Speaker,1,92.46,0,92.46,UPI / Digital Wallet
TXN-100107,2023-01-20,CUST1268,Female,53,Beauty,Hydrating Matte Lipstick,1,26.99,0,26.99,Debit Card
TXN-100108,2023-01-20,CUST1478,Male,34,Sports & Outdoors,Adjustable Dumbbells Set,4,182.77,10,657.97,UPI / Digital Wallet
TXN-100109,2023-01-20,CUST1722,Female,30,Electronics,Ultra HD 4K Smart TV,4,656.06,0,2624.24,Cash
TXN-100110,2023-01-21,CUST1517,Male,37,Clothing,Formal Wool Blazer,1,201.46,0,201.46,UPI / Digital Wallet
TXN-100111,2023-01-21,CUST1673,Male,45,Beauty,Anti-Aging Facial Serum,1,64.79,5,61.55,UPI / Digital Wallet
TXN-100112,2023-01-21,CUST1687,Female,53,Home & Kitchen,Cast Iron Dutch Oven,4,78.26,10,281.74,Credit Card
TXN-100113,2023-01-21,CUST1645,Male,50,Beauty,Anti-Aging Facial Serum,1,59.89,0,59.89,Credit Card
TXN-100114,2023-01-22,CUST1791,Male,45,Electronics,Ultra HD 4K Smart TV,2,647.02,5,1229.34,Debit Card
TXN-100115,2023-01-22,CUST1329,Female,22,Electronics,Bluetooth Portable Speaker,1,90.59,0,90.59,UPI / Digital Wallet
TXN-100116,2023-01-22,CUST1756,Male,43,Electronics,Wireless Noise-Canceling Earbuds,2,138.76,0,277.52,Debit Card
TXN-100117,2023-01-22,CUST1797,Male,70,Electronics,Smartphone Pro Max,1,906.12,10,815.51,Credit Card
TXN-100118,2023-01-22,CUST1598,Female,53,Electronics,Gaming Laptop 16GB,2,1286.24,0,2572.48,Credit Card
TXN-100119,2023-01-22,CUST1613,Female,54,Home & Kitchen,Non-Stick Cookware Set (10 Pc),3,162.12,5,462.04,UPI / Digital Wallet
TXN-100120,2023-01-22,CUST1429,Female,43,Home & Kitchen,Robot Vacuum Cleaner,3,370.24,5,1055.18,Cash
TXN-100121,2023-01-22,CUST1663,Female,35,Sports & Outdoors,Insulated Thermal Water Bottle,1,35.55,10,31.99,Credit Card
TXN-100122,2023-01-23,CUST1799,Male,18,Electronics,Wireless Noise-Canceling Earbuds,1,176.24,10,158.62,UPI / Digital Wallet
TXN-100123,2023-01-23,CUST1721,Female,51,Home & Kitchen,High-Speed Smoothie Blender,2,93.77,0,187.54,UPI / Digital Wallet
TXN-100124,2023-01-23,CUST1149,Female,33,Clothing,Premium Cotton T-Shirt,2,29.88,0,59.76,Debit Card
TXN-100125,2023-01-23,CUST1653,Male,44,Sports & Outdoors,Adjustable Dumbbells Set,1,178.94,0,178.94,Credit Card
TXN-100126,2023-01-23,CUST1223,Female,53,Clothing,Casual Chino Pants,2,53.81,10,96.86,Credit Card
TXN-100127,2023-01-23,CUST1680,Male,30,Home & Kitchen,Digital Air Fryer XL,1,132.95,0,132.95,Cash
TXN-100128,2023-01-24,CUST1233,Female,52,Beauty,Luxury Floral Perfume,3,142.47,5,406.04,UPI / Digital Wallet
TXN-100129,2023-01-24,CUST1689,Female,18,Sports & Outdoors,Insulated Thermal Water Bottle,2,34.62,10,62.32,Credit Card
TXN-100130,2023-01-24,CUST1719,Male,35,Clothing,Formal Wool Blazer,1,187.96,0,187.96,Cash
TXN-100131,2023-01-24,CUST1467,Male,23,Home & Kitchen,Espresso Coffee Machine,1,251.09,0,251.09,Credit Card
TXN-100132,2023-01-24,CUST1757,Male,66,Clothing,Formal Wool Blazer,1,181.07,5,172.02,Cash
TXN-100133,2023-01-24,CUST1107,Male,36,Electronics,Bluetooth Portable Speaker,1,80.69,0,80.69,UPI / Digital Wallet
TXN-100134,2023-01-24,CUST1372,Female,45,Home & Kitchen,Cast Iron Dutch Oven,2,80.41,5,152.78,Debit Card
TXN-100135,2023-01-25,CUST1494,Female,25,Beauty,Luxury Floral Perfume,1,122.09,0,122.09,UPI / Digital Wallet
TXN-100136,2023-01-25,CUST1547,Male,45,Clothing,Athletic Running Shoes,2,121.2,0,242.4,UPI / Digital Wallet
TXN-100137,2023-01-25,CUST1314,Male,39,Beauty,Anti-Aging Facial Serum,1,62.29,0,62.29,Credit Card
TXN-100138,2023-01-25,CUST1196,Male,29,Electronics,Smartphone Pro Max,1,890.46,0,890.46,Cash
TXN-100139,2023-01-25,CUST1301,Male,43,Electronics,Smartphone Pro Max,1,935.63,0,935.63,Credit Card
TXN-100140,2023-01-26,CUST1233,Female,52,Clothing,Silk Evening Dress,4,170.59,0,682.36,Debit Card
TXN-100141,2023-01-26,CUST1795,Male,60,Home & Kitchen,Espresso Coffee Machine,1,293.78,0,293.78,Cash
TXN-100142,2023-01-26,CUST1083,Female,51,Clothing,Classic Denim Jacket,4,76.09,0,304.36,UPI / Digital Wallet
TXN-100143,2023-01-27,CUST1372,Female,45,Electronics,Smartphone Pro Max,1,832.77,0,832.77,Debit Card
TXN-100144,2023-01-27,CUST1584,Male,33,Home & Kitchen,Digital Air Fryer XL,1,141.99,0,141.99,UPI / Digital Wallet
TXN-100145,2023-01-27,CUST1394,Female,29,Electronics,Smartphone Pro Max,1,860.43,10,774.39,Debit Card
TXN-100146,2023-01-27,CUST1300,Female,42,Beauty,Exfoliating Face Scrub,1,21.7,0,21.7,Debit Card
TXN-100147,2023-01-28,CUST1400,Female,37,Clothing,Classic Denim Jacket,3,68.52,0,205.56,Credit Card
TXN-100148,2023-01-28,CUST1684,Male,40,Beauty,Exfoliating Face Scrub,5,19.65,0,98.25,Credit Card
TXN-100149,2023-01-28,CUST1230,Male,45,Clothing,Silk Evening Dress,1,158.02,0,158.02,UPI / Digital Wallet
TXN-100150,2023-01-28,CUST1666,Female,37,Clothing,Formal Wool Blazer,1,161.79,5,153.7,UPI / Digital Wallet
TXN-100151,2023-01-29,CUST1103,Female,47,Home & Kitchen,Robot Vacuum Cleaner,1,345.0,10,310.5,Credit Card
TXN-100152,2023-01-29,CUST1366,Male,37,Sports & Outdoors,Eco-Friendly Yoga Mat,1,44.21,0,44.21,Credit Card
TXN-100153,2023-01-29,CUST1062,Male,33,Electronics,Gaming Laptop 16GB,1,1197.78,5,1137.89,UPI / Digital Wallet
TXN-100154,2023-01-29,CUST1195,Female,30,Beauty,Organic Sunscreen SPF 50,3,32.75,5,93.34,UPI / Digital Wallet
TXN-100155,2023-01-30,CUST1414,Male,37,Electronics,Gaming Laptop 16GB,1,1430.31,0,1430.31,Credit Card
TXN-100156,2023-01-30,CUST1717,Male,18,Sports & Outdoors,Mountain Trail Backpack,2,103.06,5,195.81,Debit Card
TXN-100157,2023-01-31,CUST1099,Female,70,Home & Kitchen,Digital Air Fryer XL,3,124.44,0,373.32,UPI / Digital Wallet
TXN-100158,2023-01-31,CUST1297,Female,56,Beauty,Exfoliating Face Scrub,1,20.99,5,19.94,UPI / Digital Wallet
TXN-100159,2023-01-31,CUST1831,Female,18,Clothing,Premium Cotton T-Shirt,2,34.29,5,65.15,Credit Card
TXN-100160,2023-02-01,CUST1793,Male,38,Home & Kitchen,High-Speed Smoothie Blender,1,100.61,0,100.61,UPI / Digital Wallet
TXN-100161,2023-02-01,CUST1561,Female,41,Electronics,Fitness Smartwatch,3,246.71,0,740.13,Cash
TXN-100162,2023-02-01,CUST1413,Male,42,Electronics,Wireless Noise-Canceling Earbuds,2,172.61,5,327.96,Cash
TXN-100163,2023-02-01,CUST1645,Male,50,Home & Kitchen,Digital Air Fryer XL,5,107.22,5,509.29,Credit Card
TXN-100164,2023-02-01,CUST1373,Male,24,Clothing,Formal Wool Blazer,1,200.79,0,200.79,Debit Card
TXN-100165,2023-02-01,CUST1219,Male,61,Home & Kitchen,Digital Air Fryer XL,1,128.49,10,115.64,Debit Card
TXN-100166,2023-02-01,CUST1795,Male,60,Sports & Outdoors,Insulated Thermal Water Bottle,2,27.77,5,52.76,Credit Card
TXN-100167,2023-02-01,CUST1142,Female,38,Beauty,Ionic Hair Dryer Pro,1,91.68,0,91.68,Credit Card
TXN-100168,2023-02-01,CUST1160,Female,41,Sports & Outdoors,Waterproof Camping Tent,5,245.6,0,1228.0,Credit Card
TXN-100169,2023-02-02,CUST1824,Male,47,Electronics,Bluetooth Portable Speaker,3,70.99,5,202.32,Credit Card
TXN-100170,2023-02-02,CUST1619,Male,39,Electronics,Smartphone Pro Max,2,935.88,5,1778.17,UPI / Digital Wallet
TXN-100171,2023-02-02,CUST1453,Male,62,Beauty,Anti-Aging Facial Serum,1,68.47,0,68.47,UPI / Digital Wallet
TXN-100172,2023-02-03,CUST1454,Female,35,Beauty,Luxury Floral Perfume,1,125.98,10,113.38,Debit Card
TXN-100173,2023-02-03,CUST1004,Female,30,Beauty,Anti-Aging Facial Serum,1,69.53,5,66.05,Credit Card
TXN-100174,2023-02-03,CUST1493,Female,26,Clothing,Premium Cotton T-Shirt,4,30.2,5,114.76,Credit Card
TXN-100175,2023-02-03,CUST1747,Male,47,Beauty,Organic Sunscreen SPF 50,1,34.8,0,34.8,Credit Card
TXN-100176,2023-02-04,CUST1041,Female,21,Beauty,Anti-Aging Facial Serum,1,73.78,10,66.4,Credit Card
TXN-100177,2023-02-04,CUST1005,Female,30,Clothing,Classic Denim Jacket,2,74.38,5,141.32,UPI / Digital Wallet
TXN-100178,2023-02-04,CUST1374,Female,34,Clothing,Silk Evening Dress,1,130.35,0,130.35,Credit Card
TXN-100179,2023-02-04,CUST1447,Male,36,Beauty,Organic Sunscreen SPF 50,1,35.5,0,35.5,Debit Card
TXN-100180,2023-02-05,CUST1314,Male,39,Electronics,Ultra HD 4K Smart TV,1,682.91,10,614.62,Credit Card
TXN-100181,2023-02-05,CUST1706,Female,39,Clothing,Casual Chino Pants,2,48.93,0,97.86,Credit Card
TXN-100182,2023-02-05,CUST1844,Female,48,Clothing,Premium Cotton T-Shirt,1,32.65,0,32.65,UPI / Digital Wallet
TXN-100183,2023-02-06,CUST1144,Female,50,Home & Kitchen,Cast Iron Dutch Oven,2,92.62,0,185.24,Debit Card
TXN-100184,2023-02-06,CUST1403,Male,33,Electronics,Bluetooth Portable Speaker,1,83.51,0,83.51,Debit Card
TXN-100185,2023-02-07,CUST1088,Male,44,Sports & Outdoors,Eco-Friendly Yoga Mat,2,51.99,10,93.58,Credit Card
TXN-100186,2023-02-07,CUST1325,Male,43,Beauty,Luxury Floral Perfume,1,123.58,0,123.58,Debit Card
TXN-100187,2023-02-07,CUST1570,Female,38,Clothing,Athletic Running Shoes,1,67.55,0,67.55,Credit Card
TXN-100188,2023-02-07,CUST1052,Male,18,Home & Kitchen,High-Speed Smoothie Blender,4,75.86,0,303.44,Debit Card
TXN-100189,2023-02-07,CUST1765,Male,51,Clothing,Athletic Running Shoes,1,106.17,5,100.86,Debit Card
TXN-100190,2023-02-08,CUST1558,Male,34,Electronics,Wireless Noise-Canceling Earbuds,1,132.07,10,118.86,Debit Card
TXN-100191,2023-02-08,CUST1435,Male,37,Home & Kitchen,Digital Air Fryer XL,1,144.73,10,130.26,Debit Card
TXN-100192,2023-02-08,CUST1028,Male,22,Clothing,Silk Evening Dress,2,123.28,0,246.56,Cash
TXN-100193,2023-02-08,CUST1255,Male,40,Electronics,Wireless Noise-Canceling Earbuds,3,134.32,0,402.96,UPI / Digital Wallet
TXN-100194,2023-02-08,CUST1524,Male,40,Electronics,Fitness Smartwatch,1,223.3,0,223.3,Debit Card
TXN-100195,2023-02-08,CUST1210,Male,41,Electronics,Bluetooth Portable Speaker,3,89.11,5,253.96,UPI / Digital Wallet
TXN-100196,2023-02-08,CUST1178,Male,37,Sports & Outdoors,Waterproof Camping Tent,2,221.71,10,399.08,Credit Card
TXN-100197,2023-02-09,CUST1496,Male,29,Sports & Outdoors,Mountain Trail Backpack,1,79.03,0,79.03,Debit Card
TXN-100198,2023-02-09,CUST1162,Male,39,Sports & Outdoors,Insulated Thermal Water Bottle,2,26.94,5,51.19,Cash
TXN-100199,2023-02-09,CUST1204,Male,40,Beauty,Ionic Hair Dryer Pro,1,97.03,0,97.03,UPI / Digital Wallet
TXN-100200,2023-02-10,CUST1637,Female,48,Home & Kitchen,Digital Air Fryer XL,2,133.8,0,267.6,Credit Card
TXN-100201,2023-02-10,CUST1124,Female,40,Beauty,Organic Sunscreen SPF 50,1,38.64,0,38.64,UPI / Digital Wallet
TXN-100202,2023-02-10,CUST1468,Female,59,Sports & Outdoors,Waterproof Camping Tent,3,176.01,0,528.03,UPI / Digital Wallet
TXN-100203,2023-02-10,CUST1178,Male,37,Beauty,Organic Sunscreen SPF 50,1,32.96,10,29.66,UPI / Digital Wallet
TXN-100204,2023-02-11,CUST1026,Female,31,Clothing,Classic Denim Jacket,2,66.26,0,132.52,UPI / Digital Wallet
TXN-100205,2023-02-11,CUST1711,Male,25,Electronics,Wireless Noise-Canceling Earbuds,2,133.88,0,267.76,UPI / Digital Wallet
TXN-100206,2023-02-11,CUST1782,Female,44,Clothing,Athletic Running Shoes,1,104.48,5,99.26,UPI / Digital Wallet
TXN-100207,2023-02-11,CUST1161,Male,49,Clothing,Premium Cotton T-Shirt,2,32.82,5,62.36,UPI / Digital Wallet
TXN-100208,2023-02-12,CUST1700,Male,30,Home & Kitchen,Espresso Coffee Machine,1,310.13,0,310.13,Debit Card
TXN-100209,2023-02-12,CUST1223,Female,53,Beauty,Hydrating Matte Lipstick,2,32.0,0,64.0,Credit Card
TXN-100210,2023-02-12,CUST1783,Female,47,Clothing,Classic Denim Jacket,2,64.94,0,129.88,Credit Card
TXN-100211,2023-02-12,CUST1058,Female,37,Clothing,Casual Chino Pants,2,59.13,10,106.43,UPI / Digital Wallet
TXN-100212,2023-02-12,CUST1725,Male,31,Electronics,Smartphone Pro Max,3,817.01,10,2205.93,Credit Card
TXN-100213,2023-02-12,CUST1557,Female,49,Clothing,Silk Evening Dress,2,139.96,5,265.92,UPI / Digital Wallet
TXN-100214,2023-02-12,CUST1281,Female,47,Beauty,Hydrating Matte Lipstick,3,30.3,0,90.9,Credit Card
TXN-100215,2023-02-12,CUST1434,Female,37,Electronics,Fitness Smartwatch,2,208.34,0,416.68,UPI / Digital Wallet
TXN-100216,2023-02-12,CUST1662,Male,30,Clothing,Premium Cotton T-Shirt,1,33.98,0,33.98,Credit Card
TXN-100217,2023-02-12,CUST1031,Female,33,Beauty,Luxury Floral Perfume,5,116.98,10,526.41,Credit Card
TXN-100218,2023-02-13,CUST1641,Female,34,Electronics,Gaming Laptop 16GB,2,1063.45,0,2126.9,Cash
TXN-100219,2023-02-13,CUST1204,Male,40,Beauty,Hydrating Matte Lipstick,1,31.42,5,29.85,UPI / Digital Wallet
TXN-100220,2023-02-13,CUST1141,Female,46,Clothing,Silk Evening Dress,3,141.4,5,402.99,Credit Card
TXN-100221,2023-02-13,CUST1390,Male,46,Sports & Outdoors,Eco-Friendly Yoga Mat,1,40.55,0,40.55,Credit Card
TXN-100222,2023-02-13,CUST1056,Female,30,Electronics,Gaming Laptop 16GB,1,1260.45,10,1134.4,Credit Card
TXN-100223,2023-02-14,CUST1813,Male,43,Electronics,Bluetooth Portable Speaker,2,80.95,0,161.9,UPI / Digital Wallet
TXN-100224,2023-02-14,CUST1387,Female,37,Clothing,Athletic Running Shoes,1,106.94,5,101.59,Cash
TXN-100225,2023-02-14,CUST1764,Female,44,Electronics,Gaming Laptop 16GB,2,1053.23,0,2106.46,UPI / Digital Wallet
TXN-100226,2023-02-14,CUST1051,Male,60,Beauty,Ionic Hair Dryer Pro,1,102.41,10,92.17,UPI / Digital Wallet
TXN-100227,2023-02-14,CUST1029,Female,47,Clothing,Premium Cotton T-Shirt,1,32.63,10,29.37,UPI / Digital Wallet
TXN-100228,2023-02-14,CUST1381,Male,18,Beauty,Organic Sunscreen SPF 50,1,42.63,5,40.5,UPI / Digital Wallet
TXN-100229,2023-02-15,CUST1437,Male,38,Electronics,Gaming Laptop 16GB,1,1193.63,5,1133.95,Credit Card
TXN-100230,2023-02-15,CUST1728,Female,47,Home & Kitchen,Espresso Coffee Machine,3,279.54,10,754.76,Cash
TXN-100231,2023-02-15,CUST1498,Male,59,Electronics,Bluetooth Portable Speaker,1,78.86,0,78.86,Credit Card
TXN-100232,2023-02-16,CUST1326,Male,25,Sports & Outdoors,Mountain Trail Backpack,4,113.39,0,453.56,UPI / Digital Wallet
TXN-100233,2023-02-16,CUST1616,Female,23,Clothing,Silk Evening Dress,5,136.75,0,683.75,Credit Card
TXN-100234,2023-02-16,CUST1392,Female,57,Beauty,Exfoliating Face Scrub,1,24.05,0,24.05,UPI / Digital Wallet
TXN-100235,2023-02-16,CUST1717,Male,18,Clothing,Casual Chino Pants,2,43.48,0,86.96,Credit Card
TXN-100236,2023-02-16,CUST1096,Male,25,Sports & Outdoors,Waterproof Camping Tent,2,212.46,0,424.92,Debit Card
TXN-100237,2023-02-16,CUST1614,Male,52,Home & Kitchen,Cast Iron Dutch Oven,1,93.55,0,93.55,Credit Card
TXN-100238,2023-02-17,CUST1423,Female,49,Clothing,Casual Chino Pants,1,57.13,0,57.13,UPI / Digital Wallet
TXN-100239,2023-02-17,CUST1228,Male,46,Beauty,Luxury Floral Perfume,2,131.72,5,250.27,Credit Card
TXN-100240,2023-02-17,CUST1115,Male,30,Electronics,Ultra HD 4K Smart TV,1,619.77,5,588.78,Cash
TXN-100241,2023-02-17,CUST1226,Male,31,Clothing,Formal Wool Blazer,3,188.68,10,509.44,UPI / Digital Wallet
TXN-100242,2023-02-17,CUST1025,Male,23,Home & Kitchen,Cast Iron Dutch Oven,1,86.09,10,77.48,Credit Card
TXN-100243,2023-02-18,CUST1096,Male,25,Electronics,Wireless Noise-Canceling Earbuds,2,143.11,5,271.91,Credit Card
TXN-100244,2023-02-18,CUST1535,Male,20,Sports & Outdoors,Waterproof Camping Tent,2,201.62,10,362.92,Debit Card
TXN-100245,2023-02-18,CUST1573,Male,66,Clothing,Classic Denim Jacket,2,87.46,5,166.17,UPI / Digital Wallet
TXN-100246,2023-02-18,CUST1832,Female,18,Sports & Outdoors,Mountain Trail Backpack,1,99.53,0,99.53,UPI / Digital Wallet
TXN-100247,2023-02-18,CUST1649,Female,26,Clothing,Silk Evening Dress,1,147.66,10,132.89,Credit Card
TXN-100248,2023-02-18,CUST1090,Female,40,Beauty,Luxury Floral Perfume,1,118.83,5,112.89,UPI / Digital Wallet
TXN-100249,2023-02-19,CUST1463,Male,51,Clothing,Premium Cotton T-Shirt,2,28.79,5,54.7,UPI / Digital Wallet
TXN-100250,2023-02-19,CUST1335,Female,18,Home & Kitchen,Non-Stick Cookware Set (10 Pc),3,154.03,0,462.09,Debit Card
TXN-100251,2023-02-19,CUST1120,Male,28,Electronics,Gaming Laptop 16GB,1,1180.95,0,1180.95,UPI / Digital Wallet
TXN-100252,2023-02-19,CUST1760,Female,38,Beauty,Luxury Floral Perfume,2,97.85,5,185.92,Credit Card
TXN-100253,2023-02-20,CUST1140,Male,37,Home & Kitchen,Digital Air Fryer XL,1,128.68,0,128.68,UPI / Digital Wallet
TXN-100254,2023-02-20,CUST1769,Male,18,Beauty,Ionic Hair Dryer Pro,1,93.16,0,93.16,Credit Card
TXN-100255,2023-02-21,CUST1804,Female,36,Electronics,Smartphone Pro Max,3,901.54,5,2569.39,UPI / Digital Wallet
TXN-100256,2023-02-21,CUST1442,Female,49,Home & Kitchen,High-Speed Smoothie Blender,3,79.21,10,213.87,UPI / Digital Wallet
TXN-100257,2023-02-21,CUST1528,Female,25,Electronics,Fitness Smartwatch,2,181.82,0,363.64,Debit Card
TXN-100258,2023-02-21,CUST1532,Male,45,Beauty,Ionic Hair Dryer Pro,1,113.66,0,113.66,Credit Card
TXN-100259,2023-02-21,CUST1410,Female,21,Clothing,Casual Chino Pants,1,65.49,0,65.49,Credit Card
TXN-100260,2023-02-21,CUST1627,Male,50,Home & Kitchen,High-Speed Smoothie Blender,1,79.7,0,79.7,Credit Card
TXN-100261,2023-02-22,CUST1466,Female,46,Electronics,Ultra HD 4K Smart TV,5,701.29,5,3331.13,UPI / Digital Wallet
TXN-100262,2023-02-22,CUST1236,Female,51,Home & Kitchen,Robot Vacuum Cleaner,2,317.96,5,604.12,Debit Card
TXN-100263,2023-02-22,CUST1281,Female,47,Sports & Outdoors,Mountain Trail Backpack,3,85.74,0,257.22,Credit Card
TXN-100264,2023-02-22,CUST1212,Male,46,Clothing,Casual Chino Pants,1,56.28,0,56.28,Credit Card
TXN-100265,2023-02-23,CUST1145,Female,31,Home & Kitchen,Robot Vacuum Cleaner,1,365.6,0,365.6,Credit Card
TXN-100266,2023-02-23,CUST1266,Male,39,Clothing,Athletic Running Shoes,3,115.84,10,312.77,UPI / Digital Wallet
TXN-100267,2023-02-24,CUST1742,Male,53,Electronics,Bluetooth Portable Speaker,1,86.63,0,86.63,Debit Card
TXN-100268,2023-02-24,CUST1053,Male,60,Electronics,Fitness Smartwatch,1,202.93,0,202.93,Credit Card
TXN-100269,2023-02-24,CUST1312,Female,37,Electronics,Smartphone Pro Max,2,868.22,0,1736.44,Credit Card
TXN-100270,2023-02-24,CUST1711,Male,25,Clothing,Silk Evening Dress,1,121.02,5,114.97,UPI / Digital Wallet
TXN-100271,2023-02-24,CUST1757,Male,66,Clothing,Formal Wool Blazer,3,241.93,0,725.79,Debit Card
TXN-100272,2023-02-25,CUST1840,Female,64,Electronics,Fitness Smartwatch,2,192.28,0,384.56,Cash
TXN-100273,2023-02-25,CUST1054,Male,40,Beauty,Ionic Hair Dryer Pro,1,86.68,5,82.35,Debit Card
TXN-100274,2023-02-25,CUST1655,Female,48,Electronics,Bluetooth Portable Speaker,2,93.65,0,187.3,Credit Card
TXN-100275,2023-02-26,CUST1842,Female,51,Electronics,Bluetooth Portable Speaker,1,70.94,5,67.39,Debit Card
TXN-100276,2023-02-26,CUST1046,Female,28,Sports & Outdoors,Waterproof Camping Tent,1,204.76,5,194.52,UPI / Digital Wallet
TXN-100277,2023-02-26,CUST1178,Male,37,Clothing,Formal Wool Blazer,4,195.06,0,780.24,UPI / Digital Wallet
TXN-100278,2023-02-26,CUST1529,Male,50,Home & Kitchen,Espresso Coffee Machine,1,231.52,10,208.37,Debit Card
TXN-100279,2023-02-27,CUST1068,Female,40,Electronics,Gaming Laptop 16GB,2,1298.23,0,2596.46,Credit Card
TXN-100280,2023-02-27,CUST1272,Male,58,Clothing,Athletic Running Shoes,1,128.43,0,128.43,Credit Card
TXN-100281,2023-02-27,CUST1178,Male,37,Electronics,Gaming Laptop 16GB,3,1290.37,5,3677.55,UPI / Digital Wallet
TXN-100282,2023-02-27,CUST1282,Female,41,Electronics,Smartphone Pro Max,2,889.56,5,1690.16,Credit Card
TXN-100283,2023-02-27,CUST1558,Male,34,Electronics,Gaming Laptop 16GB,1,1096.33,0,1096.33,UPI / Digital Wallet
TXN-100284,2023-02-27,CUST1134,Male,43,Beauty,Luxury Floral Perfume,2,121.79,10,219.22,Credit Card
TXN-100285,2023-02-28,CUST1320,Male,32,Electronics,Ultra HD 4K Smart TV,1,623.21,0,623.21,UPI / Digital Wallet
TXN-100286,2023-02-28,CUST1204,Male,40,Home & Kitchen,Espresso Coffee Machine,1,296.78,0,296.78,UPI / Digital Wallet
TXN-100287,2023-02-28,CUST1725,Male,31,Sports & Outdoors,High-Tension Resistance Bands,2,28.09,0,56.18,UPI / Digital Wallet
TXN-100288,2023-03-01,CUST1270,Male,30,Electronics,Ultra HD 4K Smart TV,1,658.33,5,625.41,UPI / Digital Wallet
TXN-100289,2023-03-01,CUST1641,Female,34,Home & Kitchen,Espresso Coffee Machine,1,339.04,0,339.04,Credit Card
TXN-100290,2023-03-02,CUST1813,Male,43,Beauty,Exfoliating Face Scrub,2,20.98,0,41.96,Credit Card
TXN-100291,2023-03-02,CUST1459,Female,42,Beauty,Luxury Floral Perfume,2,143.59,0,287.18,Credit Card
TXN-100292,2023-03-02,CUST1420,Male,18,Sports & Outdoors,High-Tension Resistance Bands,2,23.92,0,47.84,Debit Card
TXN-100293,2023-03-03,CUST1575,Male,20,Electronics,Bluetooth Portable Speaker,2,77.86,0,155.72,Credit Card
TXN-100294,2023-03-03,CUST1543,Male,55,Sports & Outdoors,Mountain Trail Backpack,4,81.68,0,326.72,Credit Card
TXN-100295,2023-03-04,CUST1569,Female,36,Home & Kitchen,Digital Air Fryer XL,2,120.26,0,240.52,Credit Card
TXN-100296,2023-03-04,CUST1541,Male,45,Home & Kitchen,Non-Stick Cookware Set (10 Pc),1,152.3,0,152.3,UPI / Digital Wallet
TXN-100297,2023-03-05,CUST1745,Male,44,Clothing,Casual Chino Pants,1,45.16,10,40.64,Credit Card
TXN-100298,2023-03-05,CUST1512,Male,45,Electronics,Gaming Laptop 16GB,1,1137.14,10,1023.43,UPI / Digital Wallet
TXN-100299,2023-03-05,CUST1048,Male,18,Clothing,Classic Denim Jacket,1,77.61,0,77.61,Cash
TXN-100300,2023-03-06,CUST1431,Male,41,Beauty,Hydrating Matte Lipstick,1,29.4,0,29.4,Debit Card
TXN-100301,2023-03-06,CUST1768,Female,24,Electronics,Smartphone Pro Max,1,799.68,0,799.68,Debit Card
TXN-100302,2023-03-07,CUST1056,Female,30,Electronics,Ultra HD 4K Smart TV,1,674.77,0,674.77,UPI / Digital Wallet
TXN-100303,2023-03-07,CUST1366,Male,37,Beauty,Organic Sunscreen SPF 50,1,39.08,0,39.08,Credit Card
TXN-100304,2023-03-07,CUST1352,Male,51,Home & Kitchen,Non-Stick Cookware Set (10 Pc),1,182.35,0,182.35,Credit Card
TXN-100305,2023-03-07,CUST1067,Male,47,Clothing,Silk Evening Dress,1,123.82,5,117.63,Credit Card
TXN-100306,2023-03-07,CUST1025,Male,23,Electronics,Wireless Noise-Canceling Earbuds,1,153.59,0,153.59,Credit Card
TXN-100307,2023-03-07,CUST1351,Male,46,Electronics,Fitness Smartwatch,3,232.91,0,698.73,Credit Card
TXN-100308,2023-03-07,CUST1244,Female,42,Clothing,Premium Cotton T-Shirt,1,21.98,10,19.78,UPI / Digital Wallet
TXN-100309,2023-03-07,CUST1830,Female,19,Clothing,Silk Evening Dress,2,148.54,0,297.08,UPI / Digital Wallet
TXN-100310,2023-03-07,CUST1312,Female,37,Clothing,Classic Denim Jacket,1,71.13,0,71.13,Credit Card
TXN-100311,2023-03-08,CUST1764,Female,44,Clothing,Athletic Running Shoes,1,119.25,0,119.25,Debit Card
TXN-100312,2023-03-09,CUST1202,Female,30,Clothing,Formal Wool Blazer,2,195.99,5,372.38,Credit Card
TXN-100313,2023-03-09,CUST1815,Female,30,Home & Kitchen,Robot Vacuum Cleaner,2,292.25,5,555.28,UPI / Digital Wallet
TXN-100314,2023-03-09,CUST1602,Female,28,Beauty,Luxury Floral Perfume,1,105.27,5,100.01,Debit Card
TXN-100315,2023-03-09,CUST1693,Female,35,Electronics,Ultra HD 4K Smart TV,1,688.02,0,688.02,Credit Card
TXN-100316,2023-03-09,CUST1382,Male,40,Home & Kitchen,Cast Iron Dutch Oven,1,70.26,10,63.23,Debit Card
TXN-100317,2023-03-09,CUST1295,Male,42,Home & Kitchen,Non-Stick Cookware Set (10 Pc),2,177.64,5,337.52,Credit Card
TXN-100318,2023-03-10,CUST1314,Male,39,Beauty,Exfoliating Face Scrub,2,21.77,10,39.19,Credit Card
TXN-100319,2023-03-10,CUST1354,Female,55,Sports & Outdoors,Eco-Friendly Yoga Mat,1,40.53,5,38.5,Credit Card
TXN-100320,2023-03-10,CUST1174,Male,20,Electronics,Bluetooth Portable Speaker,2,88.61,0,177.22,Debit Card
TXN-100321,2023-03-10,CUST1184,Female,37,Electronics,Wireless Noise-Canceling Earbuds,1,176.3,5,167.48,Credit Card
TXN-100322,2023-03-10,CUST1266,Male,39,Electronics,Smartphone Pro Max,1,879.63,10,791.67,Credit Card
TXN-100323,2023-03-10,CUST1512,Male,45,Beauty,Exfoliating Face Scrub,2,19.05,0,38.1,Credit Card
TXN-100324,2023-03-10,CUST1578,Female,27,Clothing,Casual Chino Pants,1,56.05,0,56.05,Credit Card
TXN-100325,2023-03-10,CUST1015,Female,18,Home & Kitchen,High-Speed Smoothie Blender,4,74.34,0,297.36,Credit Card
TXN-100326,2023-03-11,CUST1795,Male,60,Home & Kitchen,Digital Air Fryer XL,1,118.4,0,118.4,Cash
TXN-100327,2023-03-11,CUST1749,Male,28,Electronics,Bluetooth Portable Speaker,1,75.33,0,75.33,UPI / Digital Wallet
TXN-100328,2023-03-11,CUST1069,Male,35,Clothing,Formal Wool Blazer,1,193.83,0,193.83,Credit Card
TXN-100329,2023-03-11,CUST1684,Male,40,Beauty,Ionic Hair Dryer Pro,1,105.57,0,105.57,Credit Card
TXN-100330,2023-03-11,CUST1405,Male,18,Clothing,Athletic Running Shoes,1,106.15,5,100.84,Debit Card
TXN-100331,2023-03-12,CUST1786,Male,40,Beauty,Anti-Aging Facial Serum,2,48.94,0,97.88,Credit Card
TXN-100332,2023-03-12,CUST1335,Female,18,Beauty,Hydrating Matte Lipstick,1,35.76,0,35.76,Debit Card
TXN-100333,2023-03-12,CUST1194,Female,29,Electronics,Smartphone Pro Max,2,871.5,5,1655.85,Credit Card
TXN-100334,2023-03-12,CUST1232,Male,45,Sports & Outdoors,Insulated Thermal Water Bottle,1,39.46,0,39.46,Cash
TXN-100335,2023-03-12,CUST1722,Female,30,Electronics,Wireless Noise-Canceling Earbuds,1,137.8,5,130.91,Credit Card
TXN-100336,2023-03-12,CUST1786,Male,40,Clothing,Classic Denim Jacket,1,62.37,5,59.25,Debit Card
TXN-100337,2023-03-13,CUST1338,Female,24,Home & Kitchen,Robot Vacuum Cleaner,1,324.58,5,308.35,Debit Card
TXN-100338,2023-03-13,CUST1556,Female,28,Home & Kitchen,Digital Air Fryer XL,2,126.2,0,252.4,UPI / Digital Wallet
TXN-100339,2023-03-13,CUST1024,Female,47,Electronics,Wireless Noise-Canceling Earbuds,2,161.52,0,323.04,UPI / Digital Wallet
TXN-100340,2023-03-13,CUST1425,Male,33,Beauty,Hydrating Matte Lipstick,3,27.21,5,77.55,Debit Card
TXN-100341,2023-03-14,CUST1289,Male,24,Home & Kitchen,High-Speed Smoothie Blender,2,106.72,0,213.44,Cash
TXN-100342,2023-03-14,CUST1286,Female,46,Clothing,Classic Denim Jacket,1,66.65,0,66.65,Credit Card
TXN-100343,2023-03-14,CUST1701,Female,43,Clothing,Premium Cotton T-Shirt,2,31.66,0,63.32,UPI / Digital Wallet
TXN-100344,2023-03-14,CUST1378,Male,31,Electronics,Gaming Laptop 16GB,1,1207.32,0,1207.32,Cash
TXN-100345,2023-03-15,CUST1714,Female,35,Home & Kitchen,High-Speed Smoothie Blender,1,75.71,0,75.71,UPI / Digital Wallet
TXN-100346,2023-03-15,CUST1471,Male,28,Clothing,Silk Evening Dress,1,110.15,0,110.15,Debit Card
TXN-100347,2023-03-15,CUST1571,Male,36,Electronics,Ultra HD 4K Smart TV,1,603.23,0,603.23,Cash
TXN-100348,2023-03-15,CUST1394,Female,29,Clothing,Classic Denim Jacket,1,67.46,0,67.46,UPI / Digital Wallet
TXN-100349,2023-03-16,CUST1351,Male,46,Electronics,Fitness Smartwatch,2,195.69,5,371.81,Debit Card
TXN-100350,2023-03-16,CUST1761,Female,41,Electronics,Bluetooth Portable Speaker,4,78.24,0,312.96,Credit Card
TXN-100351,2023-03-16,CUST1119,Male,18,Electronics,Fitness Smartwatch,1,215.91,0,215.91,Debit Card
TXN-100352,2023-03-17,CUST1244,Female,42,Sports & Outdoors,High-Tension Resistance Bands,1,18.9,0,18.9,UPI / Digital Wallet
TXN-100353,2023-03-17,CUST1574,Male,30,Sports & Outdoors,High-Tension Resistance Bands,2,23.84,0,47.68,Debit Card
TXN-100354,2023-03-17,CUST1174,Male,20,Electronics,Bluetooth Portable Speaker,2,79.51,0,159.02,Debit Card
TXN-100355,2023-03-17,CUST1716,Male,20,Sports & Outdoors,Adjustable Dumbbells Set,2,192.65,10,346.77,Debit Card
TXN-100356,2023-03-17,CUST1367,Male,65,Clothing,Premium Cotton T-Shirt,3,26.15,0,78.45,Debit Card
TXN-100357,2023-03-18,CUST1613,Female,54,Home & Kitchen,Digital Air Fryer XL,3,141.97,0,425.91,Debit Card
TXN-100358,2023-03-18,CUST1670,Female,25,Electronics,Smartphone Pro Max,2,835.23,5,1586.94,UPI / Digital Wallet
TXN-100359,2023-03-18,CUST1484,Male,34,Electronics,Fitness Smartwatch,2,249.24,10,448.63,Credit Card
TXN-100360,2023-03-18,CUST1321,Male,18,Sports & Outdoors,Waterproof Camping Tent,2,185.31,0,370.62,Credit Card
TXN-100361,2023-03-18,CUST1198,Male,56,Electronics,Bluetooth Portable Speaker,1,76.08,0,76.08,Debit Card
TXN-100362,2023-03-18,CUST1840,Female,64,Electronics,Smartphone Pro Max,1,861.73,0,861.73,Credit Card
TXN-100363,2023-03-18,CUST1737,Male,39,Sports & Outdoors,Insulated Thermal Water Bottle,1,22.48,0,22.48,Cash
TXN-100364,2023-03-19,CUST1518,Male,28,Beauty,Exfoliating Face Scrub,4,20.03,0,80.12,Credit Card
TXN-100365,2023-03-19,CUST1315,Male,29,Home & Kitchen,High-Speed Smoothie Blender,1,94.93,0,94.93,Credit Card
TXN-100366,2023-03-19,CUST1723,Male,61,Electronics,Smartphone Pro Max,1,887.35,0,887.35,Debit Card
TXN-100367,2023-03-20,CUST1544,Male,39,Home & Kitchen,Cast Iron Dutch Oven,2,57.01,10,102.62,UPI / Digital Wallet
TXN-100368,2023-03-20,CUST1265,Male,24,Electronics,Ultra HD 4K Smart TV,3,656.78,0,1970.34,Debit Card
TXN-100369,2023-03-21,CUST1567,Female,43,Clothing,Premium Cotton T-Shirt,2,28.63,0,57.26,Credit Card
TXN-100370,2023-03-21,CUST1504,Male,18,Sports & Outdoors,Mountain Trail Backpack,3,93.25,0,279.75,UPI / Digital Wallet
TXN-100371,2023-03-21,CUST1527,Female,18,Electronics,Gaming Laptop 16GB,3,1149.39,0,3448.17,Debit Card
TXN-100372,2023-03-21,CUST1424,Female,33,Electronics,Ultra HD 4K Smart TV,4,693.4,0,2773.6,UPI / Digital Wallet
TXN-100373,2023-03-21,CUST1473,Male,42,Beauty,Organic Sunscreen SPF 50,1,34.35,0,34.35,Cash
TXN-100374,2023-03-21,CUST1409,Female,23,Clothing,Silk Evening Dress,4,128.49,5,488.26,Credit Card
TXN-100375,2023-03-21,CUST1421,Male,32,Clothing,Casual Chino Pants,2,68.55,0,137.1,Credit Card
TXN-100376,2023-03-22,CUST1052,Male,18,Home & Kitchen,Digital Air Fryer XL,2,129.27,0,258.54,Credit Card
TXN-100377,2023-03-22,CUST1245,Male,32,Home & Kitchen,Non-Stick Cookware Set (10 Pc),1,165.7,10,149.13,Credit Card
TXN-100378,2023-03-22,CUST1050,Male,21,Electronics,Smartphone Pro Max,1,796.79,5,756.95,Credit Card
TXN-100379,2023-03-22,CUST1683,Male,40,Clothing,Athletic Running Shoes,2,119.74,10,215.53,Debit Card
TXN-100380,2023-03-22,CUST1755,Male,45,Beauty,Hydrating Matte Lipstick,1,24.37,0,24.37,Credit Card
TXN-100381,2023-03-22,CUST1375,Female,18,Home & Kitchen,Non-Stick Cookware Set (10 Pc),1,165.87,0,165.87,Debit Card
TXN-100382,2023-03-22,CUST1702,Female,18,Clothing,Classic Denim Jacket,1,50.75,0,50.75,Debit Card
TXN-100383,2023-03-22,CUST1757,Male,66,Home & Kitchen,Robot Vacuum Cleaner,1,350.36,0,350.36,Credit Card
TXN-100384,2023-03-22,CUST1762,Female,57,Sports & Outdoors,High-Tension Resistance Bands,1,23.55,0,23.55,Credit Card
TXN-100385,2023-03-22,CUST1129,Female,52,Home & Kitchen,High-Speed Smoothie Blender,1,92.98,0,92.98,Credit Card
TXN-100386,2023-03-23,CUST1445,Male,18,Home & Kitchen,Cast Iron Dutch Oven,1,80.84,0,80.84,Credit Card
TXN-100387,2023-03-23,CUST1423,Female,49,Electronics,Fitness Smartwatch,1,206.75,0,206.75,Credit Card
TXN-100388,2023-03-23,CUST1097,Female,51,Beauty,Organic Sunscreen SPF 50,1,35.2,0,35.2,Credit Card
TXN-100389,2023-03-24,CUST1134,Male,43,Home & Kitchen,Cast Iron Dutch Oven,2,71.56,0,143.12,Credit Card
TXN-100390,2023-03-24,CUST1773,Female,34,Clothing,Premium Cotton T-Shirt,3,21.15,0,63.45,Debit Card
TXN-100391,2023-03-25,CUST1045,Male,51,Home & Kitchen,Robot Vacuum Cleaner,2,324.14,0,648.28,Credit Card
TXN-100392,2023-03-25,CUST1448,Female,52,Electronics,Wireless Noise-Canceling Earbuds,2,134.02,0,268.04,UPI / Digital Wallet
TXN-100393,2023-03-25,CUST1349,Male,43,Home & Kitchen,High-Speed Smoothie Blender,3,90.22,0,270.66,Credit Card
TXN-100394,2023-03-25,CUST1072,Female,30,Home & Kitchen,Espresso Coffee Machine,1,314.47,5,298.75,Credit Card
TXN-100395,2023-03-25,CUST1595,Female,48,Sports & Outdoors,High-Tension Resistance Bands,1,23.72,10,21.35,Debit Card
TXN-100396,2023-03-25,CUST1539,Female,43,Beauty,Organic Sunscreen SPF 50,3,35.09,0,105.27,Debit Card
TXN-100397,2023-03-26,CUST1511,Female,45,Home & Kitchen,Non-Stick Cookware Set (10 Pc),1,182.67,10,164.4,UPI / Digital Wallet
TXN-100398,2023-03-27,CUST1274,Female,30,Clothing,Silk Evening Dress,4,155.63,5,591.39,Debit Card
TXN-100399,2023-03-27,CUST1127,Male,45,Home & Kitchen,Espresso Coffee Machine,2,248.47,0,496.94,Debit Card
TXN-100400,2023-03-27,CUST1555,Female,28,Clothing,Casual Chino Pants,2,55.2,0,110.4,Credit Card
TXN-100401,2023-03-28,CUST1425,Male,33,Sports & Outdoors,Waterproof Camping Tent,1,204.68,0,204.68,Credit Card
TXN-100402,2023-03-28,CUST1757,Male,66,Home & Kitchen,Digital Air Fryer XL,2,131.79,0,263.58,Credit Card
TXN-100403,2023-03-28,CUST1167,Female,33,Beauty,Ionic Hair Dryer Pro,1,110.0,0,110.0,Cash
TXN-100404,2023-03-29,CUST1739,Female,40,Beauty,Luxury Floral Perfume,1,105.72,0,105.72,Debit Card
TXN-100405,2023-03-29,CUST1765,Male,51,Home & Kitchen,Cast Iron Dutch Oven,1,65.52,0,65.52,UPI / Digital Wallet
TXN-100406,2023-03-30,CUST1116,Male,46,Beauty,Luxury Floral Perfume,1,151.95,0,151.95,Credit Card
TXN-100407,2023-03-30,CUST1535,Male,20,Electronics,Ultra HD 4K Smart TV,1,696.19,5,661.38,Credit Card
TXN-100408,2023-03-30,CUST1776,Female,49,Beauty,Hydrating Matte Lipstick,2,28.7,10,51.66,Credit Card
TXN-100409,2023-03-30,CUST1510,Male,55,Home & Kitchen,Digital Air Fryer XL,2,106.78,0,213.56,Debit Card
TXN-100410,2023-03-31,CUST1757,Male,66,Home & Kitchen,High-Speed Smoothie Blender,1,87.44,0,87.44,Cash
TXN-100411,2023-03-31,CUST1657,Female,45,Beauty,Hydrating Matte Lipstick,4,26.35,0,105.4,Credit Card
TXN-100412,2023-03-31,CUST1256,Male,41,Clothing,Premium Cotton T-Shirt,2,31.21,0,62.42,Cash
TXN-100413,2023-03-31,CUST1515,Female,41,Electronics,Ultra HD 4K Smart TV,2,669.87,0,1339.74,Debit Card
TXN-100414,2023-03-31,CUST1164,Female,31,Beauty,Luxury Floral Perfume,3,100.45,0,301.35,Cash
TXN-100415,2023-04-01,CUST1798,Male,45,Home & Kitchen,Espresso Coffee Machine,2,279.6,0,559.2,Credit Card
TXN-100416,2023-04-01,CUST1530,Male,25,Home & Kitchen,Robot Vacuum Cleaner,1,328.58,0,328.58,Credit Card
TXN-100417,2023-04-01,CUST1466,Female,46,Clothing,Formal Wool Blazer,1,191.53,5,181.95,Credit Card
TXN-100418,2023-04-01,CUST1072,Female,30,Electronics,Gaming Laptop 16GB,2,1231.13,5,2339.15,Credit Card
TXN-100419,2023-04-02,CUST1582,Female,45,Electronics,Gaming Laptop 16GB,1,1090.08,5,1035.58,Debit Card
TXN-100420,2023-04-02,CUST1070,Male,38,Home & Kitchen,Digital Air Fryer XL,1,113.94,0,113.94,UPI / Digital Wallet
TXN-100421,2023-04-02,CUST1601,Female,43,Electronics,Ultra HD 4K Smart TV,1,613.3,0,613.3,UPI / Digital Wallet
TXN-100422,2023-04-02,CUST1414,Male,37,Clothing,Formal Wool Blazer,2,156.93,0,313.86,Credit Card
TXN-100423,2023-04-02,CUST1688,Male,50,Home & Kitchen,Non-Stick Cookware Set (10 Pc),1,155.57,0,155.57,Credit Card
TXN-100424,2023-04-03,CUST1320,Male,32,Electronics,Ultra HD 4K Smart TV,1,681.03,0,681.03,Debit Card
TXN-100425,2023-04-03,CUST1578,Female,27,Beauty,Ionic Hair Dryer Pro,1,102.17,0,102.17,Cash
TXN-100426,2023-04-03,CUST1631,Male,44,Home & Kitchen,Digital Air Fryer XL,2,98.71,0,197.42,Credit Card
TXN-100427,2023-04-04,CUST1139,Male,51,Sports & Outdoors,Insulated Thermal Water Bottle,1,32.67,0,32.67,Debit Card
TXN-100428,2023-04-04,CUST1048,Male,18,Electronics,Ultra HD 4K Smart TV,1,617.71,10,555.94,Credit Card
TXN-100429,2023-04-04,CUST1046,Female,28,Sports & Outdoors,Waterproof Camping Tent,1,196.47,0,196.47,Debit Card
TXN-100430,2023-04-04,CUST1550,Male,28,Home & Kitchen,Non-Stick Cookware Set (10 Pc),1,178.46,10,160.61,Credit Card
TXN-100431,2023-04-04,CUST1343,Female,45,Electronics,Wireless Noise-Canceling Earbuds,1,160.4,0,160.4,Debit Card
TXN-100432,2023-04-04,CUST1127,Male,45,Home & Kitchen,Non-Stick Cookware Set (10 Pc),1,161.22,0,161.22,Cash
TXN-100433,2023-04-04,CUST1083,Female,51,Home & Kitchen,Cast Iron Dutch Oven,1,105.14,0,105.14,UPI / Digital Wallet
TXN-100434,2023-04-05,CUST1096,Male,25,Sports & Outdoors,Insulated Thermal Water Bottle,1,28.16,0,28.16,Credit Card
TXN-100435,2023-04-05,CUST1392,Female,57,Home & Kitchen,High-Speed Smoothie Blender,4,94.4,5,358.72,Credit Card
TXN-100436,2023-04-05,CUST1468,Female,59,Clothing,Formal Wool Blazer,2,142.2,5,270.18,Debit Card
TXN-100437,2023-04-05,CUST1270,Male,30,Electronics,Bluetooth Portable Speaker,1,85.35,0,85.35,UPI / Digital Wallet
TXN-100438,2023-04-05,CUST1614,Male,52,Sports & Outdoors,High-Tension Resistance Bands,1,27.54,0,27.54,Cash
TXN-100439,2023-04-06,CUST1346,Male,38,Sports & Outdoors,Waterproof Camping Tent,1,280.6,5,266.57,Credit Card
TXN-100440,2023-04-06,CUST1728,Female,47,Beauty,Ionic Hair Dryer Pro,2,105.37,0,210.74,Credit Card
TXN-100441,2023-04-06,CUST1229,Male,62,Home & Kitchen,High-Speed Smoothie Blender,1,99.49,5,94.52,Credit Card
TXN-100442,2023-04-06,CUST1219,Male,61,Clothing,Silk Evening Dress,2,150.35,0,300.7,UPI / Digital Wallet
TXN-100443,2023-04-06,CUST1560,Male,29,Home & Kitchen,Espresso Coffee Machine,2,333.01,0,666.02,Credit Card
TXN-100444,2023-04-06,CUST1378,Male,31,Beauty,Ionic Hair Dryer Pro,1,85.04,5,80.79,Credit Card
TXN-100445,2023-04-07,CUST1605,Female,38,Clothing,Premium Cotton T-Shirt,4,31.6,0,126.4,Credit Card
TXN-100446,2023-04-07,CUST1740,Female,20,Electronics,Fitness Smartwatch,1,220.88,10,198.79,UPI / Digital Wallet
TXN-100447,2023-04-08,CUST1138,Female,23,Clothing,Casual Chino Pants,2,59.62,0,119.24,Credit Card
TXN-100448,2023-04-08,CUST1386,Female,52,Beauty,Luxury Floral Perfume,1,140.53,5,133.5,Cash
TXN-100449,2023-04-08,CUST1742,Male,53,Home & Kitchen,Digital Air Fryer XL,1,139.78,0,139.78,Debit Card
TXN-100450,2023-04-08,CUST1043,Male,35,Electronics,Gaming Laptop 16GB,2,1143.02,0,2286.04,Credit Card
TXN-100451,2023-04-09,CUST1442,Female,49,Clothing,Classic Denim Jacket,1,66.42,0,66.42,UPI / Digital Wallet
TXN-100452,2023-04-09,CUST1617,Female,33,Beauty,Ionic Hair Dryer Pro,1,98.61,0,98.61,UPI / Digital Wallet
TXN-100453,2023-04-09,CUST1558,Male,34,Electronics,Fitness Smartwatch,1,213.68,5,203.0,Credit Card
TXN-100454,2023-04-10,CUST1228,Male,46,Sports & Outdoors,High-Tension Resistance Bands,3,20.36,0,61.08,Debit Card
TXN-100455,2023-04-10,CUST1398,Male,30,Electronics,Ultra HD 4K Smart TV,1,682.3,0,682.3,UPI / Digital Wallet
TXN-100456,2023-04-10,CUST1432,Male,34,Sports & Outdoors,Mountain Trail Backpack,3,84.06,5,239.57,UPI / Digital Wallet
TXN-100457,2023-04-10,CUST1370,Female,38,Sports & Outdoors,Waterproof Camping Tent,1,227.32,5,215.95,Debit Card
TXN-100458,2023-04-11,CUST1196,Male,29,Electronics,Gaming Laptop 16GB,1,1378.26,0,1378.26,Credit Card
TXN-100459,2023-04-11,CUST1467,Male,23,Sports & Outdoors,Waterproof Camping Tent,1,206.67,5,196.34,UPI / Digital Wallet
TXN-100460,2023-04-11,CUST1418,Male,50,Home & Kitchen,Espresso Coffee Machine,1,284.41,5,270.19,Debit Card
TXN-100461,2023-04-11,CUST1063,Female,37,Beauty,Luxury Floral Perfume,1,106.35,10,95.71,Credit Card
TXN-100462,2023-04-11,CUST1215,Female,27,Sports & Outdoors,Adjustable Dumbbells Set,1,176.46,5,167.64,UPI / Digital Wallet
TXN-100463,2023-04-12,CUST1824,Male,47,Sports & Outdoors,Eco-Friendly Yoga Mat,1,46.55,0,46.55,Credit Card
TXN-100464,2023-04-12,CUST1623,Female,33,Clothing,Athletic Running Shoes,3,107.27,10,289.63,Credit Card
TXN-100465,2023-04-12,CUST1433,Female,35,Clothing,Silk Evening Dress,2,134.22,5,255.02,Debit Card
TXN-100466,2023-04-12,CUST1369,Female,43,Beauty,Anti-Aging Facial Serum,1,76.6,0,76.6,Debit Card
TXN-100467,2023-04-12,CUST1259,Female,41,Sports & Outdoors,Waterproof Camping Tent,2,239.68,10,431.42,Credit Card
TXN-100468,2023-04-13,CUST1706,Female,39,Electronics,Smartphone Pro Max,2,901.3,5,1712.47,Credit Card
TXN-100469,2023-04-13,CUST1191,Male,69,Beauty,Hydrating Matte Lipstick,4,31.15,0,124.6,Debit Card
TXN-100470,2023-04-13,CUST1546,Female,39,Home & Kitchen,Digital Air Fryer XL,5,115.43,10,519.43,Credit Card
TXN-100471,2023-04-13,CUST1701,Female,43,Home & Kitchen,High-Speed Smoothie Blender,1,90.26,0,90.26,Credit Card
TXN-100472,2023-04-13,CUST1680,Male,30,Sports & Outdoors,Waterproof Camping Tent,3,173.17,5,493.53,Credit Card
TXN-100473,2023-04-13,CUST1138,Female,23,Clothing,Casual Chino Pants,1,62.6,5,59.47,Debit Card
TXN-100474,2023-04-13,CUST1345,Male,50,Clothing,Formal Wool Blazer,2,167.11,0,334.22,UPI / Digital Wallet
TXN-100475,2023-04-14,CUST1022,Female,50,Home & Kitchen,Digital Air Fryer XL,2,99.2,0,198.4,Credit Card
TXN-100476,2023-04-14,CUST1126,Male,42,Home & Kitchen,High-Speed Smoothie Blender,1,88.38,0,88.38,Credit Card
TXN-100477,2023-04-14,CUST1454,Female,35,Electronics,Fitness Smartwatch,1,187.0,0,187.0,Debit Card
TXN-100478,2023-04-14,CUST1464,Male,52,Electronics,Gaming Laptop 16GB,1,1267.29,0,1267.29,Credit Card
TXN-100479,2023-04-14,CUST1704,Female,37,Clothing,Classic Denim Jacket,3,70.35,5,200.5,UPI / Digital Wallet
TXN-100480,2023-04-15,CUST1426,Female,33,Beauty,Ionic Hair Dryer Pro,3,106.91,0,320.73,UPI / Digital Wallet
TXN-100481,2023-04-15,CUST1431,Male,41,Beauty,Exfoliating Face Scrub,1,23.76,0,23.76,Credit Card
TXN-100482,2023-04-15,CUST1124,Female,40,Clothing,Silk Evening Dress,1,147.62,0,147.62,Credit Card
TXN-100483,2023-04-15,CUST1769,Male,18,Beauty,Hydrating Matte Lipstick,2,27.61,10,49.7,Debit Card
TXN-100484,2023-04-15,CUST1567,Female,43,Home & Kitchen,High-Speed Smoothie Blender,1,104.21,5,99.0,UPI / Digital Wallet
TXN-100485,2023-04-15,CUST1166,Female,67,Sports & Outdoors,Mountain Trail Backpack,3,93.71,0,281.13,UPI / Digital Wallet
TXN-100486,2023-04-15,CUST1612,Male,28,Electronics,Gaming Laptop 16GB,1,983.29,10,884.96,Credit Card
TXN-100487,2023-04-15,CUST1529,Male,50,Clothing,Silk Evening Dress,1,137.56,0,137.56,UPI / Digital Wallet
TXN-100488,2023-04-16,CUST1749,Male,28,Electronics,Bluetooth Portable Speaker,1,97.59,0,97.59,Cash
TXN-100489,2023-04-16,CUST1095,Female,20,Clothing,Casual Chino Pants,3,58.35,0,175.05,Credit Card
TXN-100490,2023-04-16,CUST1487,Female,39,Sports & Outdoors,High-Tension Resistance Bands,3,21.39,10,57.75,UPI / Digital Wallet
TXN-100491,2023-04-16,CUST1521,Female,36,Electronics,Smartphone Pro Max,1,871.06,0,871.06,Credit Card
TXN-100492,2023-04-16,CUST1242,Male,53,Electronics,Fitness Smartwatch,1,209.33,10,188.4,UPI / Digital Wallet
TXN-100493,2023-04-16,CUST1648,Male,44,Beauty,Hydrating Matte Lipstick,1,19.78,0,19.78,Debit Card
TXN-100494,2023-04-16,CUST1756,Male,43,Clothing,Casual Chino Pants,1,50.64,0,50.64,UPI / Digital Wallet
TXN-100495,2023-04-16,CUST1245,Male,32,Home & Kitchen,Cast Iron Dutch Oven,1,56.71,5,53.87,UPI / Digital Wallet
TXN-100496,2023-04-17,CUST1383,Male,51,Electronics,Fitness Smartwatch,1,200.09,0,200.09,UPI / Digital Wallet
TXN-100497,2023-04-17,CUST1406,Female,52,Sports & Outdoors,Adjustable Dumbbells Set,1,202.42,0,202.42,Debit Card
TXN-100498,2023-04-17,CUST1258,Male,36,Clothing,Casual Chino Pants,1,58.52,0,58.52,Credit Card
TXN-100499,2023-04-17,CUST1437,Male,38,Clothing,Athletic Running Shoes,3,111.22,0,333.66,Credit Card
TXN-100500,2023-04-17,CUST1848,Female,35,Sports & Outdoors,Insulated Thermal Water Bottle,2,26.79,0,53.58,Credit Card
TXN-100501,2023-04-17,CUST1320,Male,32,Sports & Outdoors,Mountain Trail Backpack,1,98.95,0,98.95,UPI / Digital Wallet
TXN-100502,2023-04-17,CUST1434,Female,37,Home & Kitchen,Cast Iron Dutch Oven,1,81.17,0,81.17,UPI / Digital Wallet
TXN-100503,2023-04-17,CUST1093,Male,19,Electronics,Wireless Noise-Canceling Earbuds,1,106.13,0,106.13,Debit Card
TXN-100504,2023-04-18,CUST1340,Female,61,Electronics,Bluetooth Portable Speaker,1,95.06,0,95.06,UPI / Digital Wallet
TXN-100505,2023-04-19,CUST1322,Male,18,Beauty,Luxury Floral Perfume,1,130.28,5,123.77,Credit Card
TXN-100506,2023-04-19,CUST1081,Male,50,Clothing,Casual Chino Pants,1,52.89,10,47.6,Cash
TXN-100507,2023-04-20,CUST1543,Male,55,Electronics,Ultra HD 4K Smart TV,5,723.52,0,3617.6,UPI / Digital Wallet
TXN-100508,2023-04-20,CUST1023,Female,54,Home & Kitchen,Espresso Coffee Machine,1,325.81,10,293.23,UPI / Digital Wallet
TXN-100509,2023-04-20,CUST1263,Female,40,Clothing,Premium Cotton T-Shirt,2,28.71,0,57.42,Cash
TXN-100510,2023-04-20,CUST1165,Male,56,Home & Kitchen,Non-Stick Cookware Set (10 Pc),1,206.97,5,196.62,UPI / Digital Wallet
TXN-100511,2023-04-20,CUST1636,Male,37,Electronics,Bluetooth Portable Speaker,1,95.73,0,95.73,Debit Card
TXN-100512,2023-04-21,CUST1555,Female,28,Beauty,Exfoliating Face Scrub,1,21.47,10,19.32,Debit Card
TXN-100513,2023-04-21,CUST1322,Male,18,Electronics,Smartphone Pro Max,1,778.19,5,739.28,Debit Card
TXN-100514,2023-04-21,CUST1266,Male,39,Electronics,Smartphone Pro Max,1,857.64,5,814.76,Credit Card
TXN-100515,2023-04-21,CUST1150,Male,40,Sports & Outdoors,Waterproof Camping Tent,2,198.14,0,396.28,UPI / Digital Wallet
TXN-100516,2023-04-21,CUST1825,Male,33,Sports & Outdoors,Insulated Thermal Water Bottle,1,31.17,0,31.17,UPI / Digital Wallet
TXN-100517,2023-04-21,CUST1478,Male,34,Electronics,Bluetooth Portable Speaker,1,73.53,5,69.85,Credit Card
TXN-100518,2023-04-21,CUST1473,Male,42,Sports & Outdoors,High-Tension Resistance Bands,1,29.77,0,29.77,Debit Card
TXN-100519,2023-04-22,CUST1295,Male,42,Electronics,Smartphone Pro Max,1,911.32,0,911.32,Credit Card
TXN-100520,2023-04-22,CUST1656,Female,56,Electronics,Wireless Noise-Canceling Earbuds,3,148.79,5,424.05,Cash
TXN-100521,2023-04-22,CUST1050,Male,21,Home & Kitchen,Espresso Coffee Machine,2,293.21,0,586.42,Credit Card
TXN-100522,2023-04-22,CUST1667,Female,44,Clothing,Classic Denim Jacket,2,78.48,0,156.96,Credit Card
TXN-100523,2023-04-22,CUST1016,Female,33,Electronics,Bluetooth Portable Speaker,1,95.18,10,85.66,UPI / Digital Wallet
TXN-100524,2023-04-22,CUST1361,Male,31,Electronics,Smartphone Pro Max,2,814.66,5,1547.85,UPI / Digital Wallet
TXN-100525,2023-04-22,CUST1099,Female,70,Beauty,Hydrating Matte Lipstick,3,33.64,0,100.92,Credit Card
TXN-100526,2023-04-22,CUST1518,Male,28,Clothing,Formal Wool Blazer,2,170.82,0,341.64,Credit Card
TXN-100527,2023-04-22,CUST1281,Female,47,Beauty,Ionic Hair Dryer Pro,3,98.09,0,294.27,Credit Card
TXN-100528,2023-04-23,CUST1836,Male,30,Sports & Outdoors,Waterproof Camping Tent,1,195.66,0,195.66,Credit Card
TXN-100529,2023-04-23,CUST1124,Female,40,Beauty,Exfoliating Face Scrub,2,26.36,5,50.08,Credit Card
TXN-100530,2023-04-23,CUST1714,Female,35,Home & Kitchen,Non-Stick Cookware Set (10 Pc),3,212.03,5,604.29,Cash
TXN-100531,2023-04-23,CUST1693,Female,35,Clothing,Silk Evening Dress,1,127.78,10,115.0,UPI / Digital Wallet
TXN-100532,2023-04-23,CUST1125,Female,20,Clothing,Casual Chino Pants,1,60.35,10,54.31,Credit Card
TXN-100533,2023-04-24,CUST1710,Male,37,Electronics,Smartphone Pro Max,1,774.75,5,736.01,UPI / Digital Wallet
TXN-100534,2023-04-24,CUST1556,Female,28,Electronics,Gaming Laptop 16GB,4,1212.48,0,4849.92,Debit Card
TXN-100535,2023-04-24,CUST1435,Male,37,Home & Kitchen,Non-Stick Cookware Set (10 Pc),2,160.58,0,321.16,Debit Card
TXN-100536,2023-04-24,CUST1580,Female,59,Clothing,Formal Wool Blazer,3,146.7,0,440.1,UPI / Digital Wallet
TXN-100537,2023-04-24,CUST1411,Male,53,Home & Kitchen,High-Speed Smoothie Blender,1,75.76,0,75.76,Debit Card
TXN-100538,2023-04-24,CUST1549,Male,38,Home & Kitchen,Espresso Coffee Machine,3,283.6,0,850.8,Cash
TXN-100539,2023-04-24,CUST1067,Male,47,Sports & Outdoors,Eco-Friendly Yoga Mat,2,41.05,5,78.0,Debit Card
TXN-100540,2023-04-24,CUST1287,Male,36,Beauty,Luxury Floral Perfume,1,140.27,10,126.24,Cash
TXN-100541,2023-04-24,CUST1291,Female,29,Home & Kitchen,Digital Air Fryer XL,2,138.0,0,276.0,UPI / Digital Wallet
TXN-100542,2023-04-24,CUST1654,Female,37,Clothing,Casual Chino Pants,3,54.5,10,147.15,Credit Card
TXN-100543,2023-04-25,CUST1195,Female,30,Clothing,Athletic Running Shoes,1,111.53,0,111.53,Cash
TXN-100544,2023-04-25,CUST1328,Female,37,Home & Kitchen,Digital Air Fryer XL,2,120.17,0,240.34,Credit Card
TXN-100545,2023-04-25,CUST1472,Female,37,Electronics,Bluetooth Portable Speaker,1,83.15,0,83.15,Debit Card
TXN-100546,2023-04-25,CUST1148,Female,32,Clothing,Athletic Running Shoes,2,128.13,0,256.26,Credit Card
TXN-100547,2023-04-26,CUST1164,Female,31,Electronics,Bluetooth Portable Speaker,3,89.49,10,241.62,Debit Card
TXN-100548,2023-04-26,CUST1198,Male,56,Beauty,Hydrating Matte Lipstick,1,29.13,0,29.13,UPI / Digital Wallet
TXN-100549,2023-04-27,CUST1520,Male,18,Electronics,Fitness Smartwatch,1,245.18,10,220.66,Debit Card
TXN-100550,2023-04-27,CUST1820,Male,36,Clothing,Casual Chino Pants,3,40.27,5,114.77,Credit Card
TXN-100551,2023-04-27,CUST1367,Male,65,Electronics,Bluetooth Portable Speaker,2,84.73,0,169.46,Debit Card
TXN-100552,2023-04-27,CUST1208,Female,30,Electronics,Bluetooth Portable Speaker,2,91.31,0,182.62,Debit Card
TXN-100553,2023-04-27,CUST1379,Female,58,Electronics,Wireless Noise-Canceling Earbuds,1,110.9,5,105.35,UPI / Digital Wallet
TXN-100554,2023-04-27,CUST1303,Male,43,Electronics,Smartphone Pro Max,1,849.44,0,849.44,Cash
TXN-100555,2023-04-28,CUST1319,Female,18,Electronics,Wireless Noise-Canceling Earbuds,3,128.58,0,385.74,UPI / Digital Wallet
TXN-100556,2023-04-28,CUST1042,Female,50,Beauty,Hydrating Matte Lipstick,4,27.2,0,108.8,UPI / Digital Wallet
TXN-100557,2023-04-28,CUST1780,Male,34,Electronics,Gaming Laptop 16GB,2,1184.18,0,2368.36,UPI / Digital Wallet
TXN-100558,2023-04-28,CUST1214,Male,35,Beauty,Ionic Hair Dryer Pro,2,92.95,10,167.31,Credit Card
TXN-100559,2023-04-28,CUST1680,Male,30,Home & Kitchen,High-Speed Smoothie Blender,1,82.38,0,82.38,Cash
TXN-100560,2023-04-29,CUST1517,Male,37,Clothing,Casual Chino Pants,1,60.4,0,60.4,Debit Card
TXN-100561,2023-04-29,CUST1549,Male,38,Beauty,Ionic Hair Dryer Pro,2,112.03,0,224.06,Credit Card
TXN-100562,2023-04-29,CUST1584,Male,33,Home & Kitchen,High-Speed Smoothie Blender,4,79.75,0,319.0,UPI / Digital Wallet
TXN-100563,2023-04-30,CUST1036,Female,23,Electronics,Bluetooth Portable Speaker,1,97.7,0,97.7,UPI / Digital Wallet
TXN-100564,2023-04-30,CUST1317,Female,29,Beauty,Organic Sunscreen SPF 50,1,27.64,10,24.88,UPI / Digital Wallet
TXN-100565,2023-04-30,CUST1510,Male,55,Sports & Outdoors,Eco-Friendly Yoga Mat,2,52.48,5,99.71,Cash
TXN-100566,2023-04-30,CUST1436,Female,47,Electronics,Gaming Laptop 16GB,1,1096.49,0,1096.49,Credit Card
TXN-100567,2023-05-01,CUST1599,Female,22,Electronics,Gaming Laptop 16GB,1,1385.25,0,1385.25,Credit Card
TXN-100568,2023-05-01,CUST1499,Male,51,Clothing,Classic Denim Jacket,1,95.69,0,95.69,Credit Card
TXN-100569,2023-05-01,CUST1585,Female,35,Beauty,Luxury Floral Perfume,1,110.5,0,110.5,Debit Card
TXN-100570,2023-05-02,CUST1011,Male,57,Home & Kitchen,High-Speed Smoothie Blender,1,88.04,5,83.64,Debit Card
TXN-100571,2023-05-02,CUST1484,Male,34,Electronics,Wireless Noise-Canceling Earbuds,1,120.98,0,120.98,Debit Card
TXN-100572,2023-05-03,CUST1174,Male,20,Clothing,Formal Wool Blazer,2,215.85,5,410.12,Credit Card
TXN-100573,2023-05-03,CUST1147,Female,31,Beauty,Ionic Hair Dryer Pro,2,96.23,0,192.46,UPI / Digital Wallet
TXN-100574,2023-05-04,CUST1639,Female,36,Electronics,Bluetooth Portable Speaker,1,94.75,0,94.75,Cash
TXN-100575,2023-05-04,CUST1252,Male,46,Clothing,Silk Evening Dress,1,140.02,0,140.02,Debit Card
TXN-100576,2023-05-04,CUST1816,Male,36,Clothing,Classic Denim Jacket,1,74.88,10,67.39,Credit Card
TXN-100577,2023-05-05,CUST1407,Female,18,Sports & Outdoors,Waterproof Camping Tent,2,242.8,0,485.6,Credit Card
TXN-100578,2023-05-05,CUST1451,Male,24,Electronics,Ultra HD 4K Smart TV,3,634.91,5,1809.49,Credit Card
TXN-100579,2023-05-06,CUST1386,Female,52,Home & Kitchen,Cast Iron Dutch Oven,1,91.87,10,82.68,UPI / Digital Wallet
TXN-100580,2023-05-06,CUST1792,Female,54,Sports & Outdoors,Insulated Thermal Water Bottle,1,27.72,0,27.72,Credit Card
TXN-100581,2023-05-06,CUST1687,Female,53,Home & Kitchen,Cast Iron Dutch Oven,1,77.64,10,69.88,UPI / Digital Wallet
TXN-100582,2023-05-06,CUST1606,Female,45,Electronics,Smartphone Pro Max,1,880.54,0,880.54,Credit Card
TXN-100583,2023-05-07,CUST1736,Female,64,Home & Kitchen,Cast Iron Dutch Oven,1,78.16,0,78.16,Debit Card
TXN-100584,2023-05-07,CUST1130,Female,48,Sports & Outdoors,High-Tension Resistance Bands,4,27.08,10,97.49,UPI / Digital Wallet
TXN-100585,2023-05-07,CUST1208,Female,30,Clothing,Casual Chino Pants,5,51.8,5,246.05,Debit Card
TXN-100586,2023-05-08,CUST1794,Female,42,Home & Kitchen,Non-Stick Cookware Set (10 Pc),2,174.39,5,331.34,UPI / Digital Wallet
TXN-100587,2023-05-08,CUST1525,Female,56,Electronics,Bluetooth Portable Speaker,2,65.75,10,118.35,UPI / Digital Wallet
TXN-100588,2023-05-08,CUST1006,Female,37,Clothing,Athletic Running Shoes,1,105.78,5,100.49,UPI / Digital Wallet
TXN-100589,2023-05-08,CUST1519,Female,34,Electronics,Bluetooth Portable Speaker,1,90.68,5,86.15,Credit Card
TXN-100590,2023-05-08,CUST1532,Male,45,Home & Kitchen,Digital Air Fryer XL,1,151.06,0,151.06,Debit Card
TXN-100591,2023-05-08,CUST1187,Male,42,Home & Kitchen,Digital Air Fryer XL,3,137.74,5,392.56,Credit Card
TXN-100592,2023-05-08,CUST1825,Male,33,Beauty,Exfoliating Face Scrub,3,20.87,0,62.61,Credit Card
TXN-100593,2023-05-09,CUST1661,Male,34,Sports & Outdoors,Waterproof Camping Tent,1,224.58,0,224.58,UPI / Digital Wallet
TXN-100594,2023-05-09,CUST1786,Male,40,Home & Kitchen,Digital Air Fryer XL,4,142.12,0,568.48,Credit Card
TXN-100595,2023-05-09,CUST1071,Female,42,Electronics,Fitness Smartwatch,5,183.85,0,919.25,Debit Card
TXN-100596,2023-05-09,CUST1838,Male,58,Clothing,Silk Evening Dress,1,139.57,0,139.57,Credit Card
TXN-100597,2023-05-09,CUST1805,Male,22,Electronics,Gaming Laptop 16GB,1,1172.1,5,1113.5,Credit Card
TXN-100598,2023-05-09,CUST1709,Male,35,Home & Kitchen,Digital Air Fryer XL,1,111.93,0,111.93,Debit Card
TXN-100599,2023-05-09,CUST1122,Female,37,Clothing,Athletic Running Shoes,2,100.94,0,201.88,Credit Card
TXN-100600,2023-05-10,CUST1602,Female,28,Beauty,Luxury Floral Perfume,2,118.26,0,236.52,Credit Card
TXN-100601,2023-05-10,CUST1431,Male,41,Clothing,Silk Evening Dress,1,116.15,0,116.15,UPI / Digital Wallet
TXN-100602,2023-05-10,CUST1723,Male,61,Beauty,Hydrating Matte Lipstick,2,33.74,0,67.48,Debit Card
TXN-100603,2023-05-10,CUST1161,Male,49,Electronics,Smartphone Pro Max,5,878.03,10,3951.13,Credit Card
TXN-100604,2023-05-10,CUST1038,Male,45,Clothing,Casual Chino Pants,2,41.34,5,78.55,UPI / Digital Wallet
TXN-100605,2023-05-11,CUST1272,Male,58,Clothing,Premium Cotton T-Shirt,1,29.32,10,26.39,Debit Card
TXN-100606,2023-05-11,CUST1663,Female,35,Home & Kitchen,Cast Iron Dutch Oven,2,92.51,10,166.52,Credit Card
TXN-100607,2023-05-11,CUST1740,Female,20,Sports & Outdoors,Waterproof Camping Tent,1,212.79,0,212.79,Credit Card
TXN-100608,2023-05-11,CUST1030,Male,34,Clothing,Casual Chino Pants,2,54.2,0,108.4,Credit Card
TXN-100609,2023-05-12,CUST1747,Male,47,Electronics,Ultra HD 4K Smart TV,1,630.39,10,567.35,Debit Card
TXN-100610,2023-05-12,CUST1116,Male,46,Beauty,Ionic Hair Dryer Pro,1,95.06,0,95.06,UPI / Digital Wallet
TXN-100611,2023-05-12,CUST1137,Male,21,Electronics,Fitness Smartwatch,1,227.72,0,227.72,UPI / Digital Wallet
TXN-100612,2023-05-13,CUST1605,Female,38,Clothing,Premium Cotton T-Shirt,1,35.67,5,33.89,Credit Card
TXN-100613,2023-05-13,CUST1013,Female,52,Beauty,Luxury Floral Perfume,1,121.25,5,115.19,Credit Card
TXN-100614,2023-05-13,CUST1621,Female,43,Beauty,Ionic Hair Dryer Pro,1,95.85,5,91.06,Credit Card
TXN-100615,2023-05-13,CUST1821,Female,43,Beauty,Organic Sunscreen SPF 50,4,41.08,0,164.32,Credit Card
TXN-100616,2023-05-13,CUST1762,Female,57,Clothing,Silk Evening Dress,1,137.32,5,130.45,Credit Card
TXN-100617,2023-05-13,CUST1065,Male,18,Electronics,Bluetooth Portable Speaker,1,72.23,10,65.01,Credit Card
TXN-100618,2023-05-14,CUST1479,Male,50,Home & Kitchen,High-Speed Smoothie Blender,1,102.69,5,97.56,Credit Card
TXN-100619,2023-05-14,CUST1237,Female,53,Beauty,Ionic Hair Dryer Pro,3,91.51,0,274.53,Credit Card
TXN-100620,2023-05-15,CUST1250,Female,20,Beauty,Anti-Aging Facial Serum,5,62.58,0,312.9,Credit Card
TXN-100621,2023-05-15,CUST1265,Male,24,Sports & Outdoors,Waterproof Camping Tent,5,239.21,5,1136.25,Credit Card
TXN-100622,2023-05-16,CUST1523,Male,23,Clothing,Formal Wool Blazer,1,140.22,5,133.21,Credit Card
TXN-100623,2023-05-16,CUST1017,Male,33,Sports & Outdoors,Waterproof Camping Tent,2,220.92,5,419.75,Credit Card
TXN-100624,2023-05-16,CUST1334,Female,40,Electronics,Smartphone Pro Max,2,849.11,10,1528.4,UPI / Digital Wallet
TXN-100625,2023-05-16,CUST1445,Male,18,Electronics,Fitness Smartwatch,1,185.22,0,185.22,Debit Card
TXN-100626,2023-05-16,CUST1556,Female,28,Beauty,Organic Sunscreen SPF 50,5,33.12,0,165.6,Credit Card
TXN-100627,2023-05-17,CUST1319,Female,18,Electronics,Smartphone Pro Max,1,762.19,0,762.19,UPI / Digital Wallet
TXN-100628,2023-05-17,CUST1043,Male,35,Home & Kitchen,Non-Stick Cookware Set (10 Pc),1,187.37,5,178.0,Credit Card
TXN-100629,2023-05-17,CUST1310,Female,29,Beauty,Ionic Hair Dryer Pro,1,80.97,0,80.97,UPI / Digital Wallet
TXN-100630,2023-05-17,CUST1212,Male,46,Electronics,Fitness Smartwatch,1,185.92,0,185.92,UPI / Digital Wallet
TXN-100631,2023-05-17,CUST1491,Male,19,Electronics,Gaming Laptop 16GB,1,1111.98,10,1000.78,Credit Card
TXN-100632,2023-05-18,CUST1381,Male,18,Electronics,Bluetooth Portable Speaker,1,79.3,0,79.3,Debit Card
TXN-100633,2023-05-18,CUST1842,Female,51,Beauty,Exfoliating Face Scrub,1,19.51,5,18.53,Debit Card
TXN-100634,2023-05-18,CUST1701,Female,43,Home & Kitchen,Cast Iron Dutch Oven,1,93.78,0,93.78,Debit Card
TXN-100635,2023-05-18,CUST1682,Female,32,Clothing,Casual Chino Pants,1,56.1,0,56.1,Credit Card
TXN-100636,2023-05-18,CUST1263,Female,40,Clothing,Athletic Running Shoes,2,108.88,10,195.98,UPI / Digital Wallet
TXN-100637,2023-05-18,CUST1577,Male,70,Beauty,Organic Sunscreen SPF 50,1,32.63,0,32.63,Debit Card
TXN-100638,2023-05-18,CUST1410,Female,21,Home & Kitchen,Robot Vacuum Cleaner,1,353.81,10,318.43,Credit Card
TXN-100639,2023-05-18,CUST1140,Male,37,Clothing,Formal Wool Blazer,1,179.67,10,161.7,Credit Card
TXN-100640,2023-05-18,CUST1316,Female,48,Home & Kitchen,Espresso Coffee Machine,2,292.24,5,555.26,Credit Card
TXN-100641,2023-05-19,CUST1676,Female,35,Sports & Outdoors,High-Tension Resistance Bands,1,22.45,10,20.21,Debit Card
TXN-100642,2023-05-19,CUST1428,Female,42,Electronics,Bluetooth Portable Speaker,2,83.13,0,166.26,Credit Card
TXN-100643,2023-05-20,CUST1282,Female,41,Beauty,Anti-Aging Facial Serum,2,73.07,0,146.14,Credit Card
TXN-100644,2023-05-20,CUST1521,Female,36,Electronics,Gaming Laptop 16GB,2,1384.58,5,2630.7,Credit Card
TXN-100645,2023-05-20,CUST1270,Male,30,Clothing,Premium Cotton T-Shirt,5,44.65,5,212.09,Credit Card
TXN-100646,2023-05-20,CUST1322,Male,18,Clothing,Silk Evening Dress,2,159.78,0,319.56,UPI / Digital Wallet
TXN-100647,2023-05-20,CUST1017,Male,33,Sports & Outdoors,Eco-Friendly Yoga Mat,1,45.3,5,43.04,Credit Card
TXN-100648,2023-05-20,CUST1187,Male,42,Clothing,Formal Wool Blazer,3,199.34,0,598.02,Credit Card
TXN-100649,2023-05-20,CUST1195,Female,30,Clothing,Premium Cotton T-Shirt,1,30.82,0,30.82,Credit Card
TXN-100650,2023-05-21,CUST1288,Female,62,Home & Kitchen,Cast Iron Dutch Oven,2,86.71,10,156.08,Credit Card
TXN-100651,2023-05-21,CUST1230,Male,45,Sports & Outdoors,Insulated Thermal Water Bottle,1,38.51,0,38.51,UPI / Digital Wallet
TXN-100652,2023-05-21,CUST1252,Male,46,Home & Kitchen,Espresso Coffee Machine,2,278.29,0,556.58,Debit Card
TXN-100653,2023-05-21,CUST1286,Female,46,Beauty,Organic Sunscreen SPF 50,5,44.41,0,222.05,Credit Card
TXN-100654,2023-05-21,CUST1818,Female,27,Clothing,Casual Chino Pants,1,49.27,10,44.34,Credit Card
TXN-100655,2023-05-22,CUST1200,Male,27,Clothing,Athletic Running Shoes,4,110.84,0,443.36,UPI / Digital Wallet
TXN-100656,2023-05-22,CUST1467,Male,23,Home & Kitchen,Robot Vacuum Cleaner,1,285.59,10,257.03,UPI / Digital Wallet
TXN-100657,2023-05-22,CUST1510,Male,55,Clothing,Casual Chino Pants,1,55.09,0,55.09,Credit Card
TXN-100658,2023-05-22,CUST1800,Male,47,Electronics,Wireless Noise-Canceling Earbuds,1,145.26,5,138.0,Debit Card
TXN-100659,2023-05-22,CUST1503,Male,33,Electronics,Ultra HD 4K Smart TV,1,683.04,10,614.74,UPI / Digital Wallet
TXN-100660,2023-05-22,CUST1347,Female,29,Beauty,Organic Sunscreen SPF 50,2,25.06,5,47.61,Debit Card
TXN-100661,2023-05-22,CUST1534,Male,39,Electronics,Gaming Laptop 16GB,1,1324.08,0,1324.08,Credit Card
TXN-100662,2023-05-22,CUST1381,Male,18,Clothing,Athletic Running Shoes,4,115.31,0,461.24,Credit Card
TXN-100663,2023-05-23,CUST1224,Female,70,Sports & Outdoors,High-Tension Resistance Bands,2,30.29,0,60.58,Debit Card
TXN-100664,2023-05-23,CUST1683,Male,40,Home & Kitchen,Non-Stick Cookware Set (10 Pc),2,152.41,0,304.82,Cash
TXN-100665,2023-05-23,CUST1103,Female,47,Clothing,Casual Chino Pants,3,55.0,0,165.0,Credit Card
TXN-100666,2023-05-23,CUST1805,Male,22,Electronics,Ultra HD 4K Smart TV,2,681.1,0,1362.2,UPI / Digital Wallet
TXN-100667,2023-05-23,CUST1291,Female,29,Electronics,Ultra HD 4K Smart TV,1,718.29,0,718.29,Cash
TXN-100668,2023-05-23,CUST1185,Male,46,Clothing,Casual Chino Pants,2,62.62,10,112.72,Credit Card
TXN-100669,2023-05-24,CUST1843,Male,45,Electronics,Bluetooth Portable Speaker,1,94.65,0,94.65,UPI / Digital Wallet
TXN-100670,2023-05-24,CUST1454,Female,35,Clothing,Classic Denim Jacket,1,70.12,0,70.12,Credit Card
TXN-100671,2023-05-24,CUST1306,Female,40,Electronics,Fitness Smartwatch,1,217.46,0,217.46,UPI / Digital Wallet
TXN-100672,2023-05-24,CUST1720,Male,29,Clothing,Athletic Running Shoes,1,108.86,0,108.86,Debit Card
TXN-100673,2023-05-24,CUST1540,Male,37,Electronics,Fitness Smartwatch,5,211.58,0,1057.9,UPI / Digital Wallet
TXN-100674,2023-05-24,CUST1238,Male,55,Electronics,Smartphone Pro Max,1,816.75,0,816.75,Debit Card
TXN-100675,2023-05-24,CUST1793,Male,38,Home & Kitchen,Digital Air Fryer XL,1,122.91,0,122.91,Debit Card
TXN-100676,2023-05-25,CUST1486,Female,36,Home & Kitchen,Espresso Coffee Machine,1,281.13,0,281.13,Credit Card
TXN-100677,2023-05-25,CUST1195,Female,30,Electronics,Bluetooth Portable Speaker,1,71.63,5,68.05,UPI / Digital Wallet
TXN-100678,2023-05-25,CUST1242,Male,53,Home & Kitchen,Espresso Coffee Machine,3,272.89,10,736.8,Credit Card
TXN-100679,2023-05-25,CUST1342,Female,30,Clothing,Premium Cotton T-Shirt,3,35.04,0,105.12,Credit Card
TXN-100680,2023-05-25,CUST1569,Female,36,Sports & Outdoors,Waterproof Camping Tent,1,256.6,5,243.77,UPI / Digital Wallet
TXN-100681,2023-05-26,CUST1772,Female,35,Clothing,Silk Evening Dress,2,141.4,0,282.8,Credit Card
TXN-100682,2023-05-26,CUST1600,Female,59,Beauty,Organic Sunscreen SPF 50,1,35.75,0,35.75,Debit Card
TXN-100683,2023-05-26,CUST1305,Male,55,Beauty,Ionic Hair Dryer Pro,2,66.67,5,126.67,UPI / Digital Wallet
TXN-100684,2023-05-26,CUST1620,Female,68,Home & Kitchen,Espresso Coffee Machine,1,329.86,0,329.86,UPI / Digital Wallet
TXN-100685,2023-05-26,CUST1203,Male,46,Sports & Outdoors,Eco-Friendly Yoga Mat,1,45.13,0,45.13,Debit Card
TXN-100686,2023-05-27,CUST1714,Female,35,Sports & Outdoors,High-Tension Resistance Bands,2,24.86,10,44.75,UPI / Digital Wallet
TXN-100687,2023-05-27,CUST1750,Female,19,Clothing,Casual Chino Pants,1,63.63,0,63.63,Debit Card
TXN-100688,2023-05-28,CUST1740,Female,20,Electronics,Wireless Noise-Canceling Earbuds,3,152.8,0,458.4,Credit Card
TXN-100689,2023-05-28,CUST1111,Female,61,Home & Kitchen,Espresso Coffee Machine,1,274.84,10,247.36,UPI / Digital Wallet
TXN-100690,2023-05-28,CUST1293,Female,41,Clothing,Formal Wool Blazer,2,203.27,5,386.21,Credit Card
TXN-100691,2023-05-29,CUST1786,Male,40,Home & Kitchen,High-Speed Smoothie Blender,1,87.04,10,78.34,UPI / Digital Wallet
TXN-100692,2023-05-29,CUST1471,Male,28,Electronics,Gaming Laptop 16GB,1,1241.21,0,1241.21,Credit Card
TXN-100693,2023-05-29,CUST1531,Male,35,Beauty,Ionic Hair Dryer Pro,1,72.96,0,72.96,Credit Card
TXN-100694,2023-05-29,CUST1129,Female,52,Electronics,Smartphone Pro Max,2,819.32,0,1638.64,Credit Card
TXN-100695,2023-05-29,CUST1452,Female,29,Sports & Outdoors,Mountain Trail Backpack,3,83.83,0,251.49,Debit Card
TXN-100696,2023-05-29,CUST1389,Male,49,Home & Kitchen,Digital Air Fryer XL,3,113.26,0,339.78,Credit Card
TXN-100697,2023-05-29,CUST1227,Female,51,Sports & Outdoors,Mountain Trail Backpack,1,92.59,0,92.59,UPI / Digital Wallet
TXN-100698,2023-05-30,CUST1165,Male,56,Home & Kitchen,Robot Vacuum Cleaner,2,339.49,0,678.98,Cash
TXN-100699,2023-05-30,CUST1717,Male,18,Electronics,Gaming Laptop 16GB,1,1249.61,0,1249.61,UPI / Digital Wallet
TXN-100700,2023-05-30,CUST1684,Male,40,Clothing,Athletic Running Shoes,1,100.42,0,100.42,Credit Card
TXN-100701,2023-05-31,CUST1324,Male,48,Electronics,Gaming Laptop 16GB,1,1172.23,0,1172.23,Credit Card
TXN-100702,2023-05-31,CUST1279,Male,31,Clothing,Casual Chino Pants,3,54.02,0,162.06,Credit Card
TXN-100703,2023-05-31,CUST1486,Female,36,Clothing,Premium Cotton T-Shirt,2,35.41,5,67.28,UPI / Digital Wallet
TXN-100704,2023-05-31,CUST1226,Male,31,Sports & Outdoors,Adjustable Dumbbells Set,1,213.61,0,213.61,Credit Card
TXN-100705,2023-05-31,CUST1817,Female,38,Clothing,Formal Wool Blazer,1,188.31,0,188.31,Credit Card
TXN-100706,2023-05-31,CUST1267,Male,28,Electronics,Smartphone Pro Max,1,819.8,0,819.8,UPI / Digital Wallet
TXN-100707,2023-06-01,CUST1295,Male,42,Beauty,Ionic Hair Dryer Pro,2,95.42,0,190.84,Debit Card
TXN-100708,2023-06-01,CUST1810,Male,59,Home & Kitchen,High-Speed Smoothie Blender,2,88.05,5,167.3,Credit Card
TXN-100709,2023-06-01,CUST1278,Male,43,Electronics,Wireless Noise-Canceling Earbuds,5,148.27,0,741.35,Credit Card
TXN-100710,2023-06-01,CUST1168,Female,32,Beauty,Anti-Aging Facial Serum,1,65.7,5,62.42,Credit Card
TXN-100711,2023-06-01,CUST1829,Female,50,Home & Kitchen,Digital Air Fryer XL,3,121.25,0,363.75,Credit Card
TXN-100712,2023-06-02,CUST1051,Male,60,Home & Kitchen,Cast Iron Dutch Oven,1,68.54,10,61.69,UPI / Digital Wallet
TXN-100713,2023-06-02,CUST1110,Female,37,Electronics,Fitness Smartwatch,1,220.83,0,220.83,Cash
TXN-100714,2023-06-02,CUST1322,Male,18,Clothing,Casual Chino Pants,1,67.76,0,67.76,Credit Card
TXN-100715,2023-06-02,CUST1043,Male,35,Electronics,Bluetooth Portable Speaker,1,93.18,0,93.18,Cash
TXN-100716,2023-06-02,CUST1301,Male,43,Home & Kitchen,High-Speed Smoothie Blender,1,93.71,0,93.71,Debit Card
TXN-100717,2023-06-03,CUST1528,Female,25,Electronics,Fitness Smartwatch,3,199.14,5,567.55,Cash
TXN-100718,2023-06-03,CUST1223,Female,53,Beauty,Hydrating Matte Lipstick,2,25.53,0,51.06,Debit Card
TXN-100719,2023-06-03,CUST1419,Male,31,Sports & Outdoors,Eco-Friendly Yoga Mat,4,40.85,0,163.4,Credit Card
TXN-100720,2023-06-03,CUST1759,Male,50,Electronics,Smartphone Pro Max,1,809.82,5,769.33,Debit Card
TXN-100721,2023-06-03,CUST1584,Male,33,Sports & Outdoors,High-Tension Resistance Bands,4,23.68,10,85.25,Cash
TXN-100722,2023-06-04,CUST1708,Female,53,Sports & Outdoors,High-Tension Resistance Bands,1,22.91,5,21.76,Debit Card
TXN-100723,2023-06-04,CUST1350,Female,49,Sports & Outdoors,Adjustable Dumbbells Set,1,200.29,0,200.29,UPI / Digital Wallet
TXN-100724,2023-06-04,CUST1812,Female,22,Beauty,Luxury Floral Perfume,1,125.71,5,119.42,Cash
TXN-100725,2023-06-04,CUST1286,Female,46,Clothing,Casual Chino Pants,4,60.95,10,219.42,Cash
TXN-100726,2023-06-05,CUST1276,Male,19,Sports & Outdoors,Mountain Trail Backpack,2,87.71,0,175.42,Cash
TXN-100727,2023-06-05,CUST1783,Female,47,Electronics,Wireless Noise-Canceling Earbuds,2,148.62,10,267.52,Debit Card
TXN-100728,2023-06-05,CUST1684,Male,40,Clothing,Casual Chino Pants,1,61.23,0,61.23,Credit Card
TXN-100729,2023-06-06,CUST1139,Male,51,Sports & Outdoors,Insulated Thermal Water Bottle,1,33.99,5,32.29,UPI / Digital Wallet
TXN-100730,2023-06-06,CUST1831,Female,18,Sports & Outdoors,Eco-Friendly Yoga Mat,3,36.92,0,110.76,UPI / Digital Wallet
TXN-100731,2023-06-06,CUST1446,Male,65,Home & Kitchen,Digital Air Fryer XL,1,132.34,10,119.11,Cash
TXN-100732,2023-06-06,CUST1670,Female,25,Electronics,Smartphone Pro Max,3,847.46,0,2542.38,Credit Card
TXN-100733,2023-06-07,CUST1375,Female,18,Clothing,Silk Evening Dress,3,120.7,10,325.89,Cash
TXN-100734,2023-06-07,CUST1184,Female,37,Electronics,Ultra HD 4K Smart TV,2,640.92,10,1153.66,Credit Card
TXN-100735,2023-06-07,CUST1151,Female,31,Electronics,Bluetooth Portable Speaker,3,108.49,0,325.47,UPI / Digital Wallet
TXN-100736,2023-06-07,CUST1135,Female,40,Home & Kitchen,High-Speed Smoothie Blender,1,87.14,5,82.78,Debit Card
TXN-100737,2023-06-08,CUST1323,Female,47,Beauty,Organic Sunscreen SPF 50,1,33.0,5,31.35,Debit Card
TXN-100738,2023-06-08,CUST1820,Male,36,Electronics,Bluetooth Portable Speaker,1,83.5,0,83.5,UPI / Digital Wallet
TXN-100739,2023-06-09,CUST1102,Female,26,Electronics,Fitness Smartwatch,2,195.26,5,370.99,Credit Card
TXN-100740,2023-06-09,CUST1236,Female,51,Home & Kitchen,Non-Stick Cookware Set (10 Pc),4,175.39,10,631.4,Credit Card
TXN-100741,2023-06-09,CUST1506,Male,19,Home & Kitchen,Robot Vacuum Cleaner,2,342.77,0,685.54,Credit Card
TXN-100742,2023-06-09,CUST1678,Male,39,Beauty,Ionic Hair Dryer Pro,2,95.95,0,191.9,Credit Card
TXN-100743,2023-06-09,CUST1308,Male,36,Sports & Outdoors,Eco-Friendly Yoga Mat,4,46.18,0,184.72,UPI / Digital Wallet
TXN-100744,2023-06-09,CUST1659,Male,20,Clothing,Premium Cotton T-Shirt,3,34.22,0,102.66,Debit Card
TXN-100745,2023-06-09,CUST1665,Female,44,Home & Kitchen,Robot Vacuum Cleaner,1,325.57,0,325.57,Debit Card
TXN-100746,2023-06-10,CUST1548,Male,38,Beauty,Organic Sunscreen SPF 50,2,28.14,0,56.28,Debit Card
TXN-100747,2023-06-10,CUST1124,Female,40,Home & Kitchen,Espresso Coffee Machine,2,289.16,10,520.49,Credit Card
TXN-100748,2023-06-10,CUST1680,Male,30,Electronics,Smartphone Pro Max,1,862.16,0,862.16,Debit Card
TXN-100749,2023-06-10,CUST1037,Female,46,Beauty,Anti-Aging Facial Serum,1,76.84,10,69.16,Cash
TXN-100750,2023-06-10,CUST1812,Female,22,Clothing,Formal Wool Blazer,2,153.45,10,276.21,UPI / Digital Wallet
TXN-100751,2023-06-11,CUST1115,Male,30,Clothing,Athletic Running Shoes,4,82.87,0,331.48,UPI / Digital Wallet
TXN-100752,2023-06-11,CUST1172,Female,32,Clothing,Formal Wool Blazer,2,222.08,0,444.16,Debit Card
TXN-100753,2023-06-12,CUST1054,Male,40,Beauty,Anti-Aging Facial Serum,2,78.08,5,148.35,Credit Card
TXN-100754,2023-06-12,CUST1515,Female,41,Clothing,Silk Evening Dress,1,148.42,0,148.42,Debit Card
TXN-100755,2023-06-12,CUST1464,Male,52,Home & Kitchen,High-Speed Smoothie Blender,1,73.05,0,73.05,Credit Card
TXN-100756,2023-06-12,CUST1761,Female,41,Home & Kitchen,Robot Vacuum Cleaner,1,293.01,0,293.01,UPI / Digital Wallet
TXN-100757,2023-06-12,CUST1773,Female,34,Clothing,Silk Evening Dress,2,130.45,5,247.86,UPI / Digital Wallet
TXN-100758,2023-06-12,CUST1415,Female,44,Home & Kitchen,Cast Iron Dutch Oven,1,74.28,10,66.85,Cash
TXN-100759,2023-06-13,CUST1820,Male,36,Beauty,Exfoliating Face Scrub,5,22.44,5,106.59,Debit Card
TXN-100760,2023-06-13,CUST1478,Male,34,Clothing,Premium Cotton T-Shirt,2,36.86,0,73.72,Credit Card
TXN-100761,2023-06-13,CUST1735,Male,29,Sports & Outdoors,Eco-Friendly Yoga Mat,3,43.91,0,131.73,Credit Card
TXN-100762,2023-06-13,CUST1058,Female,37,Clothing,Classic Denim Jacket,1,63.35,0,63.35,UPI / Digital Wallet
TXN-100763,2023-06-13,CUST1755,Male,45,Electronics,Fitness Smartwatch,1,222.54,0,222.54,Credit Card
TXN-100764,2023-06-14,CUST1684,Male,40,Clothing,Casual Chino Pants,1,44.71,0,44.71,Credit Card
TXN-100765,2023-06-14,CUST1700,Male,30,Beauty,Hydrating Matte Lipstick,1,35.1,0,35.1,Credit Card
TXN-100766,2023-06-14,CUST1515,Female,41,Beauty,Ionic Hair Dryer Pro,2,101.99,10,183.58,Cash
TXN-100767,2023-06-14,CUST1068,Female,40,Clothing,Silk Evening Dress,1,144.95,5,137.7,UPI / Digital Wallet
TXN-100768,2023-06-14,CUST1312,Female,37,Sports & Outdoors,Adjustable Dumbbells Set,1,198.92,0,198.92,Credit Card
TXN-100769,2023-06-14,CUST1678,Male,39,Home & Kitchen,Robot Vacuum Cleaner,1,312.15,5,296.54,Debit Card
TXN-100770,2023-06-14,CUST1330,Female,57,Electronics,Smartphone Pro Max,1,816.88,5,776.04,Credit Card
TXN-100771,2023-06-14,CUST1234,Female,48,Clothing,Silk Evening Dress,1,171.69,0,171.69,Debit Card
TXN-100772,2023-06-15,CUST1146,Male,39,Beauty,Organic Sunscreen SPF 50,1,40.22,0,40.22,Debit Card
TXN-100773,2023-06-15,CUST1337,Male,29,Sports & Outdoors,Mountain Trail Backpack,1,82.96,0,82.96,Debit Card
TXN-100774,2023-06-15,CUST1501,Male,67,Beauty,Anti-Aging Facial Serum,1,55.46,10,49.91,UPI / Digital Wallet
TXN-100775,2023-06-15,CUST1767,Male,27,Clothing,Casual Chino Pants,1,55.65,0,55.65,UPI / Digital Wallet
TXN-100776,2023-06-15,CUST1243,Female,27,Beauty,Luxury Floral Perfume,1,153.01,10,137.71,Credit Card
TXN-100777,2023-06-15,CUST1679,Male,33,Electronics,Smartphone Pro Max,3,785.45,5,2238.53,Debit Card
TXN-100778,2023-06-16,CUST1585,Female,35,Beauty,Anti-Aging Facial Serum,1,69.68,0,69.68,UPI / Digital Wallet
TXN-100779,2023-06-16,CUST1559,Male,54,Home & Kitchen,High-Speed Smoothie Blender,1,96.83,5,91.99,Credit Card
TXN-100780,2023-06-16,CUST1090,Female,40,Sports & Outdoors,Adjustable Dumbbells Set,1,179.88,5,170.89,Cash
TXN-100781,2023-06-16,CUST1682,Female,32,Electronics,Fitness Smartwatch,4,215.9,0,863.6,UPI / Digital Wallet
TXN-100782,2023-06-16,CUST1298,Male,36,Clothing,Athletic Running Shoes,1,94.82,0,94.82,UPI / Digital Wallet
TXN-100783,2023-06-17,CUST1762,Female,57,Clothing,Silk Evening Dress,1,158.81,0,158.81,Credit Card
TXN-100784,2023-06-17,CUST1800,Male,47,Sports & Outdoors,Mountain Trail Backpack,1,102.11,5,97.0,UPI / Digital Wallet
TXN-100785,2023-06-17,CUST1132,Female,37,Sports & Outdoors,High-Tension Resistance Bands,4,21.74,0,86.96,Debit Card
TXN-100786,2023-06-17,CUST1201,Female,44,Clothing,Casual Chino Pants,1,63.31,0,63.31,Debit Card
TXN-100787,2023-06-17,CUST1554,Male,21,Clothing,Premium Cotton T-Shirt,1,30.79,0,30.79,Credit Card
TXN-100788,2023-06-17,CUST1355,Male,40,Clothing,Classic Denim Jacket,1,63.77,5,60.58,UPI / Digital Wallet
TXN-100789,2023-06-17,CUST1442,Female,49,Home & Kitchen,Cast Iron Dutch Oven,2,76.8,0,153.6,Credit Card
TXN-100790,2023-06-17,CUST1166,Female,67,Electronics,Smartphone Pro Max,1,830.01,0,830.01,Debit Card
TXN-100791,2023-06-17,CUST1775,Female,48,Clothing,Athletic Running Shoes,2,100.91,5,191.73,Credit Card
TXN-100792,2023-06-17,CUST1265,Male,24,Sports & Outdoors,Mountain Trail Backpack,1,86.94,10,78.25,UPI / Digital Wallet
TXN-100793,2023-06-18,CUST1423,Female,49,Electronics,Bluetooth Portable Speaker,1,66.34,5,63.02,Cash
TXN-100794,2023-06-18,CUST1848,Female,35,Electronics,Wireless Noise-Canceling Earbuds,2,138.33,0,276.66,Credit Card
TXN-100795,2023-06-18,CUST1553,Male,60,Home & Kitchen,High-Speed Smoothie Blender,1,74.73,10,67.26,Debit Card
TXN-100796,2023-06-18,CUST1185,Male,46,Electronics,Fitness Smartwatch,3,194.16,10,524.23,Cash
TXN-100797,2023-06-18,CUST1252,Male,46,Clothing,Silk Evening Dress,5,133.01,5,631.8,Debit Card
TXN-100798,2023-06-19,CUST1040,Female,42,Home & Kitchen,Robot Vacuum Cleaner,1,332.57,0,332.57,Credit Card
TXN-100799,2023-06-19,CUST1494,Female,25,Clothing,Formal Wool Blazer,1,167.71,0,167.71,Debit Card
TXN-100800,2023-06-19,CUST1279,Male,31,Electronics,Bluetooth Portable Speaker,5,65.33,5,310.32,Credit Card
TXN-100801,2023-06-19,CUST1437,Male,38,Home & Kitchen,Robot Vacuum Cleaner,1,355.62,0,355.62,Credit Card
TXN-100802,2023-06-20,CUST1045,Male,51,Clothing,Classic Denim Jacket,1,72.77,0,72.77,Credit Card
TXN-100803,2023-06-20,CUST1062,Male,33,Home & Kitchen,Espresso Coffee Machine,1,290.49,0,290.49,Debit Card
TXN-100804,2023-06-21,CUST1521,Female,36,Electronics,Fitness Smartwatch,1,202.88,5,192.74,Credit Card
TXN-100805,2023-06-21,CUST1757,Male,66,Electronics,Gaming Laptop 16GB,1,1131.63,0,1131.63,Credit Card
TXN-100806,2023-06-21,CUST1071,Female,42,Home & Kitchen,Non-Stick Cookware Set (10 Pc),1,163.07,0,163.07,Debit Card
TXN-100807,2023-06-21,CUST1242,Male,53,Sports & Outdoors,High-Tension Resistance Bands,1,27.19,5,25.83,UPI / Digital Wallet
TXN-100808,2023-06-22,CUST1458,Female,39,Sports & Outdoors,Mountain Trail Backpack,1,111.62,10,100.46,Credit Card
TXN-100809,2023-06-22,CUST1652,Male,52,Electronics,Smartphone Pro Max,1,849.64,0,849.64,Debit Card
TXN-100810,2023-06-22,CUST1639,Female,36,Electronics,Fitness Smartwatch,1,282.47,5,268.35,Credit Card
TXN-100811,2023-06-22,CUST1756,Male,43,Home & Kitchen,High-Speed Smoothie Blender,1,97.47,0,97.47,Credit Card
TXN-100812,2023-06-23,CUST1184,Female,37,Beauty,Luxury Floral Perfume,3,130.46,5,371.81,Credit Card
TXN-100813,2023-06-23,CUST1361,Male,31,Beauty,Organic Sunscreen SPF 50,1,40.47,0,40.47,Debit Card
TXN-100814,2023-06-23,CUST1448,Female,52,Electronics,Gaming Laptop 16GB,1,1309.25,5,1243.79,Credit Card
TXN-100815,2023-06-23,CUST1498,Male,59,Electronics,Fitness Smartwatch,1,236.87,0,236.87,Credit Card
TXN-100816,2023-06-23,CUST1396,Male,44,Clothing,Classic Denim Jacket,2,87.85,10,158.13,Cash
TXN-100817,2023-06-23,CUST1061,Female,39,Sports & Outdoors,Waterproof Camping Tent,1,217.36,0,217.36,Debit Card
TXN-100818,2023-06-23,CUST1758,Male,29,Electronics,Smartphone Pro Max,2,807.6,0,1615.2,Debit Card
TXN-100819,2023-06-24,CUST1565,Male,42,Beauty,Organic Sunscreen SPF 50,2,31.18,0,62.36,Debit Card
TXN-100820,2023-06-24,CUST1160,Female,41,Electronics,Fitness Smartwatch,3,210.67,10,568.81,UPI / Digital Wallet
TXN-100821,2023-06-24,CUST1509,Male,69,Home & Kitchen,Digital Air Fryer XL,1,136.06,0,136.06,Credit Card
TXN-100822,2023-06-24,CUST1844,Female,48,Electronics,Fitness Smartwatch,5,198.23,0,991.15,Debit Card
TXN-100823,2023-06-24,CUST1136,Female,41,Home & Kitchen,Digital Air Fryer XL,1,111.61,5,106.03,UPI / Digital Wallet
TXN-100824,2023-06-24,CUST1056,Female,30,Clothing,Casual Chino Pants,2,59.81,0,119.62,Credit Card
TXN-100825,2023-06-24,CUST1611,Male,26,Clothing,Athletic Running Shoes,2,121.43,0,242.86,Debit Card
TXN-100826,2023-06-24,CUST1839,Male,64,Beauty,Anti-Aging Facial Serum,1,62.23,0,62.23,Debit Card
TXN-100827,2023-06-25,CUST1333,Female,38,Home & Kitchen,Cast Iron Dutch Oven,1,67.06,10,60.35,UPI / Digital Wallet
TXN-100828,2023-06-25,CUST1550,Male,28,Clothing,Athletic Running Shoes,3,105.48,0,316.44,UPI / Digital Wallet
TXN-100829,2023-06-25,CUST1600,Female,59,Home & Kitchen,High-Speed Smoothie Blender,2,107.08,5,203.45,Debit Card
TXN-100830,2023-06-25,CUST1678,Male,39,Home & Kitchen,Robot Vacuum Cleaner,2,358.89,5,681.89,Debit Card
TXN-100831,2023-06-25,CUST1286,Female,46,Beauty,Hydrating Matte Lipstick,1,25.57,0,25.57,Credit Card
TXN-100832,2023-06-25,CUST1540,Male,37,Sports & Outdoors,Waterproof Camping Tent,2,204.59,0,409.18,Debit Card
TXN-100833,2023-06-26,CUST1688,Male,50,Sports & Outdoors,Mountain Trail Backpack,1,87.12,0,87.12,Credit Card
TXN-100834,2023-06-27,CUST1667,Female,44,Electronics,Gaming Laptop 16GB,2,1121.05,0,2242.1,Credit Card
TXN-100835,2023-06-27,CUST1003,Male,36,Home & Kitchen,Non-Stick Cookware Set (10 Pc),1,159.0,0,159.0,UPI / Digital Wallet
TXN-100836,2023-06-28,CUST1679,Male,33,Clothing,Classic Denim Jacket,3,57.76,10,155.95,Debit Card
TXN-100837,2023-06-28,CUST1594,Male,42,Electronics,Gaming Laptop 16GB,1,1277.21,0,1277.21,Credit Card
TXN-100838,2023-06-28,CUST1344,Female,56,Electronics,Ultra HD 4K Smart TV,1,567.42,5,539.05,Debit Card
TXN-100839,2023-06-28,CUST1684,Male,40,Home & Kitchen,High-Speed Smoothie Blender,1,95.17,5,90.41,Credit Card
TXN-100840,2023-06-29,CUST1708,Female,53,Home & Kitchen,Robot Vacuum Cleaner,1,337.65,5,320.77,UPI / Digital Wallet
TXN-100841,2023-06-29,CUST1735,Male,29,Sports & Outdoors,Waterproof Camping Tent,2,189.2,10,340.56,UPI / Digital Wallet
TXN-100842,2023-06-29,CUST1429,Female,43,Clothing,Athletic Running Shoes,1,101.12,0,101.12,Cash
TXN-100843,2023-06-29,CUST1731,Male,58,Home & Kitchen,Non-Stick Cookware Set (10 Pc),2,176.96,10,318.53,Credit Card
TXN-100844,2023-06-29,CUST1150,Male,40,Beauty,Ionic Hair Dryer Pro,3,90.29,0,270.87,Credit Card
TXN-100845,2023-06-30,CUST1297,Female,56,Beauty,Ionic Hair Dryer Pro,1,90.17,10,81.15,Credit Card
TXN-100846,2023-06-30,CUST1554,Male,21,Sports & Outdoors,Waterproof Camping Tent,1,194.27,0,194.27,Credit Card
TXN-100847,2023-06-30,CUST1154,Male,35,Home & Kitchen,Digital Air Fryer XL,5,113.83,0,569.15,UPI / Digital Wallet
TXN-100848,2023-06-30,CUST1258,Male,36,Home & Kitchen,Espresso Coffee Machine,1,279.55,0,279.55,Credit Card
TXN-100849,2023-06-30,CUST1461,Male,37,Clothing,Classic Denim Jacket,1,86.32,5,82.0,UPI / Digital Wallet
TXN-100850,2023-07-01,CUST1326,Male,25,Electronics,Wireless Noise-Canceling Earbuds,2,156.41,10,281.54,UPI / Digital Wallet
TXN-100851,2023-07-01,CUST1391,Female,18,Clothing,Formal Wool Blazer,2,173.18,10,311.72,Credit Card
TXN-100852,2023-07-01,CUST1039,Female,33,Beauty,Anti-Aging Facial Serum,2,63.39,5,120.44,Debit Card
TXN-100853,2023-07-01,CUST1260,Male,45,Sports & Outdoors,Adjustable Dumbbells Set,1,165.32,0,165.32,UPI / Digital Wallet
TXN-100854,2023-07-01,CUST1647,Male,28,Clothing,Casual Chino Pants,2,57.86,10,104.15,UPI / Digital Wallet
TXN-100855,2023-07-01,CUST1421,Male,32,Beauty,Luxury Floral Perfume,1,112.06,10,100.85,Debit Card
TXN-100856,2023-07-01,CUST1330,Female,57,Home & Kitchen,Cast Iron Dutch Oven,1,77.08,15,65.52,Credit Card
TXN-100857,2023-07-01,CUST1658,Male,38,Beauty,Luxury Floral Perfume,1,113.09,0,113.09,Debit Card
TXN-100858,2023-07-01,CUST1510,Male,55,Clothing,Athletic Running Shoes,1,121.25,0,121.25,Credit Card
TXN-100859,2023-07-02,CUST1410,Female,21,Clothing,Casual Chino Pants,1,60.75,10,54.67,Debit Card
TXN-100860,2023-07-02,CUST1622,Female,40,Clothing,Premium Cotton T-Shirt,1,30.71,0,30.71,Credit Card
TXN-100861,2023-07-02,CUST1657,Female,45,Beauty,Hydrating Matte Lipstick,1,25.84,10,23.26,UPI / Digital Wallet
TXN-100862,2023-07-02,CUST1570,Female,38,Sports & Outdoors,High-Tension Resistance Bands,2,23.25,0,46.5,Debit Card
TXN-100863,2023-07-02,CUST1433,Female,35,Electronics,Wireless Noise-Canceling Earbuds,2,148.5,10,267.3,Credit Card
TXN-100864,2023-07-02,CUST1336,Male,34,Clothing,Casual Chino Pants,1,56.94,10,51.25,Debit Card
TXN-100865,2023-07-02,CUST1835,Female,70,Home & Kitchen,Robot Vacuum Cleaner,2,267.26,0,534.52,Credit Card
TXN-100866,2023-07-03,CUST1515,Female,41,Clothing,Premium Cotton T-Shirt,1,31.08,0,31.08,Credit Card
TXN-100867,2023-07-03,CUST1117,Female,50,Sports & Outdoors,Mountain Trail Backpack,1,104.61,0,104.61,Credit Card
TXN-100868,2023-07-04,CUST1357,Male,29,Electronics,Ultra HD 4K Smart TV,2,626.36,5,1190.08,UPI / Digital Wallet
TXN-100869,2023-07-04,CUST1121,Male,34,Electronics,Ultra HD 4K Smart TV,1,675.68,10,608.11,Debit Card
TXN-100870,2023-07-04,CUST1205,Female,18,Clothing,Athletic Running Shoes,5,130.95,5,622.01,Credit Card
TXN-100871,2023-07-04,CUST1016,Female,33,Beauty,Exfoliating Face Scrub,2,25.84,5,49.1,Debit Card
TXN-100872,2023-07-04,CUST1697,Male,47,Electronics,Bluetooth Portable Speaker,1,78.1,15,66.39,Credit Card
TXN-100873,2023-07-05,CUST1737,Male,39,Home & Kitchen,Espresso Coffee Machine,1,295.67,5,280.89,Credit Card
TXN-100874,2023-07-05,CUST1681,Female,34,Clothing,Casual Chino Pants,3,69.02,10,186.35,UPI / Digital Wallet
TXN-100875,2023-07-05,CUST1286,Female,46,Electronics,Wireless Noise-Canceling Earbuds,2,142.88,15,242.9,Credit Card
TXN-100876,2023-07-06,CUST1265,Male,24,Clothing,Silk Evening Dress,4,118.22,15,401.95,Credit Card
TXN-100877,2023-07-06,CUST1245,Male,32,Beauty,Luxury Floral Perfume,3,114.89,0,344.67,UPI / Digital Wallet
TXN-100878,2023-07-06,CUST1301,Male,43,Clothing,Formal Wool Blazer,3,200.69,5,571.97,UPI / Digital Wallet
TXN-100879,2023-07-06,CUST1639,Female,36,Beauty,Hydrating Matte Lipstick,1,26.32,15,22.37,UPI / Digital Wallet
TXN-100880,2023-07-06,CUST1457,Female,44,Beauty,Luxury Floral Perfume,1,132.6,15,112.71,UPI / Digital Wallet
TXN-100881,2023-07-06,CUST1529,Male,50,Sports & Outdoors,Waterproof Camping Tent,1,195.09,10,175.58,Debit Card
TXN-100882,2023-07-07,CUST1652,Male,52,Home & Kitchen,Non-Stick Cookware Set (10 Pc),1,182.23,10,164.01,UPI / Digital Wallet
TXN-100883,2023-07-07,CUST1006,Female,37,Sports & Outdoors,High-Tension Resistance Bands,2,25.24,10,45.43,UPI / Digital Wallet
TXN-100884,2023-07-07,CUST1725,Male,31,Electronics,Wireless Noise-Canceling Earbuds,1,125.89,0,125.89,UPI / Digital Wallet
TXN-100885,2023-07-07,CUST1721,Female,51,Electronics,Bluetooth Portable Speaker,1,88.72,10,79.85,Credit Card
TXN-100886,2023-07-07,CUST1765,Male,51,Home & Kitchen,High-Speed Smoothie Blender,2,81.91,5,155.63,Credit Card
TXN-100887,2023-07-08,CUST1619,Male,39,Home & Kitchen,High-Speed Smoothie Blender,1,85.78,5,81.49,Credit Card
TXN-100888,2023-07-08,CUST1643,Female,42,Clothing,Casual Chino Pants,1,62.32,0,62.32,Debit Card
TXN-100889,2023-07-08,CUST1593,Female,18,Electronics,Gaming Laptop 16GB,1,1206.63,0,1206.63,Credit Card
TXN-100890,2023-07-08,CUST1589,Female,22,Clothing,Premium Cotton T-Shirt,4,24.51,0,98.04,Debit Card
TXN-100891,2023-07-09,CUST1095,Female,20,Electronics,Bluetooth Portable Speaker,1,77.94,0,77.94,Credit Card
TXN-100892,2023-07-10,CUST1073,Male,27,Electronics,Ultra HD 4K Smart TV,3,711.38,0,2134.14,Credit Card
TXN-100893,2023-07-10,CUST1281,Female,47,Electronics,Bluetooth Portable Speaker,1,95.61,10,86.05,UPI / Digital Wallet
TXN-100894,2023-07-10,CUST1788,Female,43,Electronics,Smartphone Pro Max,2,911.14,5,1731.17,Cash
TXN-100895,2023-07-10,CUST1311,Female,61,Sports & Outdoors,Eco-Friendly Yoga Mat,1,54.28,5,51.57,Debit Card
TXN-100896,2023-07-10,CUST1770,Female,64,Sports & Outdoors,Insulated Thermal Water Bottle,2,24.99,0,49.98,Debit Card
TXN-100897,2023-07-10,CUST1401,Male,53,Home & Kitchen,Robot Vacuum Cleaner,1,314.39,15,267.23,Credit Card
TXN-100898,2023-07-11,CUST1242,Male,53,Clothing,Classic Denim Jacket,4,66.71,0,266.84,UPI / Digital Wallet
TXN-100899,2023-07-11,CUST1198,Male,56,Electronics,Wireless Noise-Canceling Earbuds,1,146.1,10,131.49,Credit Card
TXN-100900,2023-07-11,CUST1448,Female,52,Sports & Outdoors,Adjustable Dumbbells Set,2,207.55,5,394.34,Credit Card
TXN-100901,2023-07-11,CUST1184,Female,37,Home & Kitchen,Digital Air Fryer XL,3,130.25,5,371.21,Debit Card
TXN-100902,2023-07-11,CUST1719,Male,35,Home & Kitchen,High-Speed Smoothie Blender,1,100.17,0,100.17,UPI / Digital Wallet
TXN-100903,2023-07-12,CUST1103,Female,47,Electronics,Fitness Smartwatch,1,190.95,15,162.31,Debit Card
TXN-100904,2023-07-12,CUST1551,Male,29,Electronics,Gaming Laptop 16GB,2,1157.75,0,2315.5,UPI / Digital Wallet
TXN-100905,2023-07-12,CUST1753,Female,34,Beauty,Organic Sunscreen SPF 50,1,31.71,0,31.71,UPI / Digital Wallet
TXN-100906,2023-07-13,CUST1138,Female,23,Sports & Outdoors,Insulated Thermal Water Bottle,1,22.69,10,20.42,UPI / Digital Wallet
TXN-100907,2023-07-13,CUST1590,Female,38,Electronics,Fitness Smartwatch,2,242.72,10,436.9,Credit Card
TXN-100908,2023-07-13,CUST1491,Male,19,Electronics,Ultra HD 4K Smart TV,2,651.74,0,1303.48,Credit Card
TXN-100909,2023-07-13,CUST1224,Female,70,Home & Kitchen,Non-Stick Cookware Set (10 Pc),3,137.46,10,371.14,Credit Card
TXN-100910,2023-07-13,CUST1087,Male,38,Beauty,Hydrating Matte Lipstick,3,24.18,0,72.54,Credit Card
TXN-100911,2023-07-13,CUST1691,Female,50,Electronics,Gaming Laptop 16GB,1,1119.71,5,1063.72,Cash
TXN-100912,2023-07-13,CUST1005,Female,30,Home & Kitchen,High-Speed Smoothie Blender,1,89.57,5,85.09,Credit Card
TXN-100913,2023-07-14,CUST1292,Male,37,Clothing,Casual Chino Pants,1,44.8,0,44.8,Cash
TXN-100914,2023-07-14,CUST1260,Male,45,Home & Kitchen,High-Speed Smoothie Blender,1,88.62,0,88.62,UPI / Digital Wallet
TXN-100915,2023-07-15,CUST1328,Female,37,Electronics,Gaming Laptop 16GB,2,1311.27,0,2622.54,Debit Card
TXN-100916,2023-07-15,CUST1006,Female,37,Electronics,Smartphone Pro Max,1,832.72,0,832.72,Credit Card
TXN-100917,2023-07-15,CUST1570,Female,38,Home & Kitchen,Digital Air Fryer XL,2,107.67,5,204.57,Credit Card
TXN-100918,2023-07-16,CUST1004,Female,30,Electronics,Wireless Noise-Canceling Earbuds,3,129.17,5,368.13,UPI / Digital Wallet
TXN-100919,2023-07-16,CUST1657,Female,45,Home & Kitchen,Non-Stick Cookware Set (10 Pc),1,188.85,15,160.52,UPI / Digital Wallet
TXN-100920,2023-07-16,CUST1503,Male,33,Electronics,Ultra HD 4K Smart TV,1,671.64,5,638.06,UPI / Digital Wallet
TXN-100921,2023-07-16,CUST1440,Female,39,Clothing,Formal Wool Blazer,2,177.04,0,354.08,Debit Card
TXN-100922,2023-07-16,CUST1238,Male,55,Electronics,Ultra HD 4K Smart TV,1,659.23,0,659.23,UPI / Digital Wallet
TXN-100923,2023-07-16,CUST1694,Female,22,Beauty,Anti-Aging Facial Serum,3,68.38,0,205.14,Debit Card
TXN-100924,2023-07-17,CUST1409,Female,23,Clothing,Classic Denim Jacket,1,76.93,5,73.08,UPI / Digital Wallet
TXN-100925,2023-07-17,CUST1488,Male,35,Home & Kitchen,Non-Stick Cookware Set (10 Pc),1,154.16,0,154.16,UPI / Digital Wallet
TXN-100926,2023-07-17,CUST1096,Male,25,Home & Kitchen,Non-Stick Cookware Set (10 Pc),1,166.9,0,166.9,Credit Card
TXN-100927,2023-07-18,CUST1464,Male,52,Beauty,Organic Sunscreen SPF 50,1,27.44,5,26.07,Credit Card
TXN-100928,2023-07-18,CUST1397,Female,41,Electronics,Ultra HD 4K Smart TV,2,611.72,0,1223.44,UPI / Digital Wallet
TXN-100929,2023-07-18,CUST1559,Male,54,Sports & Outdoors,Insulated Thermal Water Bottle,1,37.06,10,33.35,UPI / Digital Wallet
TXN-100930,2023-07-18,CUST1701,Female,43,Sports & Outdoors,Waterproof Camping Tent,2,207.88,5,394.97,UPI / Digital Wallet
TXN-100931,2023-07-19,CUST1649,Female,26,Beauty,Luxury Floral Perfume,1,108.51,15,92.23,Credit Card
TXN-100932,2023-07-19,CUST1210,Male,41,Sports & Outdoors,Waterproof Camping Tent,1,273.87,0,273.87,Credit Card
TXN-100933,2023-07-19,CUST1602,Female,28,Beauty,Ionic Hair Dryer Pro,1,106.23,15,90.3,Credit Card
TXN-100934,2023-07-19,CUST1288,Female,62,Home & Kitchen,Robot Vacuum Cleaner,2,339.77,5,645.56,Credit Card
TXN-100935,2023-07-20,CUST1242,Male,53,Sports & Outdoors,High-Tension Resistance Bands,1,21.88,10,19.69,Credit Card
TXN-100936,2023-07-20,CUST1560,Male,29,Home & Kitchen,Espresso Coffee Machine,2,297.66,10,535.79,UPI / Digital Wallet
TXN-100937,2023-07-20,CUST1230,Male,45,Home & Kitchen,Robot Vacuum Cleaner,1,328.73,0,328.73,UPI / Digital Wallet
TXN-100938,2023-07-20,CUST1785,Male,53,Sports & Outdoors,High-Tension Resistance Bands,1,21.77,15,18.5,UPI / Digital Wallet
TXN-100939,2023-07-20,CUST1453,Male,62,Home & Kitchen,Digital Air Fryer XL,2,122.36,10,220.25,Debit Card
TXN-100940,2023-07-20,CUST1172,Female,32,Beauty,Luxury Floral Perfume,2,121.1,5,230.09,Cash
TXN-100941,2023-07-21,CUST1707,Male,25,Home & Kitchen,High-Speed Smoothie Blender,1,81.15,5,77.09,Credit Card
TXN-100942,2023-07-21,CUST1281,Female,47,Clothing,Athletic Running Shoes,1,103.71,10,93.34,Credit Card
TXN-100943,2023-07-21,CUST1088,Male,44,Clothing,Classic Denim Jacket,1,79.51,15,67.58,Debit Card
TXN-100944,2023-07-21,CUST1072,Female,30,Beauty,Anti-Aging Facial Serum,3,68.14,15,173.76,Debit Card
TXN-100945,2023-07-21,CUST1807,Male,26,Clothing,Formal Wool Blazer,3,141.68,5,403.79,UPI / Digital Wallet
TXN-100946,2023-07-22,CUST1746,Female,53,Clothing,Formal Wool Blazer,3,191.61,0,574.83,Credit Card
TXN-100947,2023-07-22,CUST1707,Male,25,Sports & Outdoors,Mountain Trail Backpack,1,93.83,10,84.45,UPI / Digital Wallet
TXN-100948,2023-07-23,CUST1103,Female,47,Electronics,Gaming Laptop 16GB,5,1231.98,0,6159.9,Credit Card
TXN-100949,2023-07-23,CUST1512,Male,45,Electronics,Fitness Smartwatch,2,229.82,15,390.69,Credit Card
TXN-100950,2023-07-23,CUST1363,Male,43,Beauty,Ionic Hair Dryer Pro,1,100.32,10,90.29,Debit Card
TXN-100951,2023-07-23,CUST1804,Female,36,Sports & Outdoors,Mountain Trail Backpack,1,107.6,5,102.22,Debit Card
TXN-100952,2023-07-23,CUST1001,Male,37,Beauty,Ionic Hair Dryer Pro,3,104.42,0,313.26,Debit Card
TXN-100953,2023-07-23,CUST1528,Female,25,Electronics,Smartphone Pro Max,1,914.44,0,914.44,Debit Card
TXN-100954,2023-07-23,CUST1656,Female,56,Electronics,Ultra HD 4K Smart TV,2,640.35,5,1216.66,Credit Card
TXN-100955,2023-07-23,CUST1113,Male,61,Home & Kitchen,Espresso Coffee Machine,1,257.52,15,218.89,Debit Card
TXN-100956,2023-07-24,CUST1728,Female,47,Electronics,Smartphone Pro Max,1,815.37,0,815.37,Credit Card
TXN-100957,2023-07-24,CUST1781,Male,58,Electronics,Smartphone Pro Max,5,841.92,5,3999.12,Credit Card
TXN-100958,2023-07-24,CUST1670,Female,25,Beauty,Exfoliating Face Scrub,1,22.64,10,20.38,UPI / Digital Wallet
TXN-100959,2023-07-24,CUST1256,Male,41,Electronics,Ultra HD 4K Smart TV,1,619.5,0,619.5,Debit Card
TXN-100960,2023-07-24,CUST1094,Male,25,Clothing,Casual Chino Pants,1,56.47,15,48.0,Credit Card
TXN-100961,2023-07-25,CUST1435,Male,37,Home & Kitchen,High-Speed Smoothie Blender,1,89.77,10,80.79,Cash
TXN-100962,2023-07-26,CUST1653,Male,44,Sports & Outdoors,High-Tension Resistance Bands,2,20.33,0,40.66,UPI / Digital Wallet
TXN-100963,2023-07-26,CUST1436,Female,47,Clothing,Silk Evening Dress,2,133.91,5,254.43,Cash
TXN-100964,2023-07-26,CUST1394,Female,29,Beauty,Luxury Floral Perfume,2,106.57,5,202.48,UPI / Digital Wallet
TXN-100965,2023-07-26,CUST1436,Female,47,Home & Kitchen,Cast Iron Dutch Oven,2,86.66,0,173.32,Credit Card
TXN-100966,2023-07-26,CUST1371,Female,39,Sports & Outdoors,Mountain Trail Backpack,1,94.19,10,84.77,Credit Card
TXN-100967,2023-07-26,CUST1080,Male,41,Clothing,Casual Chino Pants,2,57.65,15,98.01,UPI / Digital Wallet
TXN-100968,2023-07-26,CUST1514,Female,47,Clothing,Silk Evening Dress,1,134.98,10,121.48,UPI / Digital Wallet
TXN-100969,2023-07-26,CUST1512,Male,45,Sports & Outdoors,Eco-Friendly Yoga Mat,1,44.35,0,44.35,UPI / Digital Wallet
TXN-100970,2023-07-26,CUST1399,Male,29,Electronics,Bluetooth Portable Speaker,1,98.11,10,88.3,Credit Card
TXN-100971,2023-07-26,CUST1418,Male,50,Clothing,Classic Denim Jacket,1,66.72,10,60.05,Credit Card
TXN-100972,2023-07-26,CUST1408,Male,33,Clothing,Premium Cotton T-Shirt,2,25.61,15,43.54,Cash
TXN-100973,2023-07-26,CUST1604,Female,45,Electronics,Fitness Smartwatch,1,209.64,5,199.16,Credit Card
TXN-100974,2023-07-26,CUST1416,Female,38,Electronics,Smartphone Pro Max,2,888.79,5,1688.7,Credit Card
TXN-100975,2023-07-27,CUST1144,Female,50,Sports & Outdoors,Mountain Trail Backpack,1,104.98,0,104.98,UPI / Digital Wallet
TXN-100976,2023-07-27,CUST1628,Female,27,Sports & Outdoors,Waterproof Camping Tent,2,214.81,10,386.66,UPI / Digital Wallet
TXN-100977,2023-07-28,CUST1720,Male,29,Electronics,Gaming Laptop 16GB,1,1213.11,10,1091.8,Debit Card
TXN-100978,2023-07-28,CUST1247,Male,54,Sports & Outdoors,Mountain Trail Backpack,1,116.7,5,110.86,Debit Card
TXN-100979,2023-07-28,CUST1631,Male,44,Electronics,Bluetooth Portable Speaker,1,88.85,5,84.41,Cash
TXN-100980,2023-07-28,CUST1665,Female,44,Beauty,Anti-Aging Facial Serum,2,69.14,5,131.37,Cash
TXN-100981,2023-07-28,CUST1686,Male,43,Beauty,Hydrating Matte Lipstick,1,27.36,0,27.36,Credit Card
TXN-100982,2023-07-28,CUST1412,Male,31,Sports & Outdoors,High-Tension Resistance Bands,1,22.8,10,20.52,Cash
TXN-100983,2023-07-28,CUST1351,Male,46,Electronics,Smartphone Pro Max,1,927.93,0,927.93,UPI / Digital Wallet
TXN-100984,2023-07-28,CUST1125,Female,20,Clothing,Athletic Running Shoes,1,129.8,0,129.8,Debit Card
TXN-100985,2023-07-29,CUST1126,Male,42,Electronics,Gaming Laptop 16GB,2,1086.11,5,2063.61,Debit Card
TXN-100986,2023-07-29,CUST1695,Male,18,Sports & Outdoors,Eco-Friendly Yoga Mat,4,53.84,0,215.36,Credit Card
TXN-100987,2023-07-29,CUST1086,Male,29,Electronics,Wireless Noise-Canceling Earbuds,1,134.44,0,134.44,Credit Card
TXN-100988,2023-07-29,CUST1413,Male,42,Beauty,Hydrating Matte Lipstick,1,27.67,10,24.9,Debit Card
TXN-100989,2023-07-30,CUST1767,Male,27,Electronics,Smartphone Pro Max,3,847.15,5,2414.38,Debit Card
TXN-100990,2023-07-30,CUST1598,Female,53,Electronics,Bluetooth Portable Speaker,1,84.94,15,72.2,Credit Card
TXN-100991,2023-07-30,CUST1645,Male,50,Sports & Outdoors,Eco-Friendly Yoga Mat,2,50.41,5,95.78,Credit Card
TXN-100992,2023-07-30,CUST1486,Female,36,Home & Kitchen,Robot Vacuum Cleaner,2,348.37,0,696.74,Credit Card
TXN-100993,2023-07-31,CUST1088,Male,44,Sports & Outdoors,Insulated Thermal Water Bottle,4,25.54,0,102.16,Credit Card
TXN-100994,2023-07-31,CUST1279,Male,31,Sports & Outdoors,Waterproof Camping Tent,4,182.8,5,694.64,Credit Card
TXN-100995,2023-07-31,CUST1746,Female,53,Home & Kitchen,Non-Stick Cookware Set (10 Pc),1,147.75,10,132.97,Cash
TXN-100996,2023-07-31,CUST1515,Female,41,Electronics,Gaming Laptop 16GB,1,1100.52,10,990.47,Debit Card
TXN-100997,2023-07-31,CUST1497,Female,20,Beauty,Luxury Floral Perfume,2,126.04,0,252.08,Cash
TXN-100998,2023-07-31,CUST1804,Female,36,Sports & Outdoors,Adjustable Dumbbells Set,1,183.44,5,174.27,Debit Card
TXN-100999,2023-07-31,CUST1083,Female,51,Sports & Outdoors,High-Tension Resistance Bands,1,23.36,5,22.19,Credit Card
TXN-101000,2023-08-01,CUST1753,Female,34,Sports & Outdoors,High-Tension Resistance Bands,2,25.38,0,50.76,Debit Card
TXN-101001,2023-08-01,CUST1381,Male,18,Clothing,Casual Chino Pants,1,53.97,0,53.97,Debit Card
TXN-101002,2023-08-01,CUST1021,Female,60,Home & Kitchen,Digital Air Fryer XL,2,110.65,0,221.3,Credit Card
TXN-101003,2023-08-01,CUST1479,Male,50,Beauty,Exfoliating Face Scrub,4,19.88,5,75.54,Credit Card
TXN-101004,2023-08-01,CUST1295,Male,42,Clothing,Casual Chino Pants,1,57.05,0,57.05,Credit Card
TXN-101005,2023-08-01,CUST1288,Female,62,Clothing,Classic Denim Jacket,3,87.67,0,263.01,UPI / Digital Wallet
TXN-101006,2023-08-01,CUST1191,Male,69,Beauty,Ionic Hair Dryer Pro,2,92.32,0,184.64,Credit Card
TXN-101007,2023-08-01,CUST1207,Male,61,Home & Kitchen,Robot Vacuum Cleaner,2,361.44,10,650.59,Debit Card
TXN-101008,2023-08-01,CUST1330,Female,57,Home & Kitchen,Robot Vacuum Cleaner,1,306.37,10,275.73,Credit Card
TXN-101009,2023-08-01,CUST1768,Female,24,Beauty,Hydrating Matte Lipstick,1,32.62,10,29.36,Cash
TXN-101010,2023-08-02,CUST1247,Male,54,Beauty,Luxury Floral Perfume,2,113.16,0,226.32,UPI / Digital Wallet
TXN-101011,2023-08-02,CUST1161,Male,49,Clothing,Athletic Running Shoes,1,113.72,0,113.72,Credit Card
TXN-101012,2023-08-02,CUST1611,Male,26,Sports & Outdoors,Mountain Trail Backpack,1,86.68,0,86.68,UPI / Digital Wallet
TXN-101013,2023-08-03,CUST1177,Female,28,Home & Kitchen,High-Speed Smoothie Blender,1,95.54,10,85.99,Credit Card
TXN-101014,2023-08-03,CUST1049,Female,45,Electronics,Gaming Laptop 16GB,1,1219.5,5,1158.52,Debit Card
TXN-101015,2023-08-03,CUST1099,Female,70,Electronics,Smartphone Pro Max,1,843.18,5,801.02,Debit Card
TXN-101016,2023-08-03,CUST1450,Male,45,Sports & Outdoors,Mountain Trail Backpack,1,85.93,0,85.93,Debit Card
TXN-101017,2023-08-04,CUST1370,Female,38,Sports & Outdoors,Mountain Trail Backpack,2,97.77,10,175.99,Credit Card
TXN-101018,2023-08-04,CUST1000,Female,38,Clothing,Classic Denim Jacket,1,73.96,5,70.26,Debit Card
TXN-101019,2023-08-04,CUST1727,Male,30,Electronics,Ultra HD 4K Smart TV,3,688.4,0,2065.2,Debit Card
TXN-101020,2023-08-04,CUST1355,Male,40,Home & Kitchen,High-Speed Smoothie Blender,2,75.2,0,150.4,Credit Card
TXN-101021,2023-08-04,CUST1363,Male,43,Beauty,Organic Sunscreen SPF 50,1,33.4,0,33.4,Credit Card
TXN-101022,2023-08-04,CUST1435,Male,37,Beauty,Anti-Aging Facial Serum,3,69.71,10,188.22,Credit Card
TXN-101023,2023-08-04,CUST1589,Female,22,Electronics,Smartphone Pro Max,3,860.39,0,2581.17,Credit Card
TXN-101024,2023-08-05,CUST1606,Female,45,Electronics,Gaming Laptop 16GB,3,1178.75,5,3359.44,UPI / Digital Wallet
TXN-101025,2023-08-05,CUST1399,Male,29,Sports & Outdoors,High-Tension Resistance Bands,2,25.72,0,51.44,Debit Card
TXN-101026,2023-08-07,CUST1593,Female,18,Electronics,Bluetooth Portable Speaker,3,81.64,0,244.92,Credit Card
TXN-101027,2023-08-07,CUST1821,Female,43,Electronics,Smartphone Pro Max,5,778.08,0,3890.4,Debit Card
TXN-101028,2023-08-07,CUST1481,Male,22,Electronics,Smartphone Pro Max,4,851.52,0,3406.08,Debit Card
TXN-101029,2023-08-07,CUST1662,Male,30,Home & Kitchen,Cast Iron Dutch Oven,2,72.52,0,145.04,Credit Card
TXN-101030,2023-08-08,CUST1671,Male,36,Electronics,Gaming Laptop 16GB,3,1255.71,0,3767.13,Credit Card
TXN-101031,2023-08-08,CUST1846,Female,27,Home & Kitchen,Non-Stick Cookware Set (10 Pc),4,185.64,10,668.3,UPI / Digital Wallet
TXN-101032,2023-08-08,CUST1451,Male,24,Sports & Outdoors,Waterproof Camping Tent,2,211.06,0,422.12,UPI / Digital Wallet
TXN-101033,2023-08-08,CUST1264,Male,51,Home & Kitchen,Non-Stick Cookware Set (10 Pc),1,178.21,5,169.3,Credit Card
TXN-101034,2023-08-08,CUST1846,Female,27,Beauty,Exfoliating Face Scrub,1,18.9,0,18.9,Credit Card
TXN-101035,2023-08-08,CUST1464,Male,52,Clothing,Silk Evening Dress,2,119.15,0,238.3,Credit Card
TXN-101036,2023-08-08,CUST1508,Male,51,Sports & Outdoors,Insulated Thermal Water Bottle,1,37.13,5,35.27,Credit Card
TXN-101037,2023-08-09,CUST1191,Male,69,Home & Kitchen,High-Speed Smoothie Blender,1,86.92,5,82.57,UPI / Digital Wallet
TXN-101038,2023-08-09,CUST1645,Male,50,Sports & Outdoors,Mountain Trail Backpack,2,104.54,10,188.17,Credit Card
TXN-101039,2023-08-09,CUST1665,Female,44,Home & Kitchen,High-Speed Smoothie Blender,2,95.37,0,190.74,Credit Card
TXN-101040,2023-08-09,CUST1621,Female,43,Electronics,Wireless Noise-Canceling Earbuds,1,143.66,0,143.66,Credit Card
TXN-101041,2023-08-09,CUST1059,Female,52,Home & Kitchen,Digital Air Fryer XL,3,119.54,0,358.62,UPI / Digital Wallet
TXN-101042,2023-08-09,CUST1593,Female,18,Beauty,Ionic Hair Dryer Pro,2,109.03,5,207.16,Credit Card
TXN-101043,2023-08-09,CUST1772,Female,35,Clothing,Athletic Running Shoes,1,94.91,5,90.16,Debit Card
TXN-101044,2023-08-10,CUST1387,Female,37,Clothing,Premium Cotton T-Shirt,3,20.36,0,61.08,Debit Card
TXN-101045,2023-08-10,CUST1558,Male,34,Home & Kitchen,Non-Stick Cookware Set (10 Pc),1,185.83,0,185.83,Debit Card
TXN-101046,2023-08-10,CUST1319,Female,18,Electronics,Wireless Noise-Canceling Earbuds,1,140.71,10,126.64,Debit Card
TXN-101047,2023-08-10,CUST1708,Female,53,Electronics,Wireless Noise-Canceling Earbuds,3,148.82,0,446.46,Debit Card
TXN-101048,2023-08-10,CUST1658,Male,38,Home & Kitchen,High-Speed Smoothie Blender,2,76.29,5,144.95,Cash
TXN-101049,2023-08-10,CUST1729,Female,41,Clothing,Formal Wool Blazer,2,170.31,0,340.62,UPI / Digital Wallet
TXN-101050,2023-08-10,CUST1436,Female,47,Electronics,Bluetooth Portable Speaker,1,74.59,0,74.59,Cash
TXN-101051,2023-08-10,CUST1151,Female,31,Beauty,Luxury Floral Perfume,2,112.76,0,225.52,Credit Card
TXN-101052,2023-08-11,CUST1482,Female,45,Home & Kitchen,Non-Stick Cookware Set (10 Pc),1,157.94,0,157.94,UPI / Digital Wallet
TXN-101053,2023-08-11,CUST1292,Male,37,Home & Kitchen,Robot Vacuum Cleaner,2,278.79,0,557.58,UPI / Digital Wallet
TXN-101054,2023-08-11,CUST1750,Female,19,Sports & Outdoors,High-Tension Resistance Bands,1,24.45,10,22.0,UPI / Digital Wallet
TXN-101055,2023-08-11,CUST1381,Male,18,Electronics,Fitness Smartwatch,1,240.87,5,228.83,Cash
TXN-101056,2023-08-11,CUST1696,Female,45,Beauty,Anti-Aging Facial Serum,2,61.76,5,117.34,Credit Card
TXN-101057,2023-08-11,CUST1696,Female,45,Electronics,Fitness Smartwatch,1,217.7,10,195.93,Debit Card
TXN-101058,2023-08-11,CUST1055,Male,36,Clothing,Premium Cotton T-Shirt,2,30.64,0,61.28,UPI / Digital Wallet
TXN-101059,2023-08-11,CUST1415,Female,44,Sports & Outdoors,Mountain Trail Backpack,4,108.5,0,434.0,Credit Card
TXN-101060,2023-08-12,CUST1761,Female,41,Clothing,Formal Wool Blazer,1,159.33,0,159.33,Debit Card
TXN-101061,2023-08-12,CUST1603,Female,37,Sports & Outdoors,High-Tension Resistance Bands,2,20.23,0,40.46,Credit Card
TXN-101062,2023-08-13,CUST1786,Male,40,Clothing,Athletic Running Shoes,3,97.61,5,278.19,Credit Card
TXN-101063,2023-08-13,CUST1503,Male,33,Electronics,Smartphone Pro Max,2,811.38,0,1622.76,Credit Card
TXN-101064,2023-08-13,CUST1219,Male,61,Beauty,Exfoliating Face Scrub,1,18.02,0,18.02,UPI / Digital Wallet
TXN-101065,2023-08-14,CUST1526,Female,49,Electronics,Ultra HD 4K Smart TV,3,766.68,0,2300.04,Cash
TXN-101066,2023-08-14,CUST1780,Male,34,Home & Kitchen,Espresso Coffee Machine,1,274.86,0,274.86,Credit Card
TXN-101067,2023-08-14,CUST1264,Male,51,Clothing,Casual Chino Pants,2,53.64,0,107.28,Credit Card
TXN-101068,2023-08-15,CUST1720,Male,29,Clothing,Premium Cotton T-Shirt,3,32.46,0,97.38,Debit Card
TXN-101069,2023-08-15,CUST1540,Male,37,Electronics,Fitness Smartwatch,1,234.14,0,234.14,UPI / Digital Wallet
TXN-101070,2023-08-15,CUST1776,Female,49,Sports & Outdoors,Insulated Thermal Water Bottle,1,30.28,0,30.28,Credit Card
TXN-101071,2023-08-15,CUST1767,Male,27,Electronics,Gaming Laptop 16GB,3,1196.98,0,3590.94,Debit Card
TXN-101072,2023-08-15,CUST1761,Female,41,Home & Kitchen,Digital Air Fryer XL,1,139.02,0,139.02,UPI / Digital Wallet
TXN-101073,2023-08-15,CUST1607,Female,26,Electronics,Fitness Smartwatch,1,249.71,0,249.71,Cash
TXN-101074,2023-08-15,CUST1644,Female,29,Electronics,Fitness Smartwatch,1,284.74,10,256.27,Credit Card
TXN-101075,2023-08-15,CUST1641,Female,34,Beauty,Hydrating Matte Lipstick,1,33.53,0,33.53,Credit Card
TXN-101076,2023-08-16,CUST1694,Female,22,Clothing,Classic Denim Jacket,2,60.48,10,108.86,Credit Card
TXN-101077,2023-08-16,CUST1565,Male,42,Clothing,Silk Evening Dress,1,117.13,0,117.13,Credit Card
TXN-101078,2023-08-16,CUST1176,Male,24,Home & Kitchen,Espresso Coffee Machine,1,322.16,5,306.05,UPI / Digital Wallet
TXN-101079,2023-08-17,CUST1282,Female,41,Electronics,Bluetooth Portable Speaker,2,79.05,10,142.29,UPI / Digital Wallet
TXN-101080,2023-08-17,CUST1800,Male,47,Home & Kitchen,Espresso Coffee Machine,1,201.42,0,201.42,Debit Card
TXN-101081,2023-08-17,CUST1080,Male,41,Home & Kitchen,Espresso Coffee Machine,2,288.21,0,576.42,Credit Card
TXN-101082,2023-08-17,CUST1340,Female,61,Clothing,Athletic Running Shoes,1,111.93,5,106.33,Cash
TXN-101083,2023-08-17,CUST1475,Male,43,Home & Kitchen,Cast Iron Dutch Oven,1,79.66,0,79.66,UPI / Digital Wallet
TXN-101084,2023-08-17,CUST1619,Male,39,Sports & Outdoors,Eco-Friendly Yoga Mat,2,41.77,5,79.36,Credit Card
TXN-101085,2023-08-18,CUST1520,Male,18,Electronics,Wireless Noise-Canceling Earbuds,2,144.73,0,289.46,Credit Card
TXN-101086,2023-08-18,CUST1510,Male,55,Beauty,Luxury Floral Perfume,2,122.89,5,233.49,UPI / Digital Wallet
TXN-101087,2023-08-18,CUST1586,Female,30,Clothing,Formal Wool Blazer,4,164.72,5,625.94,Credit Card
TXN-101088,2023-08-18,CUST1633,Male,18,Beauty,Exfoliating Face Scrub,2,19.74,0,39.48,Cash
TXN-101089,2023-08-18,CUST1308,Male,36,Electronics,Bluetooth Portable Speaker,1,96.62,0,96.62,Credit Card
TXN-101090,2023-08-19,CUST1461,Male,37,Electronics,Fitness Smartwatch,3,239.25,5,681.86,Credit Card
TXN-101091,2023-08-19,CUST1718,Female,57,Home & Kitchen,Espresso Coffee Machine,1,282.44,0,282.44,Credit Card
TXN-101092,2023-08-19,CUST1261,Male,40,Beauty,Exfoliating Face Scrub,1,23.42,0,23.42,UPI / Digital Wallet
TXN-101093,2023-08-20,CUST1831,Female,18,Clothing,Formal Wool Blazer,1,152.37,0,152.37,Credit Card
TXN-101094,2023-08-20,CUST1052,Male,18,Electronics,Wireless Noise-Canceling Earbuds,4,140.57,10,506.05,UPI / Digital Wallet
TXN-101095,2023-08-20,CUST1722,Female,30,Clothing,Premium Cotton T-Shirt,2,28.63,5,54.4,Credit Card
TXN-101096,2023-08-20,CUST1473,Male,42,Sports & Outdoors,Waterproof Camping Tent,5,207.41,0,1037.05,Credit Card
TXN-101097,2023-08-20,CUST1789,Male,29,Home & Kitchen,Digital Air Fryer XL,3,114.08,5,325.13,Cash
TXN-101098,2023-08-20,CUST1746,Female,53,Clothing,Casual Chino Pants,3,54.43,5,155.13,UPI / Digital Wallet
TXN-101099,2023-08-20,CUST1763,Male,44,Home & Kitchen,Digital Air Fryer XL,1,123.1,10,110.79,Debit Card
TXN-101100,2023-08-20,CUST1136,Female,41,Beauty,Ionic Hair Dryer Pro,1,84.89,10,76.4,Debit Card
TXN-101101,2023-08-20,CUST1008,Male,28,Clothing,Silk Evening Dress,2,137.86,5,261.93,UPI / Digital Wallet
TXN-101102,2023-08-21,CUST1606,Female,45,Clothing,Silk Evening Dress,1,123.16,0,123.16,Credit Card
TXN-101103,2023-08-21,CUST1727,Male,30,Beauty,Hydrating Matte Lipstick,2,25.61,0,51.22,Debit Card
TXN-101104,2023-08-21,CUST1747,Male,47,Clothing,Silk Evening Dress,1,136.52,0,136.52,Credit Card
TXN-101105,2023-08-21,CUST1160,Female,41,Clothing,Premium Cotton T-Shirt,1,33.68,5,32.0,Credit Card
TXN-101106,2023-08-21,CUST1206,Female,58,Sports & Outdoors,Adjustable Dumbbells Set,5,194.62,10,875.79,Debit Card
TXN-101107,2023-08-21,CUST1277,Male,18,Electronics,Wireless Noise-Canceling Earbuds,1,118.13,0,118.13,Debit Card
TXN-101108,2023-08-21,CUST1211,Male,42,Electronics,Gaming Laptop 16GB,1,1175.03,5,1116.28,Credit Card
TXN-101109,2023-08-22,CUST1246,Female,38,Clothing,Premium Cotton T-Shirt,2,34.7,0,69.4,Credit Card
TXN-101110,2023-08-22,CUST1638,Female,39,Home & Kitchen,Cast Iron Dutch Oven,3,81.91,0,245.73,UPI / Digital Wallet
TXN-101111,2023-08-22,CUST1526,Female,49,Beauty,Hydrating Matte Lipstick,1,25.19,5,23.93,Credit Card
TXN-101112,2023-08-22,CUST1370,Female,38,Beauty,Anti-Aging Facial Serum,1,63.26,5,60.1,Debit Card
TXN-101113,2023-08-23,CUST1659,Male,20,Clothing,Premium Cotton T-Shirt,1,27.03,10,24.33,UPI / Digital Wallet
TXN-101114,2023-08-23,CUST1810,Male,59,Clothing,Premium Cotton T-Shirt,1,21.05,10,18.95,Credit Card
TXN-101115,2023-08-23,CUST1492,Female,58,Home & Kitchen,Digital Air Fryer XL,5,110.29,5,523.88,UPI / Digital Wallet
TXN-101116,2023-08-24,CUST1737,Male,39,Beauty,Organic Sunscreen SPF 50,2,41.42,5,78.7,UPI / Digital Wallet
TXN-101117,2023-08-24,CUST1717,Male,18,Clothing,Casual Chino Pants,1,49.13,0,49.13,Credit Card
TXN-101118,2023-08-24,CUST1557,Female,49,Home & Kitchen,Cast Iron Dutch Oven,3,80.06,10,216.16,Cash
TXN-101119,2023-08-24,CUST1769,Male,18,Beauty,Ionic Hair Dryer Pro,1,82.15,10,73.93,Debit Card
TXN-101120,2023-08-25,CUST1494,Female,25,Home & Kitchen,Digital Air Fryer XL,1,116.81,0,116.81,Debit Card
TXN-101121,2023-08-25,CUST1283,Female,30,Beauty,Hydrating Matte Lipstick,1,26.6,0,26.6,UPI / Digital Wallet
TXN-101122,2023-08-25,CUST1442,Female,49,Beauty,Organic Sunscreen SPF 50,2,35.74,0,71.48,UPI / Digital Wallet
TXN-101123,2023-08-25,CUST1025,Male,23,Electronics,Smartphone Pro Max,1,851.1,0,851.1,UPI / Digital Wallet
TXN-101124,2023-08-25,CUST1757,Male,66,Electronics,Ultra HD 4K Smart TV,4,684.89,0,2739.56,Credit Card
TXN-101125,2023-08-26,CUST1334,Female,40,Clothing,Silk Evening Dress,1,119.47,0,119.47,UPI / Digital Wallet
TXN-101126,2023-08-26,CUST1066,Female,20,Beauty,Hydrating Matte Lipstick,2,27.89,0,55.78,UPI / Digital Wallet
TXN-101127,2023-08-26,CUST1454,Female,35,Electronics,Wireless Noise-Canceling Earbuds,2,143.81,0,287.62,Cash
TXN-101128,2023-08-26,CUST1554,Male,21,Electronics,Fitness Smartwatch,1,212.74,0,212.74,UPI / Digital Wallet
TXN-101129,2023-08-27,CUST1466,Female,46,Clothing,Silk Evening Dress,1,120.42,10,108.38,UPI / Digital Wallet
TXN-101130,2023-08-27,CUST1819,Female,46,Home & Kitchen,Cast Iron Dutch Oven,2,80.55,10,144.99,Debit Card
TXN-101131,2023-08-27,CUST1200,Male,27,Electronics,Smartphone Pro Max,2,857.91,0,1715.82,Credit Card
TXN-101132,2023-08-27,CUST1653,Male,44,Beauty,Organic Sunscreen SPF 50,1,32.56,0,32.56,Credit Card
TXN-101133,2023-08-28,CUST1629,Female,20,Electronics,Bluetooth Portable Speaker,4,81.18,0,324.72,UPI / Digital Wallet
TXN-101134,2023-08-28,CUST1368,Female,60,Clothing,Formal Wool Blazer,2,189.29,5,359.65,UPI / Digital Wallet
TXN-101135,2023-08-28,CUST1463,Male,51,Home & Kitchen,Digital Air Fryer XL,1,124.88,5,118.64,Credit Card
TXN-101136,2023-08-28,CUST1745,Male,44,Electronics,Wireless Noise-Canceling Earbuds,1,168.26,5,159.85,UPI / Digital Wallet
TXN-101137,2023-08-29,CUST1614,Male,52,Home & Kitchen,Non-Stick Cookware Set (10 Pc),1,149.6,0,149.6,Credit Card
TXN-101138,2023-08-29,CUST1586,Female,30,Beauty,Exfoliating Face Scrub,2,22.56,0,45.12,UPI / Digital Wallet
TXN-101139,2023-08-29,CUST1336,Male,34,Clothing,Classic Denim Jacket,3,74.11,0,222.33,UPI / Digital Wallet
TXN-101140,2023-08-29,CUST1387,Female,37,Electronics,Ultra HD 4K Smart TV,4,622.09,5,2363.94,UPI / Digital Wallet
TXN-101141,2023-08-29,CUST1816,Male,36,Beauty,Hydrating Matte Lipstick,2,25.21,5,47.9,Debit Card
TXN-101142,2023-08-29,CUST1145,Female,31,Clothing,Silk Evening Dress,1,151.26,0,151.26,Credit Card
TXN-101143,2023-08-30,CUST1751,Male,57,Clothing,Silk Evening Dress,3,145.78,0,437.34,Credit Card
TXN-101144,2023-08-30,CUST1417,Female,21,Sports & Outdoors,Waterproof Camping Tent,1,211.79,0,211.79,Credit Card
TXN-101145,2023-08-31,CUST1051,Male,60,Clothing,Premium Cotton T-Shirt,1,39.11,5,37.15,Debit Card
TXN-101146,2023-08-31,CUST1451,Male,24,Beauty,Luxury Floral Perfume,1,121.64,10,109.48,UPI / Digital Wallet
TXN-101147,2023-08-31,CUST1805,Male,22,Electronics,Ultra HD 4K Smart TV,1,519.82,0,519.82,Debit Card
TXN-101148,2023-09-01,CUST1233,Female,52,Home & Kitchen,Cast Iron Dutch Oven,1,83.83,10,75.45,Credit Card
TXN-101149,2023-09-01,CUST1414,Male,37,Home & Kitchen,Cast Iron Dutch Oven,2,90.87,0,181.74,UPI / Digital Wallet
TXN-101150,2023-09-01,CUST1270,Male,30,Clothing,Premium Cotton T-Shirt,1,26.73,5,25.39,Debit Card
TXN-101151,2023-09-01,CUST1507,Male,18,Electronics,Wireless Noise-Canceling Earbuds,1,122.6,0,122.6,Credit Card
TXN-101152,2023-09-01,CUST1302,Male,45,Home & Kitchen,High-Speed Smoothie Blender,2,89.17,0,178.34,Cash
TXN-101153,2023-09-01,CUST1493,Female,26,Clothing,Silk Evening Dress,1,140.43,0,140.43,Credit Card
TXN-101154,2023-09-01,CUST1257,Male,58,Sports & Outdoors,Eco-Friendly Yoga Mat,2,45.98,0,91.96,Credit Card
TXN-101155,2023-09-02,CUST1208,Female,30,Clothing,Formal Wool Blazer,1,175.15,0,175.15,Credit Card
TXN-101156,2023-09-02,CUST1227,Female,51,Home & Kitchen,Espresso Coffee Machine,1,250.89,5,238.35,Credit Card
TXN-101157,2023-09-02,CUST1791,Male,45,Home & Kitchen,Espresso Coffee Machine,3,281.26,0,843.78,UPI / Digital Wallet
TXN-101158,2023-09-02,CUST1684,Male,40,Beauty,Organic Sunscreen SPF 50,1,33.18,0,33.18,Cash
TXN-101159,2023-09-02,CUST1340,Female,61,Clothing,Silk Evening Dress,1,137.68,0,137.68,Debit Card
TXN-101160,2023-09-02,CUST1474,Male,42,Home & Kitchen,Cast Iron Dutch Oven,2,59.24,10,106.63,UPI / Digital Wallet
TXN-101161,2023-09-02,CUST1810,Male,59,Sports & Outdoors,Adjustable Dumbbells Set,1,177.17,5,168.31,Credit Card
TXN-101162,2023-09-02,CUST1245,Male,32,Clothing,Athletic Running Shoes,2,94.58,0,189.16,UPI / Digital Wallet
TXN-101163,2023-09-02,CUST1296,Male,21,Sports & Outdoors,Insulated Thermal Water Bottle,1,23.51,10,21.16,Credit Card
TXN-101164,2023-09-02,CUST1414,Male,37,Electronics,Gaming Laptop 16GB,1,1233.61,0,1233.61,Credit Card
TXN-101165,2023-09-03,CUST1248,Male,40,Clothing,Silk Evening Dress,2,171.24,5,325.36,UPI / Digital Wallet
TXN-101166,2023-09-03,CUST1089,Female,28,Electronics,Gaming Laptop 16GB,2,1144.22,0,2288.44,Debit Card
TXN-101167,2023-09-03,CUST1149,Female,33,Sports & Outdoors,Insulated Thermal Water Bottle,2,35.87,0,71.74,Credit Card
TXN-101168,2023-09-03,CUST1802,Male,54,Home & Kitchen,High-Speed Smoothie Blender,1,101.89,5,96.8,UPI / Digital Wallet
TXN-101169,2023-09-03,CUST1463,Male,51,Electronics,Ultra HD 4K Smart TV,2,658.43,0,1316.86,Credit Card
TXN-101170,2023-09-03,CUST1813,Male,43,Clothing,Formal Wool Blazer,3,156.13,5,444.97,Debit Card
TXN-101171,2023-09-03,CUST1150,Male,40,Sports & Outdoors,Mountain Trail Backpack,1,97.52,0,97.52,Credit Card
TXN-101172,2023-09-03,CUST1308,Male,36,Home & Kitchen,Digital Air Fryer XL,2,131.84,10,237.31,Debit Card
TXN-101173,2023-09-03,CUST1274,Female,30,Beauty,Exfoliating Face Scrub,5,22.31,5,105.97,Debit Card
TXN-101174,2023-09-03,CUST1146,Male,39,Clothing,Classic Denim Jacket,1,81.42,0,81.42,Debit Card
TXN-101175,2023-09-03,CUST1119,Male,18,Clothing,Silk Evening Dress,1,164.1,0,164.1,Credit Card
TXN-101176,2023-09-04,CUST1660,Female,24,Clothing,Silk Evening Dress,4,135.34,0,541.36,Cash
TXN-101177,2023-09-04,CUST1583,Female,59,Clothing,Classic Denim Jacket,1,75.55,0,75.55,UPI / Digital Wallet
TXN-101178,2023-09-04,CUST1463,Male,51,Electronics,Smartphone Pro Max,2,769.27,5,1461.61,Credit Card
TXN-101179,2023-09-04,CUST1692,Female,20,Electronics,Bluetooth Portable Speaker,1,75.36,0,75.36,Credit Card
TXN-101180,2023-09-04,CUST1743,Female,29,Beauty,Hydrating Matte Lipstick,1,26.4,10,23.76,Debit Card
TXN-101181,2023-09-04,CUST1447,Male,36,Clothing,Silk Evening Dress,3,158.56,0,475.68,Debit Card
TXN-101182,2023-09-05,CUST1394,Female,29,Electronics,Gaming Laptop 16GB,1,1322.87,0,1322.87,UPI / Digital Wallet
TXN-101183,2023-09-05,CUST1736,Female,64,Sports & Outdoors,Waterproof Camping Tent,3,193.13,10,521.45,UPI / Digital Wallet
TXN-101184,2023-09-05,CUST1711,Male,25,Electronics,Smartphone Pro Max,1,836.49,0,836.49,Debit Card
TXN-101185,2023-09-05,CUST1846,Female,27,Beauty,Ionic Hair Dryer Pro,2,105.72,0,211.44,Credit Card
TXN-101186,2023-09-06,CUST1358,Male,60,Home & Kitchen,Cast Iron Dutch Oven,1,71.03,5,67.48,Credit Card
TXN-101187,2023-09-06,CUST1703,Female,40,Electronics,Fitness Smartwatch,4,209.01,0,836.04,Credit Card
TXN-101188,2023-09-06,CUST1086,Male,29,Sports & Outdoors,Eco-Friendly Yoga Mat,2,30.94,0,61.88,UPI / Digital Wallet
TXN-101189,2023-09-07,CUST1435,Male,37,Clothing,Formal Wool Blazer,4,196.07,5,745.07,UPI / Digital Wallet
TXN-101190,2023-09-07,CUST1366,Male,37,Home & Kitchen,Non-Stick Cookware Set (10 Pc),2,130.52,10,234.94,UPI / Digital Wallet
TXN-101191,2023-09-07,CUST1722,Female,30,Home & Kitchen,Robot Vacuum Cleaner,1,284.37,0,284.37,Credit Card
TXN-101192,2023-09-07,CUST1618,Male,53,Beauty,Exfoliating Face Scrub,3,21.89,5,62.39,Credit Card
TXN-101193,2023-09-07,CUST1511,Female,45,Beauty,Anti-Aging Facial Serum,4,53.22,5,202.24,Credit Card
TXN-101194,2023-09-07,CUST1321,Male,18,Home & Kitchen,Cast Iron Dutch Oven,2,75.39,0,150.78,Credit Card
TXN-101195,2023-09-08,CUST1214,Male,35,Electronics,Bluetooth Portable Speaker,1,85.89,0,85.89,UPI / Digital Wallet
TXN-101196,2023-09-08,CUST1231,Female,33,Electronics,Smartphone Pro Max,2,785.04,5,1491.58,Debit Card
TXN-101197,2023-09-08,CUST1261,Male,40,Clothing,Casual Chino Pants,1,55.82,0,55.82,UPI / Digital Wallet
TXN-101198,2023-09-09,CUST1121,Male,34,Electronics,Smartphone Pro Max,2,909.77,10,1637.59,Debit Card
TXN-101199,2023-09-09,CUST1145,Female,31,Clothing,Casual Chino Pants,1,58.15,5,55.24,UPI / Digital Wallet
TXN-101200,2023-09-09,CUST1625,Female,36,Electronics,Gaming Laptop 16GB,1,1176.29,0,1176.29,UPI / Digital Wallet
TXN-101201,2023-09-09,CUST1307,Female,47,Electronics,Wireless Noise-Canceling Earbuds,4,167.38,10,602.57,Credit Card
TXN-101202,2023-09-09,CUST1478,Male,34,Electronics,Wireless Noise-Canceling Earbuds,2,152.9,0,305.8,UPI / Digital Wallet
TXN-101203,2023-09-10,CUST1302,Male,45,Clothing,Classic Denim Jacket,2,77.53,5,147.31,Cash
TXN-101204,2023-09-10,CUST1605,Female,38,Beauty,Organic Sunscreen SPF 50,1,31.17,0,31.17,Credit Card
TXN-101205,2023-09-10,CUST1744,Female,24,Clothing,Formal Wool Blazer,2,184.02,0,368.04,Debit Card
TXN-101206,2023-09-11,CUST1803,Male,46,Sports & Outdoors,Waterproof Camping Tent,1,207.15,0,207.15,Debit Card
TXN-101207,2023-09-11,CUST1559,Male,54,Sports & Outdoors,Mountain Trail Backpack,1,88.06,5,83.66,UPI / Digital Wallet
TXN-101208,2023-09-11,CUST1305,Male,55,Home & Kitchen,Robot Vacuum Cleaner,2,284.04,10,511.27,Credit Card
TXN-101209,2023-09-11,CUST1103,Female,47,Clothing,Silk Evening Dress,1,118.52,0,118.52,UPI / Digital Wallet
TXN-101210,2023-09-11,CUST1444,Male,50,Beauty,Exfoliating Face Scrub,1,27.1,10,24.39,UPI / Digital Wallet
TXN-101211,2023-09-12,CUST1276,Male,19,Sports & Outdoors,High-Tension Resistance Bands,2,28.1,0,56.2,Debit Card
TXN-101212,2023-09-12,CUST1348,Female,47,Electronics,Fitness Smartwatch,1,208.59,5,198.16,Cash
TXN-101213,2023-09-12,CUST1105,Female,39,Home & Kitchen,Non-Stick Cookware Set (10 Pc),1,194.04,10,174.64,Credit Card
TXN-101214,2023-09-12,CUST1592,Female,41,Clothing,Casual Chino Pants,1,54.5,0,54.5,Debit Card
TXN-101215,2023-09-12,CUST1422,Female,57,Beauty,Anti-Aging Facial Serum,2,60.08,10,108.14,Credit Card
TXN-101216,2023-09-12,CUST1249,Male,38,Electronics,Ultra HD 4K Smart TV,2,661.99,0,1323.98,UPI / Digital Wallet
TXN-101217,2023-09-12,CUST1721,Female,51,Electronics,Smartphone Pro Max,1,936.54,0,936.54,UPI / Digital Wallet
TXN-101218,2023-09-13,CUST1611,Male,26,Electronics,Smartphone Pro Max,1,899.4,10,809.46,UPI / Digital Wallet
TXN-101219,2023-09-13,CUST1128,Female,45,Clothing,Classic Denim Jacket,2,65.73,0,131.46,UPI / Digital Wallet
TXN-101220,2023-09-13,CUST1807,Male,26,Home & Kitchen,Cast Iron Dutch Oven,2,81.66,10,146.99,UPI / Digital Wallet
TXN-101221,2023-09-14,CUST1404,Female,48,Electronics,Fitness Smartwatch,1,190.9,0,190.9,Debit Card
TXN-101222,2023-09-14,CUST1020,Male,23,Sports & Outdoors,Waterproof Camping Tent,2,194.17,0,388.34,Cash
TXN-101223,2023-09-14,CUST1370,Female,38,Beauty,Luxury Floral Perfume,2,137.16,10,246.89,Credit Card
TXN-101224,2023-09-14,CUST1093,Male,19,Electronics,Gaming Laptop 16GB,2,1123.49,5,2134.63,Debit Card
TXN-101225,2023-09-15,CUST1518,Male,28,Sports & Outdoors,Insulated Thermal Water Bottle,1,29.75,0,29.75,Credit Card
TXN-101226,2023-09-15,CUST1656,Female,56,Clothing,Formal Wool Blazer,3,194.91,0,584.73,UPI / Digital Wallet
TXN-101227,2023-09-15,CUST1669,Female,18,Electronics,Ultra HD 4K Smart TV,1,758.03,5,720.13,UPI / Digital Wallet
TXN-101228,2023-09-15,CUST1285,Female,49,Electronics,Fitness Smartwatch,1,249.08,10,224.17,Credit Card
TXN-101229,2023-09-15,CUST1324,Male,48,Clothing,Casual Chino Pants,2,64.3,10,115.74,Credit Card
TXN-101230,2023-09-15,CUST1295,Male,42,Electronics,Bluetooth Portable Speaker,1,60.48,0,60.48,Cash
TXN-101231,2023-09-16,CUST1103,Female,47,Home & Kitchen,Digital Air Fryer XL,1,110.4,0,110.4,UPI / Digital Wallet
TXN-101232,2023-09-16,CUST1386,Female,52,Sports & Outdoors,Waterproof Camping Tent,5,212.94,0,1064.7,Credit Card
TXN-101233,2023-09-16,CUST1669,Female,18,Home & Kitchen,High-Speed Smoothie Blender,3,106.07,0,318.21,Credit Card
TXN-101234,2023-09-16,CUST1028,Male,22,Clothing,Athletic Running Shoes,3,98.52,10,266.0,Cash
TXN-101235,2023-09-16,CUST1628,Female,27,Electronics,Wireless Noise-Canceling Earbuds,2,149.14,5,283.37,Debit Card
TXN-101236,2023-09-17,CUST1030,Male,34,Beauty,Exfoliating Face Scrub,2,21.13,0,42.26,UPI / Digital Wallet
TXN-101237,2023-09-17,CUST1663,Female,35,Sports & Outdoors,Adjustable Dumbbells Set,1,190.7,10,171.63,Credit Card
TXN-101238,2023-09-17,CUST1032,Female,47,Clothing,Formal Wool Blazer,5,162.9,0,814.5,Credit Card
TXN-101239,2023-09-17,CUST1183,Male,35,Electronics,Wireless Noise-Canceling Earbuds,3,180.94,5,515.68,UPI / Digital Wallet
TXN-101240,2023-09-18,CUST1402,Female,45,Beauty,Luxury Floral Perfume,1,101.62,0,101.62,UPI / Digital Wallet
TXN-101241,2023-09-18,CUST1338,Female,24,Clothing,Athletic Running Shoes,1,128.83,0,128.83,Credit Card
TXN-101242,2023-09-18,CUST1736,Female,64,Sports & Outdoors,High-Tension Resistance Bands,2,19.46,0,38.92,Credit Card
TXN-101243,2023-09-18,CUST1000,Female,38,Clothing,Formal Wool Blazer,1,180.25,5,171.24,Cash
TXN-101244,2023-09-19,CUST1398,Male,30,Clothing,Classic Denim Jacket,1,86.84,5,82.5,UPI / Digital Wallet
TXN-101245,2023-09-19,CUST1256,Male,41,Electronics,Ultra HD 4K Smart TV,1,667.85,0,667.85,Credit Card
TXN-101246,2023-09-19,CUST1509,Male,69,Beauty,Organic Sunscreen SPF 50,3,36.07,5,102.8,Debit Card
TXN-101247,2023-09-19,CUST1679,Male,33,Home & Kitchen,Digital Air Fryer XL,2,111.63,0,223.26,Cash
TXN-101248,2023-09-19,CUST1572,Female,50,Electronics,Ultra HD 4K Smart TV,1,717.8,10,646.02,Credit Card
TXN-101249,2023-09-19,CUST1302,Male,45,Electronics,Wireless Noise-Canceling Earbuds,1,175.14,0,175.14,Credit Card
TXN-101250,2023-09-19,CUST1220,Male,31,Electronics,Fitness Smartwatch,2,215.62,0,431.24,Credit Card
TXN-101251,2023-09-19,CUST1482,Female,45,Electronics,Fitness Smartwatch,2,175.95,0,351.9,Credit Card
TXN-101252,2023-09-19,CUST1094,Male,25,Sports & Outdoors,Adjustable Dumbbells Set,1,229.47,10,206.52,Credit Card
TXN-101253,2023-09-19,CUST1307,Female,47,Home & Kitchen,Digital Air Fryer XL,2,154.12,5,292.83,Credit Card
TXN-101254,2023-09-20,CUST1679,Male,33,Electronics,Wireless Noise-Canceling Earbuds,3,179.28,5,510.95,UPI / Digital Wallet
TXN-101255,2023-09-20,CUST1071,Female,42,Electronics,Bluetooth Portable Speaker,1,84.26,0,84.26,Credit Card
TXN-101256,2023-09-20,CUST1791,Male,45,Beauty,Hydrating Matte Lipstick,2,28.75,0,57.5,Cash
TXN-101257,2023-09-22,CUST1688,Male,50,Beauty,Anti-Aging Facial Serum,1,69.92,0,69.92,Credit Card
TXN-101258,2023-09-22,CUST1563,Female,65,Home & Kitchen,Cast Iron Dutch Oven,1,86.84,5,82.5,UPI / Digital Wallet
TXN-101259,2023-09-22,CUST1802,Male,54,Beauty,Anti-Aging Facial Serum,3,59.83,0,179.49,UPI / Digital Wallet
TXN-101260,2023-09-22,CUST1171,Female,31,Electronics,Wireless Noise-Canceling Earbuds,1,142.44,0,142.44,Cash
TXN-101261,2023-09-22,CUST1544,Male,39,Electronics,Bluetooth Portable Speaker,4,85.12,0,340.48,Cash
TXN-101262,2023-09-22,CUST1140,Male,37,Electronics,Bluetooth Portable Speaker,1,81.43,5,77.36,Credit Card
TXN-101263,2023-09-22,CUST1007,Male,30,Electronics,Smartphone Pro Max,4,832.88,5,3164.94,Credit Card
TXN-101264,2023-09-23,CUST1372,Female,45,Clothing,Premium Cotton T-Shirt,2,33.2,0,66.4,Cash
TXN-101265,2023-09-23,CUST1685,Male,38,Electronics,Bluetooth Portable Speaker,2,66.26,0,132.52,Credit Card
TXN-101266,2023-09-23,CUST1109,Female,28,Clothing,Athletic Running Shoes,2,142.12,0,284.24,Cash
TXN-101267,2023-09-23,CUST1338,Female,24,Sports & Outdoors,Mountain Trail Backpack,4,118.31,0,473.24,Credit Card
TXN-101268,2023-09-23,CUST1494,Female,25,Electronics,Gaming Laptop 16GB,1,1330.09,0,1330.09,UPI / Digital Wallet
TXN-101269,2023-09-24,CUST1530,Male,25,Electronics,Ultra HD 4K Smart TV,2,697.92,0,1395.84,Cash
TXN-101270,2023-09-24,CUST1181,Female,25,Electronics,Ultra HD 4K Smart TV,1,640.65,10,576.59,UPI / Digital Wallet
TXN-101271,2023-09-24,CUST1637,Female,48,Beauty,Luxury Floral Perfume,1,100.75,0,100.75,Credit Card
TXN-101272,2023-09-24,CUST1116,Male,46,Clothing,Formal Wool Blazer,2,166.43,0,332.86,Credit Card
TXN-101273,2023-09-24,CUST1202,Female,30,Electronics,Fitness Smartwatch,2,239.54,5,455.13,Debit Card
TXN-101274,2023-09-24,CUST1803,Male,46,Clothing,Casual Chino Pants,2,54.89,5,104.29,Credit Card
TXN-101275,2023-09-25,CUST1768,Female,24,Clothing,Silk Evening Dress,1,150.21,5,142.7,Debit Card
TXN-101276,2023-09-25,CUST1772,Female,35,Electronics,Ultra HD 4K Smart TV,1,702.86,0,702.86,Credit Card
TXN-101277,2023-09-25,CUST1097,Female,51,Home & Kitchen,Non-Stick Cookware Set (10 Pc),2,168.92,5,320.95,Credit Card
TXN-101278,2023-09-25,CUST1097,Female,51,Beauty,Ionic Hair Dryer Pro,2,103.79,10,186.82,Credit Card
TXN-101279,2023-09-25,CUST1264,Male,51,Beauty,Exfoliating Face Scrub,3,16.51,0,49.53,Cash
TXN-101280,2023-09-25,CUST1338,Female,24,Home & Kitchen,Non-Stick Cookware Set (10 Pc),2,146.27,0,292.54,Cash
TXN-101281,2023-09-25,CUST1182,Male,50,Home & Kitchen,Non-Stick Cookware Set (10 Pc),1,184.25,0,184.25,Cash
TXN-101282,2023-09-25,CUST1690,Female,18,Beauty,Anti-Aging Facial Serum,1,49.02,5,46.57,Credit Card
TXN-101283,2023-09-26,CUST1070,Male,38,Clothing,Classic Denim Jacket,1,95.18,5,90.42,Credit Card
TXN-101284,2023-09-26,CUST1057,Female,43,Electronics,Smartphone Pro Max,5,893.8,0,4469.0,Credit Card
TXN-101285,2023-09-26,CUST1393,Male,55,Home & Kitchen,High-Speed Smoothie Blender,1,83.84,5,79.65,Credit Card
TXN-101286,2023-09-27,CUST1236,Female,51,Clothing,Premium Cotton T-Shirt,1,32.55,0,32.55,UPI / Digital Wallet
TXN-101287,2023-09-27,CUST1117,Female,50,Electronics,Wireless Noise-Canceling Earbuds,5,141.59,0,707.95,Cash
TXN-101288,2023-09-27,CUST1588,Female,29,Electronics,Bluetooth Portable Speaker,1,81.9,0,81.9,Debit Card
TXN-101289,2023-09-27,CUST1071,Female,42,Clothing,Formal Wool Blazer,1,176.58,0,176.58,UPI / Digital Wallet
TXN-101290,2023-09-27,CUST1583,Female,59,Beauty,Luxury Floral Perfume,1,98.99,5,94.04,Debit Card
TXN-101291,2023-09-27,CUST1022,Female,50,Clothing,Silk Evening Dress,2,174.59,0,349.18,Cash
TXN-101292,2023-09-27,CUST1660,Female,24,Home & Kitchen,Non-Stick Cookware Set (10 Pc),2,189.14,5,359.37,Debit Card
TXN-101293,2023-09-27,CUST1074,Male,40,Sports & Outdoors,Adjustable Dumbbells Set,2,211.03,0,422.06,Credit Card
TXN-101294,2023-09-28,CUST1116,Male,46,Beauty,Organic Sunscreen SPF 50,2,34.11,10,61.4,UPI / Digital Wallet
TXN-101295,2023-09-28,CUST1050,Male,21,Clothing,Athletic Running Shoes,3,92.82,10,250.61,Debit Card
TXN-101296,2023-09-28,CUST1484,Male,34,Electronics,Gaming Laptop 16GB,2,1204.37,0,2408.74,Debit Card
TXN-101297,2023-09-28,CUST1708,Female,53,Home & Kitchen,Robot Vacuum Cleaner,1,319.98,5,303.98,Credit Card
TXN-101298,2023-09-28,CUST1598,Female,53,Home & Kitchen,Robot Vacuum Cleaner,1,280.83,10,252.75,Credit Card
TXN-101299,2023-09-28,CUST1765,Male,51,Home & Kitchen,Digital Air Fryer XL,3,129.93,5,370.3,Debit Card
TXN-101300,2023-09-28,CUST1441,Male,18,Beauty,Ionic Hair Dryer Pro,2,98.6,5,187.34,Cash
TXN-101301,2023-09-28,CUST1001,Male,37,Electronics,Gaming Laptop 16GB,1,1172.24,0,1172.24,Credit Card
TXN-101302,2023-09-29,CUST1747,Male,47,Electronics,Ultra HD 4K Smart TV,2,687.26,0,1374.52,Credit Card
TXN-101303,2023-09-29,CUST1490,Female,23,Beauty,Ionic Hair Dryer Pro,1,88.56,0,88.56,UPI / Digital Wallet
TXN-101304,2023-09-29,CUST1148,Female,32,Beauty,Ionic Hair Dryer Pro,1,115.25,0,115.25,Debit Card
TXN-101305,2023-09-29,CUST1437,Male,38,Electronics,Ultra HD 4K Smart TV,3,627.59,0,1882.77,UPI / Digital Wallet
TXN-101306,2023-09-30,CUST1315,Male,29,Home & Kitchen,Espresso Coffee Machine,1,262.14,0,262.14,Credit Card
TXN-101307,2023-09-30,CUST1070,Male,38,Beauty,Organic Sunscreen SPF 50,1,32.45,0,32.45,UPI / Digital Wallet
TXN-101308,2023-09-30,CUST1449,Female,24,Clothing,Formal Wool Blazer,1,169.18,5,160.72,Credit Card
TXN-101309,2023-09-30,CUST1812,Female,22,Electronics,Fitness Smartwatch,1,209.45,5,198.98,Debit Card
TXN-101310,2023-09-30,CUST1747,Male,47,Beauty,Luxury Floral Perfume,1,148.97,0,148.97,Credit Card
TXN-101311,2023-09-30,CUST1182,Male,50,Home & Kitchen,Espresso Coffee Machine,1,321.31,0,321.31,Credit Card
TXN-101312,2023-10-01,CUST1541,Male,45,Clothing,Formal Wool Blazer,1,204.64,10,184.18,Credit Card
TXN-101313,2023-10-01,CUST1527,Female,18,Beauty,Hydrating Matte Lipstick,1,33.17,10,29.85,Cash
TXN-101314,2023-10-01,CUST1284,Male,21,Sports & Outdoors,Mountain Trail Backpack,1,80.85,10,72.77,UPI / Digital Wallet
TXN-101315,2023-10-01,CUST1717,Male,18,Clothing,Athletic Running Shoes,1,107.75,0,107.75,Cash
TXN-101316,2023-10-02,CUST1652,Male,52,Home & Kitchen,High-Speed Smoothie Blender,5,77.5,0,387.5,UPI / Digital Wallet
TXN-101317,2023-10-02,CUST1825,Male,33,Electronics,Smartphone Pro Max,1,801.74,0,801.74,UPI / Digital Wallet
TXN-101318,2023-10-02,CUST1519,Female,34,Beauty,Exfoliating Face Scrub,2,25.05,10,45.09,UPI / Digital Wallet
TXN-101319,2023-10-03,CUST1801,Female,42,Electronics,Wireless Noise-Canceling Earbuds,1,147.77,10,132.99,Credit Card
TXN-101320,2023-10-03,CUST1419,Male,31,Beauty,Hydrating Matte Lipstick,1,19.41,0,19.41,Debit Card
TXN-101321,2023-10-03,CUST1644,Female,29,Clothing,Premium Cotton T-Shirt,3,24.69,10,66.66,Debit Card
TXN-101322,2023-10-03,CUST1032,Female,47,Sports & Outdoors,Insulated Thermal Water Bottle,4,33.05,10,118.98,UPI / Digital Wallet
TXN-101323,2023-10-03,CUST1504,Male,18,Electronics,Ultra HD 4K Smart TV,1,619.25,0,619.25,Credit Card
TXN-101324,2023-10-03,CUST1064,Female,42,Clothing,Casual Chino Pants,1,68.45,5,65.03,UPI / Digital Wallet
TXN-101325,2023-10-03,CUST1458,Female,39,Electronics,Bluetooth Portable Speaker,1,81.31,0,81.31,Debit Card
TXN-101326,2023-10-04,CUST1840,Female,64,Sports & Outdoors,Adjustable Dumbbells Set,1,192.91,0,192.91,Credit Card
TXN-101327,2023-10-04,CUST1614,Male,52,Beauty,Anti-Aging Facial Serum,2,63.24,0,126.48,Debit Card
TXN-101328,2023-10-04,CUST1358,Male,60,Electronics,Smartphone Pro Max,1,883.23,0,883.23,Debit Card
TXN-101329,2023-10-04,CUST1817,Female,38,Electronics,Smartphone Pro Max,4,771.96,0,3087.84,Debit Card
TXN-101330,2023-10-04,CUST1110,Female,37,Home & Kitchen,Espresso Coffee Machine,1,254.49,0,254.49,Credit Card
TXN-101331,2023-10-04,CUST1056,Female,30,Sports & Outdoors,Insulated Thermal Water Bottle,1,33.74,0,33.74,Debit Card
TXN-101332,2023-10-04,CUST1495,Female,18,Clothing,Casual Chino Pants,1,49.92,5,47.42,Cash
TXN-101333,2023-10-05,CUST1720,Male,29,Clothing,Casual Chino Pants,1,62.74,5,59.6,Credit Card
TXN-101334,2023-10-05,CUST1765,Male,51,Home & Kitchen,Espresso Coffee Machine,1,307.72,0,307.72,Credit Card
TXN-101335,2023-10-05,CUST1669,Female,18,Clothing,Formal Wool Blazer,1,175.38,0,175.38,UPI / Digital Wallet
TXN-101336,2023-10-05,CUST1400,Female,37,Sports & Outdoors,High-Tension Resistance Bands,2,23.91,0,47.82,Debit Card
TXN-101337,2023-10-06,CUST1792,Female,54,Sports & Outdoors,Eco-Friendly Yoga Mat,3,53.48,0,160.44,Credit Card
TXN-101338,2023-10-06,CUST1164,Female,31,Clothing,Premium Cotton T-Shirt,1,28.33,5,26.91,Credit Card
TXN-101339,2023-10-06,CUST1562,Female,27,Beauty,Hydrating Matte Lipstick,1,26.12,0,26.12,Credit Card
TXN-101340,2023-10-06,CUST1274,Female,30,Clothing,Classic Denim Jacket,1,76.13,0,76.13,Credit Card
TXN-101341,2023-10-06,CUST1314,Male,39,Electronics,Gaming Laptop 16GB,1,1093.49,5,1038.82,Credit Card
TXN-101342,2023-10-06,CUST1364,Male,44,Electronics,Fitness Smartwatch,1,228.64,5,217.21,UPI / Digital Wallet
TXN-101343,2023-10-06,CUST1562,Female,27,Clothing,Premium Cotton T-Shirt,2,33.3,0,66.6,Credit Card
TXN-101344,2023-10-06,CUST1248,Male,40,Clothing,Formal Wool Blazer,1,197.22,5,187.36,Debit Card
TXN-101345,2023-10-07,CUST1124,Female,40,Clothing,Casual Chino Pants,1,55.54,5,52.76,Credit Card
TXN-101346,2023-10-07,CUST1250,Female,20,Beauty,Ionic Hair Dryer Pro,1,92.13,5,87.52,Credit Card
TXN-101347,2023-10-07,CUST1748,Male,50,Beauty,Ionic Hair Dryer Pro,1,100.96,0,100.96,Credit Card
TXN-101348,2023-10-07,CUST1177,Female,28,Electronics,Wireless Noise-Canceling Earbuds,1,169.17,0,169.17,Credit Card
TXN-101349,2023-10-07,CUST1366,Male,37,Home & Kitchen,Robot Vacuum Cleaner,1,351.48,5,333.91,Debit Card
TXN-101350,2023-10-07,CUST1116,Male,46,Beauty,Luxury Floral Perfume,3,111.41,10,300.81,Cash
TXN-101351,2023-10-07,CUST1754,Female,55,Home & Kitchen,Espresso Coffee Machine,1,343.06,5,325.91,UPI / Digital Wallet
TXN-101352,2023-10-07,CUST1134,Male,43,Sports & Outdoors,Insulated Thermal Water Bottle,1,22.55,5,21.42,Credit Card
TXN-101353,2023-10-08,CUST1763,Male,44,Clothing,Silk Evening Dress,1,121.47,0,121.47,UPI / Digital Wallet
TXN-101354,2023-10-08,CUST1064,Female,42,Electronics,Gaming Laptop 16GB,1,1204.75,5,1144.51,Debit Card
TXN-101355,2023-10-08,CUST1611,Male,26,Sports & Outdoors,Mountain Trail Backpack,1,116.93,5,111.08,Credit Card
TXN-101356,2023-10-09,CUST1688,Male,50,Home & Kitchen,Robot Vacuum Cleaner,1,321.45,5,305.38,Credit Card
TXN-101357,2023-10-09,CUST1587,Female,24,Home & Kitchen,Robot Vacuum Cleaner,1,268.85,10,241.96,Cash
TXN-101358,2023-10-09,CUST1145,Female,31,Electronics,Bluetooth Portable Speaker,1,102.08,5,96.98,Debit Card
TXN-101359,2023-10-10,CUST1523,Male,23,Home & Kitchen,Cast Iron Dutch Oven,1,82.16,5,78.05,Debit Card
TXN-101360,2023-10-10,CUST1184,Female,37,Beauty,Organic Sunscreen SPF 50,1,43.17,0,43.17,UPI / Digital Wallet
TXN-101361,2023-10-10,CUST1637,Female,48,Clothing,Casual Chino Pants,2,65.21,0,130.42,Credit Card
TXN-101362,2023-10-10,CUST1757,Male,66,Clothing,Formal Wool Blazer,1,158.36,5,150.44,Debit Card
TXN-101363,2023-10-10,CUST1247,Male,54,Home & Kitchen,Non-Stick Cookware Set (10 Pc),1,191.88,0,191.88,Debit Card
TXN-101364,2023-10-11,CUST1160,Female,41,Electronics,Gaming Laptop 16GB,1,1276.27,5,1212.46,Credit Card
TXN-101365,2023-10-11,CUST1618,Male,53,Clothing,Formal Wool Blazer,3,186.12,10,502.52,Credit Card
TXN-101366,2023-10-11,CUST1519,Female,34,Home & Kitchen,Robot Vacuum Cleaner,1,277.96,0,277.96,Cash
TXN-101367,2023-10-11,CUST1042,Female,50,Home & Kitchen,Non-Stick Cookware Set (10 Pc),3,206.3,0,618.9,UPI / Digital Wallet
TXN-101368,2023-10-12,CUST1730,Female,54,Clothing,Athletic Running Shoes,3,82.23,0,246.69,Credit Card
TXN-101369,2023-10-12,CUST1568,Male,35,Clothing,Premium Cotton T-Shirt,2,23.8,0,47.6,Credit Card
TXN-101370,2023-10-12,CUST1041,Female,21,Beauty,Ionic Hair Dryer Pro,1,100.71,0,100.71,Credit Card
TXN-101371,2023-10-13,CUST1510,Male,55,Sports & Outdoors,Adjustable Dumbbells Set,2,193.05,0,386.1,Credit Card
TXN-101372,2023-10-13,CUST1464,Male,52,Electronics,Smartphone Pro Max,1,954.56,0,954.56,Debit Card
TXN-101373,2023-10-13,CUST1798,Male,45,Sports & Outdoors,Insulated Thermal Water Bottle,1,36.03,5,34.23,Debit Card
TXN-101374,2023-10-13,CUST1573,Male,66,Beauty,Hydrating Matte Lipstick,3,28.64,0,85.92,Credit Card
TXN-101375,2023-10-14,CUST1835,Female,70,Clothing,Classic Denim Jacket,1,67.75,0,67.75,Credit Card
TXN-101376,2023-10-14,CUST1127,Male,45,Beauty,Anti-Aging Facial Serum,1,58.04,5,55.14,Credit Card
TXN-101377,2023-10-14,CUST1244,Female,42,Clothing,Formal Wool Blazer,1,195.67,0,195.67,Debit Card
TXN-101378,2023-10-15,CUST1300,Female,42,Beauty,Ionic Hair Dryer Pro,2,104.25,0,208.5,UPI / Digital Wallet
TXN-101379,2023-10-15,CUST1784,Female,46,Electronics,Ultra HD 4K Smart TV,2,620.44,0,1240.88,Credit Card
TXN-101380,2023-10-15,CUST1388,Male,35,Clothing,Athletic Running Shoes,3,112.55,0,337.65,Credit Card
TXN-101381,2023-10-15,CUST1409,Female,23,Beauty,Anti-Aging Facial Serum,3,72.2,0,216.6,Debit Card
TXN-101382,2023-10-15,CUST1038,Male,45,Clothing,Classic Denim Jacket,5,73.86,10,332.37,Credit Card
TXN-101383,2023-10-15,CUST1358,Male,60,Electronics,Ultra HD 4K Smart TV,2,663.11,0,1326.22,Cash
TXN-101384,2023-10-16,CUST1140,Male,37,Clothing,Silk Evening Dress,1,136.58,0,136.58,UPI / Digital Wallet
TXN-101385,2023-10-16,CUST1531,Male,35,Beauty,Ionic Hair Dryer Pro,2,73.15,5,138.98,Credit Card
TXN-101386,2023-10-16,CUST1280,Male,24,Sports & Outdoors,Eco-Friendly Yoga Mat,1,44.3,0,44.3,Debit Card
TXN-101387,2023-10-16,CUST1184,Female,37,Electronics,Smartphone Pro Max,4,847.65,0,3390.6,Credit Card
TXN-101388,2023-10-16,CUST1395,Male,43,Electronics,Smartphone Pro Max,1,781.54,0,781.54,UPI / Digital Wallet
TXN-101389,2023-10-16,CUST1597,Female,42,Beauty,Organic Sunscreen SPF 50,1,32.54,5,30.91,Debit Card
TXN-101390,2023-10-17,CUST1083,Female,51,Home & Kitchen,Non-Stick Cookware Set (10 Pc),3,209.33,10,565.19,Debit Card
TXN-101391,2023-10-17,CUST1100,Female,44,Beauty,Exfoliating Face Scrub,1,18.37,0,18.37,UPI / Digital Wallet
TXN-101392,2023-10-17,CUST1341,Female,46,Beauty,Exfoliating Face Scrub,1,20.51,0,20.51,UPI / Digital Wallet
TXN-101393,2023-10-17,CUST1657,Female,45,Clothing,Casual Chino Pants,1,45.65,10,41.08,Credit Card
TXN-101394,2023-10-17,CUST1272,Male,58,Sports & Outdoors,Mountain Trail Backpack,1,84.47,0,84.47,Credit Card
TXN-101395,2023-10-17,CUST1395,Male,43,Home & Kitchen,Robot Vacuum Cleaner,2,340.39,10,612.7,Credit Card
TXN-101396,2023-10-18,CUST1477,Male,43,Electronics,Fitness Smartwatch,4,257.69,10,927.68,Debit Card
TXN-101397,2023-10-18,CUST1085,Female,21,Beauty,Luxury Floral Perfume,1,94.61,10,85.15,UPI / Digital Wallet
TXN-101398,2023-10-18,CUST1119,Male,18,Sports & Outdoors,Eco-Friendly Yoga Mat,1,52.58,0,52.58,Credit Card
TXN-101399,2023-10-18,CUST1227,Female,51,Home & Kitchen,High-Speed Smoothie Blender,4,79.76,0,319.04,Credit Card
TXN-101400,2023-10-18,CUST1235,Male,44,Electronics,Bluetooth Portable Speaker,1,78.29,0,78.29,UPI / Digital Wallet
TXN-101401,2023-10-19,CUST1835,Female,70,Electronics,Ultra HD 4K Smart TV,1,666.89,0,666.89,Credit Card
TXN-101402,2023-10-19,CUST1523,Male,23,Clothing,Silk Evening Dress,1,143.39,0,143.39,Debit Card
TXN-101403,2023-10-20,CUST1651,Male,37,Electronics,Fitness Smartwatch,3,159.37,0,478.11,Credit Card
TXN-101404,2023-10-20,CUST1607,Female,26,Electronics,Bluetooth Portable Speaker,1,92.56,0,92.56,Debit Card
TXN-101405,2023-10-20,CUST1826,Female,60,Home & Kitchen,Digital Air Fryer XL,2,134.66,0,269.32,Credit Card
TXN-101406,2023-10-20,CUST1177,Female,28,Sports & Outdoors,Eco-Friendly Yoga Mat,1,46.27,0,46.27,Credit Card
TXN-101407,2023-10-20,CUST1447,Male,36,Sports & Outdoors,Waterproof Camping Tent,3,218.32,0,654.96,Debit Card
TXN-101408,2023-10-20,CUST1427,Male,64,Electronics,Ultra HD 4K Smart TV,2,721.89,0,1443.78,Cash
TXN-101409,2023-10-20,CUST1155,Female,32,Home & Kitchen,Espresso Coffee Machine,1,318.09,0,318.09,Cash
TXN-101410,2023-10-21,CUST1611,Male,26,Sports & Outdoors,High-Tension Resistance Bands,1,27.27,0,27.27,Cash
TXN-101411,2023-10-21,CUST1105,Female,39,Electronics,Gaming Laptop 16GB,1,1103.46,10,993.11,Credit Card
TXN-101412,2023-10-21,CUST1011,Male,57,Electronics,Smartphone Pro Max,1,843.05,5,800.9,Debit Card
TXN-101413,2023-10-21,CUST1301,Male,43,Beauty,Luxury Floral Perfume,5,122.57,5,582.21,UPI / Digital Wallet
TXN-101414,2023-10-21,CUST1016,Female,33,Clothing,Premium Cotton T-Shirt,1,41.19,5,39.13,UPI / Digital Wallet
TXN-101415,2023-10-21,CUST1766,Male,33,Electronics,Gaming Laptop 16GB,1,1319.72,5,1253.73,UPI / Digital Wallet
TXN-101416,2023-10-22,CUST1326,Male,25,Electronics,Fitness Smartwatch,2,231.06,0,462.12,Cash
TXN-101417,2023-10-22,CUST1829,Female,50,Clothing,Athletic Running Shoes,1,104.73,0,104.73,Debit Card
TXN-101418,2023-10-22,CUST1618,Male,53,Clothing,Formal Wool Blazer,2,199.99,5,379.98,Debit Card
TXN-101419,2023-10-22,CUST1698,Female,30,Clothing,Silk Evening Dress,1,169.81,5,161.32,Credit Card
TXN-101420,2023-10-22,CUST1120,Male,28,Clothing,Premium Cotton T-Shirt,1,31.91,10,28.72,UPI / Digital Wallet
TXN-101421,2023-10-22,CUST1074,Male,40,Electronics,Wireless Noise-Canceling Earbuds,3,136.46,0,409.38,Credit Card
TXN-101422,2023-10-22,CUST1760,Female,38,Clothing,Classic Denim Jacket,2,69.32,0,138.64,Credit Card
TXN-101423,2023-10-22,CUST1316,Female,48,Electronics,Wireless Noise-Canceling Earbuds,1,151.13,0,151.13,UPI / Digital Wallet
TXN-101424,2023-10-22,CUST1438,Male,47,Electronics,Bluetooth Portable Speaker,2,83.83,0,167.66,Credit Card
TXN-101425,2023-10-23,CUST1075,Male,25,Clothing,Classic Denim Jacket,2,75.81,0,151.62,Debit Card
TXN-101426,2023-10-23,CUST1838,Male,58,Home & Kitchen,Non-Stick Cookware Set (10 Pc),2,172.52,0,345.04,UPI / Digital Wallet
TXN-101427,2023-10-23,CUST1583,Female,59,Electronics,Ultra HD 4K Smart TV,1,619.16,0,619.16,Credit Card
TXN-101428,2023-10-23,CUST1409,Female,23,Electronics,Ultra HD 4K Smart TV,3,621.03,0,1863.09,UPI / Digital Wallet
TXN-101429,2023-10-23,CUST1277,Male,18,Electronics,Smartphone Pro Max,1,900.01,5,855.01,UPI / Digital Wallet
TXN-101430,2023-10-24,CUST1297,Female,56,Home & Kitchen,Non-Stick Cookware Set (10 Pc),1,189.15,0,189.15,UPI / Digital Wallet
TXN-101431,2023-10-24,CUST1455,Female,40,Beauty,Anti-Aging Facial Serum,1,64.61,0,64.61,UPI / Digital Wallet
TXN-101432,2023-10-24,CUST1513,Male,49,Home & Kitchen,Robot Vacuum Cleaner,3,307.91,0,923.73,Debit Card
TXN-101433,2023-10-24,CUST1619,Male,39,Electronics,Bluetooth Portable Speaker,1,76.41,10,68.77,UPI / Digital Wallet
TXN-101434,2023-10-24,CUST1041,Female,21,Electronics,Fitness Smartwatch,1,195.84,0,195.84,Credit Card
TXN-101435,2023-10-24,CUST1220,Male,31,Electronics,Gaming Laptop 16GB,3,1220.94,0,3662.82,UPI / Digital Wallet
TXN-101436,2023-10-25,CUST1029,Female,47,Electronics,Fitness Smartwatch,2,242.33,0,484.66,Debit Card
TXN-101437,2023-10-25,CUST1364,Male,44,Home & Kitchen,Cast Iron Dutch Oven,1,72.87,0,72.87,UPI / Digital Wallet
TXN-101438,2023-10-25,CUST1805,Male,22,Clothing,Formal Wool Blazer,2,178.03,0,356.06,Credit Card
TXN-101439,2023-10-26,CUST1142,Female,38,Beauty,Anti-Aging Facial Serum,1,56.94,10,51.25,UPI / Digital Wallet
TXN-101440,2023-10-26,CUST1818,Female,27,Home & Kitchen,Digital Air Fryer XL,2,135.03,0,270.06,Cash
TXN-101441,2023-10-26,CUST1579,Female,59,Sports & Outdoors,High-Tension Resistance Bands,5,27.76,0,138.8,Credit Card
TXN-101442,2023-10-26,CUST1532,Male,45,Sports & Outdoors,Adjustable Dumbbells Set,2,176.2,10,317.16,UPI / Digital Wallet
TXN-101443,2023-10-26,CUST1068,Female,40,Electronics,Ultra HD 4K Smart TV,1,672.72,5,639.08,Debit Card
TXN-101444,2023-10-27,CUST1097,Female,51,Sports & Outdoors,Insulated Thermal Water Bottle,1,28.33,0,28.33,Debit Card
TXN-101445,2023-10-27,CUST1408,Male,33,Clothing,Silk Evening Dress,1,129.53,0,129.53,Debit Card
TXN-101446,2023-10-27,CUST1083,Female,51,Electronics,Bluetooth Portable Speaker,1,91.13,5,86.57,Debit Card
TXN-101447,2023-10-27,CUST1615,Male,45,Clothing,Athletic Running Shoes,2,131.71,0,263.42,Debit Card
TXN-101448,2023-10-28,CUST1120,Male,28,Electronics,Ultra HD 4K Smart TV,1,646.5,10,581.85,Debit Card
TXN-101449,2023-10-28,CUST1742,Male,53,Home & Kitchen,Robot Vacuum Cleaner,1,305.78,10,275.2,Debit Card
TXN-101450,2023-10-28,CUST1559,Male,54,Clothing,Formal Wool Blazer,1,200.71,0,200.71,Credit Card
TXN-101451,2023-10-28,CUST1280,Male,24,Electronics,Wireless Noise-Canceling Earbuds,2,158.91,0,317.82,UPI / Digital Wallet
TXN-101452,2023-10-28,CUST1599,Female,22,Clothing,Silk Evening Dress,2,145.14,0,290.28,Cash
TXN-101453,2023-10-28,CUST1580,Female,59,Electronics,Ultra HD 4K Smart TV,1,724.67,0,724.67,Debit Card
TXN-101454,2023-10-29,CUST1571,Male,36,Home & Kitchen,Cast Iron Dutch Oven,1,77.9,0,77.9,UPI / Digital Wallet
TXN-101455,2023-10-29,CUST1039,Female,33,Clothing,Casual Chino Pants,3,60.25,0,180.75,Credit Card
TXN-101456,2023-10-29,CUST1015,Female,18,Electronics,Ultra HD 4K Smart TV,1,567.41,0,567.41,Credit Card
TXN-101457,2023-10-29,CUST1118,Male,46,Electronics,Ultra HD 4K Smart TV,4,687.56,0,2750.24,Credit Card
TXN-101458,2023-10-29,CUST1637,Female,48,Electronics,Smartphone Pro Max,2,862.22,5,1638.22,Credit Card
TXN-101459,2023-10-29,CUST1638,Female,39,Home & Kitchen,High-Speed Smoothie Blender,2,79.95,0,159.9,Credit Card
TXN-101460,2023-10-29,CUST1204,Male,40,Beauty,Organic Sunscreen SPF 50,1,36.84,10,33.16,Credit Card
TXN-101461,2023-10-29,CUST1818,Female,27,Sports & Outdoors,Mountain Trail Backpack,1,79.96,5,75.96,Credit Card
TXN-101462,2023-10-29,CUST1767,Male,27,Electronics,Smartphone Pro Max,1,796.77,0,796.77,UPI / Digital Wallet
TXN-101463,2023-10-29,CUST1174,Male,20,Home & Kitchen,Cast Iron Dutch Oven,4,70.96,10,255.46,Debit Card
TXN-101464,2023-10-30,CUST1684,Male,40,Clothing,Premium Cotton T-Shirt,1,32.66,0,32.66,Credit Card
TXN-101465,2023-10-30,CUST1603,Female,37,Home & Kitchen,Cast Iron Dutch Oven,2,79.72,0,159.44,UPI / Digital Wallet
TXN-101466,2023-10-30,CUST1363,Male,43,Electronics,Ultra HD 4K Smart TV,3,726.38,0,2179.14,Credit Card
TXN-101467,2023-10-30,CUST1012,Male,18,Beauty,Luxury Floral Perfume,1,133.06,0,133.06,UPI / Digital Wallet
TXN-101468,2023-10-31,CUST1238,Male,55,Home & Kitchen,Non-Stick Cookware Set (10 Pc),1,181.89,0,181.89,UPI / Digital Wallet
TXN-101469,2023-10-31,CUST1040,Female,42,Sports & Outdoors,Mountain Trail Backpack,1,77.34,10,69.61,UPI / Digital Wallet
TXN-101470,2023-10-31,CUST1541,Male,45,Sports & Outdoors,Insulated Thermal Water Bottle,1,31.38,5,29.81,Debit Card
TXN-101471,2023-10-31,CUST1051,Male,60,Electronics,Ultra HD 4K Smart TV,1,619.2,0,619.2,Credit Card
TXN-101472,2023-10-31,CUST1345,Male,50,Electronics,Gaming Laptop 16GB,2,1113.86,0,2227.72,Credit Card
TXN-101473,2023-10-31,CUST1341,Female,46,Electronics,Bluetooth Portable Speaker,1,76.79,0,76.79,Credit Card
TXN-101474,2023-10-31,CUST1469,Male,23,Electronics,Wireless Noise-Canceling Earbuds,3,130.07,5,370.7,Cash
TXN-101475,2023-10-31,CUST1825,Male,33,Electronics,Wireless Noise-Canceling Earbuds,1,152.07,0,152.07,Debit Card
TXN-101476,2023-10-31,CUST1005,Female,30,Home & Kitchen,Robot Vacuum Cleaner,1,358.21,5,340.3,Cash
TXN-101477,2023-11-01,CUST1056,Female,30,Clothing,Classic Denim Jacket,1,70.75,10,63.67,Credit Card
TXN-101478,2023-11-01,CUST1041,Female,21,Electronics,Wireless Noise-Canceling Earbuds,4,132.95,10,478.62,UPI / Digital Wallet
TXN-101479,2023-11-01,CUST1543,Male,55,Sports & Outdoors,Eco-Friendly Yoga Mat,3,40.62,10,109.67,UPI / Digital Wallet
TXN-101480,2023-11-02,CUST1483,Male,47,Electronics,Bluetooth Portable Speaker,2,97.33,25,146.0,Credit Card
TXN-101481,2023-11-02,CUST1585,Female,35,Clothing,Silk Evening Dress,1,132.51,25,99.38,Credit Card
TXN-101482,2023-11-03,CUST1532,Male,45,Sports & Outdoors,Insulated Thermal Water Bottle,1,26.95,0,26.95,Debit Card
TXN-101483,2023-11-03,CUST1005,Female,30,Clothing,Formal Wool Blazer,1,204.44,10,184.0,UPI / Digital Wallet
TXN-101484,2023-11-03,CUST1560,Male,29,Electronics,Bluetooth Portable Speaker,4,84.18,15,286.21,Credit Card
TXN-101485,2023-11-03,CUST1815,Female,30,Beauty,Exfoliating Face Scrub,1,19.9,10,17.91,UPI / Digital Wallet
TXN-101486,2023-11-03,CUST1782,Female,44,Sports & Outdoors,Mountain Trail Backpack,5,101.56,10,457.02,UPI / Digital Wallet
TXN-101487,2023-11-04,CUST1296,Male,21,Sports & Outdoors,Adjustable Dumbbells Set,2,179.77,10,323.59,Debit Card
TXN-101488,2023-11-04,CUST1054,Male,40,Beauty,Exfoliating Face Scrub,2,20.0,15,34.0,Credit Card
TXN-101489,2023-11-04,CUST1744,Female,24,Beauty,Hydrating Matte Lipstick,1,26.76,5,25.42,Credit Card
TXN-101490,2023-11-04,CUST1504,Male,18,Home & Kitchen,Robot Vacuum Cleaner,1,292.72,5,278.08,Debit Card
TXN-101491,2023-11-04,CUST1088,Male,44,Clothing,Athletic Running Shoes,2,134.63,10,242.33,Credit Card
TXN-101492,2023-11-04,CUST1220,Male,31,Home & Kitchen,Digital Air Fryer XL,2,131.2,15,223.04,Credit Card
TXN-101493,2023-11-04,CUST1389,Male,49,Clothing,Casual Chino Pants,1,57.28,0,57.28,UPI / Digital Wallet
TXN-101494,2023-11-05,CUST1330,Female,57,Beauty,Exfoliating Face Scrub,1,16.33,5,15.51,Debit Card
TXN-101495,2023-11-05,CUST1255,Male,40,Home & Kitchen,Non-Stick Cookware Set (10 Pc),1,170.6,15,145.01,Debit Card
TXN-101496,2023-11-05,CUST1183,Male,35,Home & Kitchen,Digital Air Fryer XL,1,115.87,15,98.49,Cash
TXN-101497,2023-11-05,CUST1772,Female,35,Electronics,Bluetooth Portable Speaker,2,84.82,10,152.68,Credit Card
TXN-101498,2023-11-06,CUST1436,Female,47,Sports & Outdoors,Eco-Friendly Yoga Mat,2,51.06,10,91.91,Credit Card
TXN-101499,2023-11-06,CUST1332,Female,35,Sports & Outdoors,Eco-Friendly Yoga Mat,1,42.23,0,42.23,UPI / Digital Wallet
TXN-101500,2023-11-06,CUST1224,Female,70,Sports & Outdoors,High-Tension Resistance Bands,1,26.34,15,22.39,UPI / Digital Wallet
TXN-101501,2023-11-06,CUST1182,Male,50,Clothing,Premium Cotton T-Shirt,1,26.42,5,25.1,Debit Card
TXN-101502,2023-11-07,CUST1515,Female,41,Electronics,Wireless Noise-Canceling Earbuds,1,128.22,20,102.58,Cash
TXN-101503,2023-11-07,CUST1457,Female,44,Home & Kitchen,Non-Stick Cookware Set (10 Pc),1,171.04,10,153.94,UPI / Digital Wallet
TXN-101504,2023-11-07,CUST1464,Male,52,Sports & Outdoors,High-Tension Resistance Bands,2,19.24,10,34.63,Credit Card
TXN-101505,2023-11-07,CUST1380,Female,22,Beauty,Luxury Floral Perfume,1,125.56,10,113.0,UPI / Digital Wallet
TXN-101506,2023-11-07,CUST1493,Female,26,Beauty,Ionic Hair Dryer Pro,4,107.31,10,386.32,Credit Card
TXN-101507,2023-11-07,CUST1461,Male,37,Beauty,Anti-Aging Facial Serum,2,59.43,15,101.03,Credit Card
TXN-101508,2023-11-08,CUST1775,Female,48,Clothing,Athletic Running Shoes,1,110.93,15,94.29,Credit Card
TXN-101509,2023-11-08,CUST1334,Female,40,Clothing,Casual Chino Pants,3,59.25,10,159.97,Debit Card
TXN-101510,2023-11-08,CUST1801,Female,42,Beauty,Hydrating Matte Lipstick,2,20.01,15,34.02,Credit Card
TXN-101511,2023-11-09,CUST1579,Female,59,Home & Kitchen,High-Speed Smoothie Blender,1,81.84,10,73.66,Debit Card
TXN-101512,2023-11-09,CUST1504,Male,18,Sports & Outdoors,High-Tension Resistance Bands,2,21.19,10,38.14,UPI / Digital Wallet
TXN-101513,2023-11-10,CUST1408,Male,33,Home & Kitchen,Digital Air Fryer XL,1,120.31,0,120.31,Credit Card
TXN-101514,2023-11-10,CUST1541,Male,45,Home & Kitchen,Non-Stick Cookware Set (10 Pc),1,119.53,10,107.58,Debit Card
TXN-101515,2023-11-10,CUST1384,Male,59,Beauty,Organic Sunscreen SPF 50,1,32.94,10,29.65,Credit Card
TXN-101516,2023-11-10,CUST1127,Male,45,Clothing,Casual Chino Pants,1,48.02,15,40.82,Cash
TXN-101517,2023-11-10,CUST1285,Female,49,Beauty,Exfoliating Face Scrub,5,25.8,20,103.2,Credit Card
TXN-101518,2023-11-10,CUST1479,Male,50,Home & Kitchen,High-Speed Smoothie Blender,2,108.2,15,183.94,UPI / Digital Wallet
TXN-101519,2023-11-11,CUST1295,Male,42,Sports & Outdoors,Insulated Thermal Water Bottle,1,30.73,5,29.19,Credit Card
TXN-101520,2023-11-11,CUST1657,Female,45,Electronics,Smartphone Pro Max,1,856.55,10,770.89,UPI / Digital Wallet
TXN-101521,2023-11-11,CUST1648,Male,44,Electronics,Bluetooth Portable Speaker,2,78.17,10,140.71,Credit Card
TXN-101522,2023-11-12,CUST1452,Female,29,Sports & Outdoors,Mountain Trail Backpack,3,108.33,15,276.24,Credit Card
TXN-101523,2023-11-12,CUST1159,Male,18,Home & Kitchen,Non-Stick Cookware Set (10 Pc),2,173.15,15,294.36,Credit Card
TXN-101524,2023-11-13,CUST1754,Female,55,Clothing,Casual Chino Pants,3,59.53,0,178.59,UPI / Digital Wallet
TXN-101525,2023-11-13,CUST1603,Female,37,Clothing,Silk Evening Dress,2,155.73,15,264.74,UPI / Digital Wallet
TXN-101526,2023-11-13,CUST1481,Male,22,Electronics,Smartphone Pro Max,1,766.98,10,690.28,Credit Card
TXN-101527,2023-11-13,CUST1661,Male,34,Clothing,Premium Cotton T-Shirt,1,27.63,15,23.49,Debit Card
TXN-101528,2023-11-13,CUST1084,Female,18,Clothing,Athletic Running Shoes,1,101.72,5,96.63,Credit Card
TXN-101529,2023-11-13,CUST1082,Female,59,Sports & Outdoors,Adjustable Dumbbells Set,2,209.74,15,356.56,Credit Card
TXN-101530,2023-11-13,CUST1103,Female,47,Beauty,Ionic Hair Dryer Pro,1,93.48,5,88.81,Credit Card
TXN-101531,2023-11-13,CUST1043,Male,35,Clothing,Athletic Running Shoes,4,130.19,10,468.68,UPI / Digital Wallet
TXN-101532,2023-11-13,CUST1339,Female,34,Electronics,Wireless Noise-Canceling Earbuds,1,177.02,10,159.32,Credit Card
TXN-101533,2023-11-14,CUST1248,Male,40,Home & Kitchen,Digital Air Fryer XL,2,139.14,20,222.62,UPI / Digital Wallet
TXN-101534,2023-11-14,CUST1351,Male,46,Home & Kitchen,Non-Stick Cookware Set (10 Pc),4,179.44,5,681.87,Cash
TXN-101535,2023-11-14,CUST1657,Female,45,Home & Kitchen,Cast Iron Dutch Oven,4,69.08,15,234.87,Credit Card
TXN-101536,2023-11-14,CUST1069,Male,35,Home & Kitchen,Robot Vacuum Cleaner,3,374.1,15,953.96,Debit Card
TXN-101537,2023-11-14,CUST1530,Male,25,Clothing,Athletic Running Shoes,1,97.43,5,92.56,UPI / Digital Wallet
TXN-101538,2023-11-15,CUST1659,Male,20,Sports & Outdoors,High-Tension Resistance Bands,1,23.38,15,19.87,Credit Card
TXN-101539,2023-11-15,CUST1783,Female,47,Clothing,Silk Evening Dress,2,131.94,0,263.88,Credit Card
TXN-101540,2023-11-16,CUST1664,Female,38,Electronics,Gaming Laptop 16GB,1,1281.5,15,1089.28,Credit Card
TXN-101541,2023-11-16,CUST1088,Male,44,Clothing,Silk Evening Dress,1,140.88,15,119.75,Debit Card
TXN-101542,2023-11-16,CUST1191,Male,69,Electronics,Ultra HD 4K Smart TV,4,634.87,10,2285.53,Debit Card
TXN-101543,2023-11-16,CUST1421,Male,32,Sports & Outdoors,Adjustable Dumbbells Set,2,162.89,5,309.49,Credit Card
TXN-101544,2023-11-16,CUST1085,Female,21,Beauty,Hydrating Matte Lipstick,2,28.76,10,51.77,UPI / Digital Wallet
TXN-101545,2023-11-17,CUST1806,Male,35,Beauty,Exfoliating Face Scrub,1,22.18,15,18.85,Credit Card
TXN-101546,2023-11-17,CUST1676,Female,35,Home & Kitchen,Digital Air Fryer XL,5,146.62,10,659.79,Debit Card
TXN-101547,2023-11-17,CUST1513,Male,49,Clothing,Classic Denim Jacket,1,68.86,20,55.09,UPI / Digital Wallet
TXN-101548,2023-11-17,CUST1576,Female,36,Electronics,Wireless Noise-Canceling Earbuds,2,163.51,15,277.97,Credit Card
TXN-101549,2023-11-18,CUST1084,Female,18,Clothing,Formal Wool Blazer,2,208.81,10,375.86,UPI / Digital Wallet
TXN-101550,2023-11-18,CUST1763,Male,44,Clothing,Athletic Running Shoes,1,106.89,5,101.55,Credit Card
TXN-101551,2023-11-18,CUST1790,Female,31,Beauty,Organic Sunscreen SPF 50,4,40.29,10,145.04,UPI / Digital Wallet
TXN-101552,2023-11-18,CUST1172,Female,32,Beauty,Organic Sunscreen SPF 50,2,29.75,15,50.58,Credit Card
TXN-101553,2023-11-19,CUST1541,Male,45,Electronics,Fitness Smartwatch,3,232.14,5,661.6,UPI / Digital Wallet
TXN-101554,2023-11-19,CUST1182,Male,50,Electronics,Ultra HD 4K Smart TV,2,608.82,15,1034.99,Credit Card
TXN-101555,2023-11-19,CUST1814,Male,53,Clothing,Classic Denim Jacket,1,69.34,15,58.94,Credit Card
TXN-101556,2023-11-19,CUST1736,Female,64,Sports & Outdoors,Insulated Thermal Water Bottle,1,31.48,15,26.76,Credit Card
TXN-101557,2023-11-20,CUST1008,Male,28,Home & Kitchen,High-Speed Smoothie Blender,1,92.82,20,74.26,Credit Card
TXN-101558,2023-11-21,CUST1732,Male,38,Electronics,Gaming Laptop 16GB,2,1184.49,5,2250.53,Debit Card
TXN-101559,2023-11-21,CUST1569,Female,36,Sports & Outdoors,Eco-Friendly Yoga Mat,1,50.34,10,45.31,Credit Card
TXN-101560,2023-11-21,CUST1526,Female,49,Electronics,Smartphone Pro Max,2,816.96,20,1307.14,Credit Card
TXN-101561,2023-11-21,CUST1164,Female,31,Beauty,Ionic Hair Dryer Pro,1,96.43,15,81.97,Cash
TXN-101562,2023-11-22,CUST1077,Female,18,Home & Kitchen,Espresso Coffee Machine,1,260.27,20,208.22,UPI / Digital Wallet
TXN-101563,2023-11-22,CUST1697,Male,47,Home & Kitchen,Robot Vacuum Cleaner,1,278.82,10,250.94,Cash
TXN-101564,2023-11-22,CUST1035,Male,53,Clothing,Casual Chino Pants,1,42.62,10,38.36,Debit Card
TXN-101565,2023-11-22,CUST1146,Male,39,Beauty,Exfoliating Face Scrub,1,20.75,0,20.75,Credit Card
TXN-101566,2023-11-22,CUST1442,Female,49,Electronics,Fitness Smartwatch,2,248.27,15,422.06,Credit Card
TXN-101567,2023-11-22,CUST1508,Male,51,Home & Kitchen,Non-Stick Cookware Set (10 Pc),1,169.57,20,135.66,Debit Card
TXN-101568,2023-11-22,CUST1266,Male,39,Beauty,Hydrating Matte Lipstick,2,30.73,10,55.31,Credit Card
TXN-101569,2023-11-23,CUST1019,Female,27,Clothing,Silk Evening Dress,4,135.69,5,515.62,Cash
TXN-101570,2023-11-23,CUST1820,Male,36,Electronics,Gaming Laptop 16GB,1,1147.17,10,1032.45,Debit Card
TXN-101571,2023-11-23,CUST1705,Male,45,Home & Kitchen,Robot Vacuum Cleaner,1,274.6,15,233.41,Debit Card
TXN-101572,2023-11-23,CUST1584,Male,33,Sports & Outdoors,Adjustable Dumbbells Set,2,202.1,5,383.99,UPI / Digital Wallet
TXN-101573,2023-11-23,CUST1692,Female,20,Clothing,Premium Cotton T-Shirt,1,23.06,5,21.91,UPI / Digital Wallet
TXN-101574,2023-11-23,CUST1758,Male,29,Clothing,Athletic Running Shoes,1,95.8,5,91.01,Cash
TXN-101575,2023-11-24,CUST1744,Female,24,Home & Kitchen,High-Speed Smoothie Blender,2,91.28,10,164.3,Credit Card
TXN-101576,2023-11-24,CUST1636,Male,37,Clothing,Formal Wool Blazer,1,184.91,15,157.17,Debit Card
TXN-101577,2023-11-24,CUST1340,Female,61,Electronics,Smartphone Pro Max,4,886.93,15,3015.56,UPI / Digital Wallet
TXN-101578,2023-11-24,CUST1497,Female,20,Beauty,Organic Sunscreen SPF 50,1,38.01,15,32.31,Debit Card
TXN-101579,2023-11-24,CUST1696,Female,45,Electronics,Wireless Noise-Canceling Earbuds,3,138.04,15,352.0,Credit Card
TXN-101580,2023-11-25,CUST1075,Male,25,Sports & Outdoors,High-Tension Resistance Bands,3,21.25,15,54.19,Debit Card
TXN-101581,2023-11-25,CUST1314,Male,39,Electronics,Wireless Noise-Canceling Earbuds,2,187.13,25,280.7,Credit Card
TXN-101582,2023-11-25,CUST1515,Female,41,Electronics,Wireless Noise-Canceling Earbuds,1,147.93,25,110.95,Debit Card
TXN-101583,2023-11-25,CUST1376,Male,43,Sports & Outdoors,Eco-Friendly Yoga Mat,2,48.05,5,91.3,Credit Card
TXN-101584,2023-11-25,CUST1009,Male,39,Sports & Outdoors,Insulated Thermal Water Bottle,3,39.41,15,100.5,Debit Card
TXN-101585,2023-11-25,CUST1415,Female,44,Beauty,Luxury Floral Perfume,1,133.34,15,113.34,Credit Card
TXN-101586,2023-11-25,CUST1143,Female,38,Beauty,Ionic Hair Dryer Pro,2,111.34,10,200.41,UPI / Digital Wallet
TXN-101587,2023-11-25,CUST1846,Female,27,Clothing,Casual Chino Pants,1,67.31,15,57.21,Credit Card
TXN-101588,2023-11-26,CUST1030,Male,34,Electronics,Smartphone Pro Max,1,895.68,0,895.68,Cash
TXN-101589,2023-11-26,CUST1307,Female,47,Beauty,Luxury Floral Perfume,4,125.69,10,452.48,Credit Card
TXN-101590,2023-11-27,CUST1234,Female,48,Clothing,Casual Chino Pants,1,49.96,20,39.97,UPI / Digital Wallet
TXN-101591,2023-11-27,CUST1021,Female,60,Home & Kitchen,Robot Vacuum Cleaner,1,290.28,0,290.28,UPI / Digital Wallet
TXN-101592,2023-11-27,CUST1701,Female,43,Electronics,Ultra HD 4K Smart TV,2,659.98,15,1121.97,UPI / Digital Wallet
TXN-101593,2023-11-27,CUST1151,Female,31,Clothing,Athletic Running Shoes,1,104.12,0,104.12,Debit Card
TXN-101594,2023-11-28,CUST1548,Male,38,Sports & Outdoors,Insulated Thermal Water Bottle,1,26.65,20,21.32,Cash
TXN-101595,2023-11-28,CUST1761,Female,41,Clothing,Athletic Running Shoes,3,121.96,15,311.0,Credit Card
TXN-101596,2023-11-28,CUST1750,Female,19,Beauty,Ionic Hair Dryer Pro,1,84.4,10,75.96,UPI / Digital Wallet
TXN-101597,2023-11-29,CUST1064,Female,42,Clothing,Classic Denim Jacket,1,77.84,25,58.38,Credit Card
TXN-101598,2023-11-29,CUST1493,Female,26,Electronics,Bluetooth Portable Speaker,1,85.2,10,76.68,Cash
TXN-101599,2023-11-29,CUST1244,Female,42,Electronics,Fitness Smartwatch,4,197.74,0,790.96,Credit Card
TXN-101600,2023-11-29,CUST1332,Female,35,Home & Kitchen,High-Speed Smoothie Blender,1,73.68,15,62.63,UPI / Digital Wallet
TXN-101601,2023-11-29,CUST1081,Male,50,Home & Kitchen,Non-Stick Cookware Set (10 Pc),5,160.02,15,680.08,Credit Card
TXN-101602,2023-11-29,CUST1116,Male,46,Beauty,Exfoliating Face Scrub,3,23.77,0,71.31,Credit Card
TXN-101603,2023-11-30,CUST1788,Female,43,Sports & Outdoors,Mountain Trail Backpack,1,88.91,0,88.91,Cash
TXN-101604,2023-11-30,CUST1790,Female,31,Beauty,Luxury Floral Perfume,1,128.26,20,102.61,Credit Card
TXN-101605,2023-11-30,CUST1136,Female,41,Clothing,Athletic Running Shoes,1,124.8,10,112.32,UPI / Digital Wallet
TXN-101606,2023-11-30,CUST1781,Male,58,Electronics,Gaming Laptop 16GB,5,1294.36,10,5824.62,Credit Card
TXN-101607,2023-11-30,CUST1738,Female,33,Beauty,Ionic Hair Dryer Pro,1,91.43,25,68.57,Debit Card
TXN-101608,2023-11-30,CUST1723,Male,61,Home & Kitchen,Cast Iron Dutch Oven,1,81.06,25,60.8,Debit Card
TXN-101609,2023-11-30,CUST1406,Female,52,Sports & Outdoors,Waterproof Camping Tent,1,206.12,5,195.81,Credit Card
TXN-101610,2023-11-30,CUST1501,Male,67,Home & Kitchen,Cast Iron Dutch Oven,1,75.89,5,72.1,Debit Card
TXN-101611,2023-11-30,CUST1307,Female,47,Beauty,Exfoliating Face Scrub,1,23.1,10,20.79,UPI / Digital Wallet
TXN-101612,2023-11-30,CUST1395,Male,43,Sports & Outdoors,Waterproof Camping Tent,1,234.41,15,199.25,UPI / Digital Wallet
TXN-101613,2023-11-30,CUST1170,Male,58,Electronics,Bluetooth Portable Speaker,1,70.14,10,63.13,Cash
TXN-101614,2023-12-01,CUST1613,Female,54,Home & Kitchen,High-Speed Smoothie Blender,3,91.36,20,219.26,Credit Card
TXN-101615,2023-12-01,CUST1435,Male,37,Beauty,Luxury Floral Perfume,2,101.15,5,192.18,UPI / Digital Wallet
TXN-101616,2023-12-01,CUST1216,Female,20,Clothing,Premium Cotton T-Shirt,1,33.11,10,29.8,UPI / Digital Wallet
TXN-101617,2023-12-02,CUST1731,Male,58,Beauty,Exfoliating Face Scrub,1,21.33,10,19.2,UPI / Digital Wallet
TXN-101618,2023-12-02,CUST1315,Male,29,Electronics,Ultra HD 4K Smart TV,2,646.69,5,1228.71,Credit Card
TXN-101619,2023-12-02,CUST1237,Female,53,Beauty,Ionic Hair Dryer Pro,1,86.76,15,73.75,Debit Card
TXN-101620,2023-12-03,CUST1814,Male,53,Sports & Outdoors,Insulated Thermal Water Bottle,1,35.71,25,26.78,Debit Card
TXN-101621,2023-12-03,CUST1246,Female,38,Beauty,Ionic Hair Dryer Pro,3,93.43,15,238.25,Credit Card
TXN-101622,2023-12-03,CUST1692,Female,20,Beauty,Hydrating Matte Lipstick,1,21.88,15,18.6,UPI / Digital Wallet
TXN-101623,2023-12-03,CUST1396,Male,44,Clothing,Classic Denim Jacket,4,68.95,20,220.64,Credit Card
TXN-101624,2023-12-03,CUST1514,Female,47,Home & Kitchen,Non-Stick Cookware Set (10 Pc),2,185.8,10,334.44,Debit Card
TXN-101625,2023-12-03,CUST1307,Female,47,Electronics,Smartphone Pro Max,2,794.46,15,1350.58,Credit Card
TXN-101626,2023-12-04,CUST1306,Female,40,Home & Kitchen,Digital Air Fryer XL,2,159.16,20,254.66,UPI / Digital Wallet
TXN-101627,2023-12-04,CUST1264,Male,51,Electronics,Ultra HD 4K Smart TV,3,683.08,20,1639.39,Debit Card
TXN-101628,2023-12-04,CUST1787,Female,21,Beauty,Organic Sunscreen SPF 50,1,32.43,0,32.43,Debit Card
TXN-101629,2023-12-04,CUST1627,Male,50,Electronics,Fitness Smartwatch,5,245.16,10,1103.22,UPI / Digital Wallet
TXN-101630,2023-12-04,CUST1817,Female,38,Sports & Outdoors,Eco-Friendly Yoga Mat,1,47.08,10,42.37,UPI / Digital Wallet
TXN-101631,2023-12-04,CUST1577,Male,70,Clothing,Silk Evening Dress,3,162.27,15,413.79,UPI / Digital Wallet
TXN-101632,2023-12-04,CUST1701,Female,43,Electronics,Ultra HD 4K Smart TV,1,668.14,25,501.1,Cash
TXN-101633,2023-12-04,CUST1227,Female,51,Electronics,Bluetooth Portable Speaker,4,81.02,20,259.26,UPI / Digital Wallet
TXN-101634,2023-12-05,CUST1167,Female,33,Clothing,Silk Evening Dress,1,150.48,20,120.38,Debit Card
TXN-101635,2023-12-05,CUST1414,Male,37,Sports & Outdoors,Adjustable Dumbbells Set,2,156.31,15,265.73,Debit Card
TXN-101636,2023-12-05,CUST1637,Female,48,Sports & Outdoors,Insulated Thermal Water Bottle,1,29.61,15,25.17,Credit Card
TXN-101637,2023-12-05,CUST1455,Female,40,Clothing,Athletic Running Shoes,4,60.06,25,180.18,Credit Card
TXN-101638,2023-12-05,CUST1799,Male,18,Electronics,Smartphone Pro Max,1,834.33,15,709.18,Debit Card
TXN-101639,2023-12-05,CUST1419,Male,31,Clothing,Silk Evening Dress,1,151.69,15,128.94,Debit Card
TXN-101640,2023-12-06,CUST1169,Male,56,Beauty,Luxury Floral Perfume,4,110.23,15,374.78,Debit Card
TXN-101641,2023-12-06,CUST1692,Female,20,Beauty,Luxury Floral Perfume,1,122.41,15,104.05,Credit Card
TXN-101642,2023-12-06,CUST1061,Female,39,Clothing,Premium Cotton T-Shirt,3,29.97,10,80.92,Cash
TXN-101643,2023-12-06,CUST1070,Male,38,Sports & Outdoors,Eco-Friendly Yoga Mat,2,50.1,15,85.17,UPI / Digital Wallet
TXN-101644,2023-12-06,CUST1429,Female,43,Home & Kitchen,Espresso Coffee Machine,3,273.91,10,739.56,Credit Card
TXN-101645,2023-12-07,CUST1176,Male,24,Clothing,Formal Wool Blazer,1,182.07,10,163.86,UPI / Digital Wallet
TXN-101646,2023-12-07,CUST1436,Female,47,Electronics,Smartphone Pro Max,1,974.19,15,828.06,Credit Card
TXN-101647,2023-12-07,CUST1243,Female,27,Sports & Outdoors,Mountain Trail Backpack,1,74.86,15,63.63,Credit Card
TXN-101648,2023-12-08,CUST1645,Male,50,Home & Kitchen,Non-Stick Cookware Set (10 Pc),3,150.59,10,406.59,UPI / Digital Wallet
TXN-101649,2023-12-08,CUST1147,Female,31,Clothing,Classic Denim Jacket,2,80.66,15,137.12,Debit Card
TXN-101650,2023-12-08,CUST1340,Female,61,Beauty,Ionic Hair Dryer Pro,1,79.59,15,67.65,UPI / Digital Wallet
TXN-101651,2023-12-09,CUST1830,Female,19,Electronics,Gaming Laptop 16GB,1,1425.64,25,1069.23,UPI / Digital Wallet
TXN-101652,2023-12-09,CUST1076,Male,43,Beauty,Hydrating Matte Lipstick,1,24.83,10,22.35,Debit Card
TXN-101653,2023-12-09,CUST1765,Male,51,Electronics,Wireless Noise-Canceling Earbuds,1,168.14,15,142.92,Credit Card
TXN-101654,2023-12-10,CUST1309,Female,56,Clothing,Silk Evening Dress,2,116.78,15,198.53,UPI / Digital Wallet
TXN-101655,2023-12-10,CUST1123,Female,46,Sports & Outdoors,Insulated Thermal Water Bottle,4,28.22,10,101.59,Credit Card
TXN-101656,2023-12-10,CUST1822,Female,26,Home & Kitchen,Digital Air Fryer XL,2,138.04,10,248.47,Debit Card
TXN-101657,2023-12-10,CUST1451,Male,24,Beauty,Organic Sunscreen SPF 50,1,37.68,15,32.03,Credit Card
TXN-101658,2023-12-10,CUST1528,Female,25,Beauty,Anti-Aging Facial Serum,3,68.36,0,205.08,Credit Card
TXN-101659,2023-12-10,CUST1375,Female,18,Clothing,Athletic Running Shoes,1,83.49,5,79.32,Debit Card
TXN-101660,2023-12-10,CUST1565,Male,42,Clothing,Casual Chino Pants,1,63.94,10,57.55,Credit Card
TXN-101661,2023-12-11,CUST1041,Female,21,Clothing,Premium Cotton T-Shirt,4,24.66,20,78.91,Credit Card
TXN-101662,2023-12-11,CUST1481,Male,22,Electronics,Fitness Smartwatch,3,187.47,10,506.17,UPI / Digital Wallet
TXN-101663,2023-12-11,CUST1018,Female,19,Clothing,Classic Denim Jacket,1,81.7,15,69.44,Credit Card
TXN-101664,2023-12-11,CUST1623,Female,33,Clothing,Premium Cotton T-Shirt,1,33.78,20,27.02,Cash
TXN-101665,2023-12-11,CUST1307,Female,47,Electronics,Bluetooth Portable Speaker,1,92.39,10,83.15,Debit Card
TXN-101666,2023-12-11,CUST1489,Male,38,Electronics,Fitness Smartwatch,2,248.55,20,397.68,Credit Card
TXN-101667,2023-12-12,CUST1632,Female,23,Clothing,Formal Wool Blazer,3,191.39,10,516.75,Credit Card
TXN-101668,2023-12-12,CUST1256,Male,41,Sports & Outdoors,Adjustable Dumbbells Set,1,127.59,10,114.83,Debit Card
TXN-101669,2023-12-13,CUST1202,Female,30,Beauty,Anti-Aging Facial Serum,1,75.01,15,63.76,Cash
TXN-101670,2023-12-13,CUST1034,Male,33,Electronics,Wireless Noise-Canceling Earbuds,1,137.3,20,109.84,Cash
TXN-101671,2023-12-13,CUST1587,Female,24,Clothing,Formal Wool Blazer,3,194.93,25,438.59,UPI / Digital Wallet
TXN-101672,2023-12-14,CUST1226,Male,31,Home & Kitchen,Espresso Coffee Machine,1,231.89,10,208.7,Cash
TXN-101673,2023-12-14,CUST1218,Male,37,Clothing,Formal Wool Blazer,1,215.26,10,193.73,Credit Card
TXN-101674,2023-12-14,CUST1239,Female,46,Clothing,Casual Chino Pants,1,57.45,5,54.58,Credit Card
TXN-101675,2023-12-14,CUST1731,Male,58,Electronics,Bluetooth Portable Speaker,2,66.44,10,119.59,Credit Card
TXN-101676,2023-12-14,CUST1688,Male,50,Beauty,Organic Sunscreen SPF 50,2,30.82,10,55.48,Cash
TXN-101677,2023-12-14,CUST1616,Female,23,Clothing,Silk Evening Dress,2,138.25,10,248.85,Cash
TXN-101678,2023-12-14,CUST1422,Female,57,Sports & Outdoors,Insulated Thermal Water Bottle,3,34.27,10,92.53,Credit Card
TXN-101679,2023-12-14,CUST1600,Female,59,Beauty,Ionic Hair Dryer Pro,1,72.02,15,61.22,Credit Card
TXN-101680,2023-12-14,CUST1808,Female,30,Home & Kitchen,High-Speed Smoothie Blender,1,74.14,10,66.73,Credit Card
TXN-101681,2023-12-14,CUST1036,Female,23,Clothing,Athletic Running Shoes,3,134.94,5,384.58,Debit Card
TXN-101682,2023-12-14,CUST1522,Male,25,Sports & Outdoors,Waterproof Camping Tent,1,193.11,0,193.11,Debit Card
TXN-101683,2023-12-14,CUST1738,Female,33,Clothing,Casual Chino Pants,1,58.06,5,55.16,Credit Card
TXN-101684,2023-12-14,CUST1631,Male,44,Clothing,Premium Cotton T-Shirt,2,23.14,10,41.65,Credit Card
TXN-101685,2023-12-15,CUST1638,Female,39,Clothing,Casual Chino Pants,1,43.3,10,38.97,Credit Card
TXN-101686,2023-12-16,CUST1050,Male,21,Clothing,Classic Denim Jacket,1,75.55,20,60.44,Credit Card
TXN-101687,2023-12-16,CUST1708,Female,53,Electronics,Ultra HD 4K Smart TV,3,685.87,15,1748.97,UPI / Digital Wallet
TXN-101688,2023-12-16,CUST1063,Female,37,Clothing,Casual Chino Pants,1,51.61,0,51.61,Credit Card
TXN-101689,2023-12-16,CUST1799,Male,18,Clothing,Silk Evening Dress,2,136.75,15,232.48,Debit Card
TXN-101690,2023-12-17,CUST1627,Male,50,Home & Kitchen,Robot Vacuum Cleaner,1,301.02,15,255.87,Debit Card
TXN-101691,2023-12-17,CUST1365,Female,30,Beauty,Luxury Floral Perfume,3,104.6,25,235.35,Debit Card
TXN-101692,2023-12-17,CUST1000,Female,38,Clothing,Silk Evening Dress,1,128.78,15,109.46,Credit Card
TXN-101693,2023-12-17,CUST1788,Female,43,Electronics,Smartphone Pro Max,2,897.62,15,1525.95,Credit Card
TXN-101694,2023-12-17,CUST1230,Male,45,Sports & Outdoors,Eco-Friendly Yoga Mat,5,46.6,0,233.0,UPI / Digital Wallet
TXN-101695,2023-12-17,CUST1371,Female,39,Clothing,Athletic Running Shoes,1,128.1,15,108.88,Credit Card
TXN-101696,2023-12-17,CUST1283,Female,30,Beauty,Hydrating Matte Lipstick,2,26.2,0,52.4,Cash
TXN-101697,2023-12-17,CUST1769,Male,18,Clothing,Premium Cotton T-Shirt,1,26.96,15,22.92,UPI / Digital Wallet
TXN-101698,2023-12-18,CUST1560,Male,29,Sports & Outdoors,Waterproof Camping Tent,1,197.82,5,187.93,Debit Card
TXN-101699,2023-12-18,CUST1329,Female,22,Clothing,Silk Evening Dress,1,132.25,0,132.25,Credit Card
TXN-101700,2023-12-18,CUST1110,Female,37,Home & Kitchen,Robot Vacuum Cleaner,1,331.94,15,282.15,Cash
TXN-101701,2023-12-18,CUST1503,Male,33,Sports & Outdoors,High-Tension Resistance Bands,4,25.81,10,92.92,UPI / Digital Wallet
TXN-101702,2023-12-18,CUST1733,Male,28,Electronics,Ultra HD 4K Smart TV,4,554.78,15,1886.25,UPI / Digital Wallet
TXN-101703,2023-12-18,CUST1480,Male,53,Home & Kitchen,Digital Air Fryer XL,1,105.28,5,100.02,Credit Card
TXN-101704,2023-12-18,CUST1731,Male,58,Home & Kitchen,Espresso Coffee Machine,2,280.68,0,561.36,Debit Card
TXN-101705,2023-12-19,CUST1695,Male,18,Clothing,Formal Wool Blazer,1,184.9,20,147.92,Cash
TXN-101706,2023-12-19,CUST1550,Male,28,Clothing,Classic Denim Jacket,4,94.53,15,321.4,Debit Card
TXN-101707,2023-12-19,CUST1759,Male,50,Sports & Outdoors,Insulated Thermal Water Bottle,1,33.42,15,28.41,Debit Card
TXN-101708,2023-12-19,CUST1364,Male,44,Clothing,Athletic Running Shoes,3,105.21,10,284.07,Debit Card
TXN-101709,2023-12-20,CUST1583,Female,59,Electronics,Gaming Laptop 16GB,1,1269.54,20,1015.63,Debit Card
TXN-101710,2023-12-20,CUST1621,Female,43,Electronics,Ultra HD 4K Smart TV,1,587.37,10,528.63,Debit Card
TXN-101711,2023-12-20,CUST1759,Male,50,Home & Kitchen,Digital Air Fryer XL,1,117.66,10,105.89,Credit Card
TXN-101712,2023-12-20,CUST1487,Female,39,Electronics,Smartphone Pro Max,4,907.6,15,3085.84,UPI / Digital Wallet
TXN-101713,2023-12-20,CUST1448,Female,52,Beauty,Exfoliating Face Scrub,4,20.92,15,71.13,Debit Card
TXN-101714,2023-12-20,CUST1177,Female,28,Electronics,Smartphone Pro Max,1,897.42,10,807.68,Credit Card
TXN-101715,2023-12-20,CUST1553,Male,60,Clothing,Athletic Running Shoes,2,110.46,5,209.87,UPI / Digital Wallet
TXN-101716,2023-12-20,CUST1241,Male,39,Sports & Outdoors,Waterproof Camping Tent,3,224.37,5,639.45,Credit Card
TXN-101717,2023-12-21,CUST1803,Male,46,Beauty,Ionic Hair Dryer Pro,1,80.74,15,68.63,UPI / Digital Wallet
TXN-101718,2023-12-21,CUST1494,Female,25,Beauty,Ionic Hair Dryer Pro,2,91.76,15,155.99,UPI / Digital Wallet
TXN-101719,2023-12-21,CUST1413,Male,42,Sports & Outdoors,Waterproof Camping Tent,1,271.02,5,257.47,Credit Card
TXN-101720,2023-12-21,CUST1441,Male,18,Sports & Outdoors,High-Tension Resistance Bands,3,26.45,15,67.45,Debit Card
TXN-101721,2023-12-21,CUST1732,Male,38,Electronics,Bluetooth Portable Speaker,5,69.8,10,314.1,UPI / Digital Wallet
TXN-101722,2023-12-21,CUST1332,Female,35,Beauty,Hydrating Matte Lipstick,4,31.14,10,112.1,Debit Card
TXN-101723,2023-12-21,CUST1637,Female,48,Beauty,Ionic Hair Dryer Pro,2,102.83,10,185.09,UPI / Digital Wallet
TXN-101724,2023-12-22,CUST1690,Female,18,Clothing,Silk Evening Dress,1,140.12,10,126.11,Credit Card
TXN-101725,2023-12-22,CUST1258,Male,36,Beauty,Hydrating Matte Lipstick,1,22.61,0,22.61,UPI / Digital Wallet
TXN-101726,2023-12-23,CUST1684,Male,40,Electronics,Smartphone Pro Max,1,849.13,10,764.22,Credit Card
TXN-101727,2023-12-23,CUST1608,Female,40,Beauty,Hydrating Matte Lipstick,2,30.66,10,55.19,UPI / Digital Wallet
TXN-101728,2023-12-23,CUST1064,Female,42,Clothing,Formal Wool Blazer,1,156.62,10,140.96,Credit Card
TXN-101729,2023-12-23,CUST1549,Male,38,Home & Kitchen,Digital Air Fryer XL,1,148.33,15,126.08,UPI / Digital Wallet
TXN-101730,2023-12-23,CUST1848,Female,35,Beauty,Exfoliating Face Scrub,1,17.07,20,13.66,Credit Card
TXN-101731,2023-12-23,CUST1283,Female,30,Electronics,Smartphone Pro Max,3,865.04,20,2076.1,UPI / Digital Wallet
TXN-101732,2023-12-24,CUST1129,Female,52,Home & Kitchen,Robot Vacuum Cleaner,1,274.48,5,260.76,UPI / Digital Wallet
TXN-101733,2023-12-24,CUST1231,Female,33,Sports & Outdoors,Waterproof Camping Tent,2,176.02,10,316.84,Debit Card
TXN-101734,2023-12-24,CUST1532,Male,45,Electronics,Smartphone Pro Max,1,839.11,10,755.2,UPI / Digital Wallet
TXN-101735,2023-12-24,CUST1793,Male,38,Electronics,Bluetooth Portable Speaker,2,83.09,20,132.94,Credit Card
TXN-101736,2023-12-24,CUST1829,Female,50,Home & Kitchen,High-Speed Smoothie Blender,1,93.71,10,84.34,UPI / Digital Wallet
TXN-101737,2023-12-25,CUST1034,Male,33,Clothing,Premium Cotton T-Shirt,1,29.78,20,23.82,Credit Card
TXN-101738,2023-12-25,CUST1039,Female,33,Electronics,Bluetooth Portable Speaker,2,84.03,20,134.45,Debit Card
TXN-101739,2023-12-25,CUST1150,Male,40,Sports & Outdoors,Waterproof Camping Tent,3,227.64,5,648.77,Credit Card
TXN-101740,2023-12-25,CUST1601,Female,43,Sports & Outdoors,Waterproof Camping Tent,1,189.78,15,161.31,Debit Card
TXN-101741,2023-12-25,CUST1043,Male,35,Beauty,Exfoliating Face Scrub,1,19.94,10,17.95,Credit Card
TXN-101742,2023-12-26,CUST1761,Female,41,Electronics,Gaming Laptop 16GB,2,1248.05,5,2371.3,UPI / Digital Wallet
TXN-101743,2023-12-26,CUST1720,Male,29,Electronics,Smartphone Pro Max,4,907.59,10,3267.32,Credit Card
TXN-101744,2023-12-26,CUST1642,Female,41,Beauty,Anti-Aging Facial Serum,2,76.43,5,145.22,Credit Card
TXN-101745,2023-12-26,CUST1823,Female,32,Clothing,Casual Chino Pants,1,42.43,15,36.07,UPI / Digital Wallet
TXN-101746,2023-12-27,CUST1710,Male,37,Electronics,Ultra HD 4K Smart TV,3,686.21,15,1749.84,Cash
TXN-101747,2023-12-27,CUST1102,Female,26,Clothing,Silk Evening Dress,1,146.4,5,139.08,Credit Card
TXN-101748,2023-12-27,CUST1361,Male,31,Sports & Outdoors,Insulated Thermal Water Bottle,1,26.35,5,25.03,Credit Card
TXN-101749,2023-12-27,CUST1807,Male,26,Beauty,Organic Sunscreen SPF 50,2,32.38,5,61.52,Credit Card
TXN-101750,2023-12-27,CUST1795,Male,60,Clothing,Formal Wool Blazer,1,183.27,10,164.94,Cash
TXN-101751,2023-12-27,CUST1539,Female,43,Electronics,Gaming Laptop 16GB,1,1293.09,10,1163.78,Credit Card
TXN-101752,2023-12-27,CUST1558,Male,34,Electronics,Fitness Smartwatch,1,230.6,10,207.54,Credit Card
TXN-101753,2023-12-28,CUST1288,Female,62,Beauty,Luxury Floral Perfume,1,136.35,15,115.9,Cash
TXN-101754,2023-12-28,CUST1654,Female,37,Clothing,Formal Wool Blazer,1,156.22,15,132.79,Debit Card
TXN-101755,2023-12-28,CUST1296,Male,21,Electronics,Bluetooth Portable Speaker,2,79.06,5,150.21,Debit Card
TXN-101756,2023-12-28,CUST1705,Male,45,Beauty,Luxury Floral Perfume,1,100.63,15,85.54,Credit Card
TXN-101757,2023-12-28,CUST1327,Male,37,Home & Kitchen,Non-Stick Cookware Set (10 Pc),4,166.57,10,599.65,Cash
TXN-101758,2023-12-29,CUST1753,Female,34,Electronics,Wireless Noise-Canceling Earbuds,1,157.34,5,149.47,Credit Card
TXN-101759,2023-12-29,CUST1399,Male,29,Beauty,Exfoliating Face Scrub,1,23.25,10,20.92,Credit Card
TXN-101760,2023-12-29,CUST1034,Male,33,Clothing,Casual Chino Pants,1,52.68,25,39.51,Credit Card
TXN-101761,2023-12-29,CUST1204,Male,40,Home & Kitchen,Espresso Coffee Machine,1,288.32,10,259.49,Credit Card
TXN-101762,2023-12-29,CUST1829,Female,50,Sports & Outdoors,High-Tension Resistance Bands,2,26.82,10,48.28,Credit Card
TXN-101763,2023-12-30,CUST1106,Female,70,Beauty,Organic Sunscreen SPF 50,2,30.91,10,55.64,Credit Card
TXN-101764,2023-12-30,CUST1297,Female,56,Home & Kitchen,Digital Air Fryer XL,2,118.29,20,189.26,UPI / Digital Wallet
TXN-101765,2023-12-30,CUST1025,Male,23,Home & Kitchen,Digital Air Fryer XL,2,127.04,5,241.38,Debit Card
TXN-101766,2023-12-30,CUST1183,Male,35,Home & Kitchen,Non-Stick Cookware Set (10 Pc),1,166.9,20,133.52,Credit Card
TXN-101767,2023-12-30,CUST1546,Female,39,Electronics,Ultra HD 4K Smart TV,2,599.26,20,958.82,Cash
TXN-101768,2023-12-31,CUST1041,Female,21,Electronics,Bluetooth Portable Speaker,1,82.72,10,74.45,UPI / Digital Wallet
TXN-101769,2023-12-31,CUST1771,Male,23,Clothing,Classic Denim Jacket,1,63.92,10,57.53,Credit Card
TXN-101770,2023-12-31,CUST1376,Male,43,Electronics,Fitness Smartwatch,4,260.42,15,885.43,Debit Card
TXN-101771,2023-12-31,CUST1083,Female,51,Electronics,Bluetooth Portable Speaker,1,83.69,10,75.32,Credit Card
TXN-101772,2024-01-01,CUST1120,Male,28,Clothing,Formal Wool Blazer,1,223.4,5,212.23,Cash
TXN-101773,2024-01-01,CUST1097,Female,51,Home & Kitchen,Non-Stick Cookware Set (10 Pc),2,167.83,0,335.66,Credit Card
TXN-101774,2024-01-01,CUST1284,Male,21,Electronics,Wireless Noise-Canceling Earbuds,2,147.58,5,280.4,Credit Card
TXN-101775,2024-01-01,CUST1422,Female,57,Home & Kitchen,Cast Iron Dutch Oven,1,62.59,0,62.59,Credit Card
TXN-101776,2024-01-01,CUST1144,Female,50,Clothing,Classic Denim Jacket,1,70.74,5,67.2,Debit Card
TXN-101777,2024-01-02,CUST1139,Male,51,Sports & Outdoors,Waterproof Camping Tent,2,191.73,0,383.46,Credit Card
TXN-101778,2024-01-02,CUST1219,Male,61,Sports & Outdoors,Adjustable Dumbbells Set,1,212.41,5,201.79,Debit Card
TXN-101779,2024-01-02,CUST1214,Male,35,Sports & Outdoors,Mountain Trail Backpack,1,89.66,0,89.66,Credit Card
TXN-101780,2024-01-02,CUST1175,Female,26,Clothing,Athletic Running Shoes,1,113.31,0,113.31,Cash
TXN-101781,2024-01-02,CUST1448,Female,52,Home & Kitchen,Cast Iron Dutch Oven,1,86.51,0,86.51,Credit Card
TXN-101782,2024-01-02,CUST1466,Female,46,Sports & Outdoors,Eco-Friendly Yoga Mat,3,53.05,5,151.19,Credit Card
TXN-101783,2024-01-03,CUST1493,Female,26,Beauty,Ionic Hair Dryer Pro,1,98.19,0,98.19,Debit Card
TXN-101784,2024-01-03,CUST1446,Male,65,Home & Kitchen,Digital Air Fryer XL,2,118.29,0,236.58,Credit Card
TXN-101785,2024-01-04,CUST1656,Female,56,Electronics,Bluetooth Portable Speaker,1,82.64,0,82.64,UPI / Digital Wallet
TXN-101786,2024-01-04,CUST1007,Male,30,Clothing,Silk Evening Dress,3,150.01,0,450.03,Cash
TXN-101787,2024-01-04,CUST1286,Female,46,Electronics,Wireless Noise-Canceling Earbuds,1,159.12,0,159.12,Debit Card
TXN-101788,2024-01-04,CUST1213,Female,64,Electronics,Smartphone Pro Max,5,905.25,0,4526.25,Credit Card
TXN-101789,2024-01-05,CUST1605,Female,38,Sports & Outdoors,High-Tension Resistance Bands,1,26.43,0,26.43,Credit Card
TXN-101790,2024-01-05,CUST1656,Female,56,Home & Kitchen,Espresso Coffee Machine,3,286.76,0,860.28,Credit Card
TXN-101791,2024-01-05,CUST1598,Female,53,Sports & Outdoors,Adjustable Dumbbells Set,2,213.01,0,426.02,Cash
TXN-101792,2024-01-05,CUST1822,Female,26,Home & Kitchen,Robot Vacuum Cleaner,1,377.76,0,377.76,Credit Card
TXN-101793,2024-01-05,CUST1411,Male,53,Home & Kitchen,High-Speed Smoothie Blender,3,108.57,10,293.14,Debit Card
TXN-101794,2024-01-06,CUST1288,Female,62,Home & Kitchen,Cast Iron Dutch Oven,1,67.5,0,67.5,Debit Card
TXN-101795,2024-01-06,CUST1336,Male,34,Home & Kitchen,Cast Iron Dutch Oven,2,65.86,0,131.72,UPI / Digital Wallet
TXN-101796,2024-01-06,CUST1559,Male,54,Home & Kitchen,Cast Iron Dutch Oven,1,79.5,5,75.52,Credit Card
TXN-101797,2024-01-07,CUST1237,Female,53,Beauty,Exfoliating Face Scrub,1,21.06,0,21.06,Cash
TXN-101798,2024-01-07,CUST1561,Female,41,Sports & Outdoors,Waterproof Camping Tent,1,197.1,5,187.24,Credit Card
TXN-101799,2024-01-07,CUST1103,Female,47,Sports & Outdoors,Eco-Friendly Yoga Mat,2,38.5,0,77.0,Credit Card
TXN-101800,2024-01-08,CUST1817,Female,38,Beauty,Anti-Aging Facial Serum,2,65.23,5,123.94,Debit Card
TXN-101801,2024-01-08,CUST1502,Female,50,Home & Kitchen,Robot Vacuum Cleaner,3,323.39,0,970.17,UPI / Digital Wallet
TXN-101802,2024-01-08,CUST1446,Male,65,Beauty,Anti-Aging Facial Serum,1,64.31,10,57.88,UPI / Digital Wallet
TXN-101803,2024-01-09,CUST1521,Female,36,Electronics,Wireless Noise-Canceling Earbuds,1,141.52,10,127.37,Credit Card
TXN-101804,2024-01-09,CUST1127,Male,45,Sports & Outdoors,Mountain Trail Backpack,2,101.24,0,202.48,Debit Card
TXN-101805,2024-01-09,CUST1680,Male,30,Sports & Outdoors,Waterproof Camping Tent,1,212.01,0,212.01,Debit Card
TXN-101806,2024-01-09,CUST1296,Male,21,Home & Kitchen,High-Speed Smoothie Blender,2,70.9,5,134.71,Credit Card
TXN-101807,2024-01-09,CUST1051,Male,60,Home & Kitchen,Cast Iron Dutch Oven,3,84.79,5,241.65,Credit Card
TXN-101808,2024-01-09,CUST1118,Male,46,Sports & Outdoors,Mountain Trail Backpack,1,83.99,0,83.99,UPI / Digital Wallet
TXN-101809,2024-01-10,CUST1424,Female,33,Clothing,Formal Wool Blazer,1,201.91,5,191.81,UPI / Digital Wallet
TXN-101810,2024-01-10,CUST1044,Female,31,Electronics,Gaming Laptop 16GB,3,1220.3,5,3477.86,Credit Card
TXN-101811,2024-01-10,CUST1233,Female,52,Home & Kitchen,Cast Iron Dutch Oven,2,91.83,0,183.66,Debit Card
TXN-101812,2024-01-11,CUST1669,Female,18,Beauty,Ionic Hair Dryer Pro,3,90.19,5,257.04,Credit Card
TXN-101813,2024-01-11,CUST1513,Male,49,Home & Kitchen,Digital Air Fryer XL,2,120.26,0,240.52,UPI / Digital Wallet
TXN-101814,2024-01-11,CUST1314,Male,39,Electronics,Ultra HD 4K Smart TV,1,639.69,0,639.69,UPI / Digital Wallet
TXN-101815,2024-01-11,CUST1403,Male,33,Clothing,Athletic Running Shoes,1,107.83,0,107.83,UPI / Digital Wallet
TXN-101816,2024-01-11,CUST1333,Female,38,Clothing,Silk Evening Dress,1,121.02,0,121.02,Cash
TXN-101817,2024-01-11,CUST1083,Female,51,Home & Kitchen,High-Speed Smoothie Blender,2,92.03,0,184.06,Debit Card
TXN-101818,2024-01-11,CUST1321,Male,18,Electronics,Ultra HD 4K Smart TV,1,651.78,5,619.19,Credit Card
TXN-101819,2024-01-11,CUST1356,Female,64,Electronics,Bluetooth Portable Speaker,1,79.88,5,75.89,Cash
TXN-101820,2024-01-11,CUST1660,Female,24,Electronics,Gaming Laptop 16GB,3,1318.92,0,3956.76,Credit Card
TXN-101821,2024-01-11,CUST1227,Female,51,Electronics,Gaming Laptop 16GB,1,1201.32,0,1201.32,Credit Card
TXN-101822,2024-01-11,CUST1377,Female,46,Electronics,Wireless Noise-Canceling Earbuds,1,146.87,10,132.18,Debit Card
TXN-101823,2024-01-12,CUST1154,Male,35,Clothing,Athletic Running Shoes,1,107.62,0,107.62,Credit Card
TXN-101824,2024-01-12,CUST1449,Female,24,Electronics,Smartphone Pro Max,1,879.41,10,791.47,Debit Card
TXN-101825,2024-01-12,CUST1571,Male,36,Clothing,Formal Wool Blazer,1,137.56,5,130.68,Credit Card
TXN-101826,2024-01-13,CUST1606,Female,45,Clothing,Athletic Running Shoes,2,89.67,0,179.34,UPI / Digital Wallet
TXN-101827,2024-01-13,CUST1002,Male,40,Home & Kitchen,Espresso Coffee Machine,1,301.83,0,301.83,Credit Card
TXN-101828,2024-01-13,CUST1721,Female,51,Clothing,Athletic Running Shoes,3,98.88,0,296.64,UPI / Digital Wallet
TXN-101829,2024-01-13,CUST1360,Female,29,Home & Kitchen,Cast Iron Dutch Oven,2,80.72,0,161.44,Credit Card
TXN-101830,2024-01-13,CUST1408,Male,33,Clothing,Casual Chino Pants,2,63.37,0,126.74,Credit Card
TXN-101831,2024-01-13,CUST1679,Male,33,Electronics,Smartphone Pro Max,1,790.33,0,790.33,Debit Card
TXN-101832,2024-01-13,CUST1212,Male,46,Home & Kitchen,Cast Iron Dutch Oven,2,73.97,5,140.54,Credit Card
TXN-101833,2024-01-14,CUST1296,Male,21,Clothing,Premium Cotton T-Shirt,2,27.53,0,55.06,UPI / Digital Wallet
TXN-101834,2024-01-14,CUST1106,Female,70,Home & Kitchen,Robot Vacuum Cleaner,4,329.96,0,1319.84,Credit Card
TXN-101835,2024-01-14,CUST1604,Female,45,Home & Kitchen,Espresso Coffee Machine,5,268.91,0,1344.55,Debit Card
TXN-101836,2024-01-14,CUST1594,Male,42,Electronics,Wireless Noise-Canceling Earbuds,1,158.99,10,143.09,UPI / Digital Wallet
TXN-101837,2024-01-15,CUST1745,Male,44,Home & Kitchen,Non-Stick Cookware Set (10 Pc),2,183.95,0,367.9,UPI / Digital Wallet
TXN-101838,2024-01-15,CUST1132,Female,37,Sports & Outdoors,High-Tension Resistance Bands,1,22.02,10,19.82,Debit Card
TXN-101839,2024-01-15,CUST1333,Female,38,Home & Kitchen,Espresso Coffee Machine,3,267.01,0,801.03,Debit Card
TXN-101840,2024-01-15,CUST1289,Male,24,Clothing,Athletic Running Shoes,2,131.11,0,262.22,Cash
TXN-101841,2024-01-15,CUST1589,Female,22,Electronics,Bluetooth Portable Speaker,1,83.27,0,83.27,Credit Card
TXN-101842,2024-01-15,CUST1148,Female,32,Clothing,Silk Evening Dress,1,142.71,0,142.71,Credit Card
TXN-101843,2024-01-15,CUST1413,Male,42,Clothing,Classic Denim Jacket,1,70.88,10,63.79,UPI / Digital Wallet
TXN-101844,2024-01-15,CUST1449,Female,24,Electronics,Ultra HD 4K Smart TV,1,693.52,0,693.52,Credit Card
TXN-101845,2024-01-16,CUST1425,Male,33,Sports & Outdoors,Eco-Friendly Yoga Mat,1,40.1,0,40.1,Credit Card
TXN-101846,2024-01-16,CUST1768,Female,24,Electronics,Gaming Laptop 16GB,2,1268.33,10,2282.99,Credit Card
TXN-101847,2024-01-16,CUST1299,Female,52,Home & Kitchen,Cast Iron Dutch Oven,1,83.36,5,79.19,UPI / Digital Wallet
TXN-101848,2024-01-16,CUST1204,Male,40,Clothing,Formal Wool Blazer,3,199.64,5,568.97,Debit Card
TXN-101849,2024-01-16,CUST1035,Male,53,Beauty,Ionic Hair Dryer Pro,1,105.13,5,99.87,Credit Card
TXN-101850,2024-01-17,CUST1131,Female,43,Home & Kitchen,Non-Stick Cookware Set (10 Pc),3,172.17,0,516.51,Credit Card
TXN-101851,2024-01-17,CUST1557,Female,49,Beauty,Ionic Hair Dryer Pro,4,110.3,0,441.2,Credit Card
TXN-101852,2024-01-17,CUST1777,Male,30,Electronics,Wireless Noise-Canceling Earbuds,1,169.04,0,169.04,Credit Card
TXN-101853,2024-01-17,CUST1522,Male,25,Home & Kitchen,Cast Iron Dutch Oven,1,78.25,5,74.34,Cash
TXN-101854,2024-01-17,CUST1237,Female,53,Home & Kitchen,Non-Stick Cookware Set (10 Pc),3,183.58,0,550.74,UPI / Digital Wallet
TXN-101855,2024-01-17,CUST1020,Male,23,Beauty,Anti-Aging Facial Serum,3,56.06,5,159.77,Credit Card
TXN-101856,2024-01-17,CUST1597,Female,42,Beauty,Ionic Hair Dryer Pro,2,88.13,5,167.45,Cash
TXN-101857,2024-01-18,CUST1260,Male,45,Beauty,Ionic Hair Dryer Pro,1,109.93,0,109.93,Credit Card
TXN-101858,2024-01-18,CUST1754,Female,55,Home & Kitchen,Digital Air Fryer XL,3,114.97,0,344.91,UPI / Digital Wallet
TXN-101859,2024-01-19,CUST1018,Female,19,Beauty,Organic Sunscreen SPF 50,1,37.57,0,37.57,Credit Card
TXN-101860,2024-01-19,CUST1470,Female,41,Electronics,Smartphone Pro Max,3,861.07,10,2324.89,Cash
TXN-101861,2024-01-19,CUST1785,Male,53,Clothing,Casual Chino Pants,2,34.62,0,69.24,Debit Card
TXN-101862,2024-01-19,CUST1264,Male,51,Home & Kitchen,Cast Iron Dutch Oven,2,84.7,0,169.4,UPI / Digital Wallet
TXN-101863,2024-01-20,CUST1086,Male,29,Home & Kitchen,Digital Air Fryer XL,1,145.21,0,145.21,Credit Card
TXN-101864,2024-01-20,CUST1187,Male,42,Electronics,Wireless Noise-Canceling Earbuds,1,143.68,0,143.68,Cash
TXN-101865,2024-01-20,CUST1751,Male,57,Clothing,Formal Wool Blazer,3,172.66,5,492.08,Debit Card
TXN-101866,2024-01-21,CUST1536,Male,30,Home & Kitchen,Espresso Coffee Machine,2,244.33,0,488.66,UPI / Digital Wallet
TXN-101867,2024-01-21,CUST1357,Male,29,Clothing,Premium Cotton T-Shirt,3,17.36,0,52.08,Credit Card
TXN-101868,2024-01-21,CUST1058,Female,37,Sports & Outdoors,Eco-Friendly Yoga Mat,1,47.22,0,47.22,Debit Card
TXN-101869,2024-01-22,CUST1649,Female,26,Electronics,Fitness Smartwatch,3,189.02,5,538.71,Credit Card
TXN-101870,2024-01-22,CUST1424,Female,33,Sports & Outdoors,Adjustable Dumbbells Set,1,204.34,0,204.34,Debit Card
TXN-101871,2024-01-22,CUST1686,Male,43,Beauty,Ionic Hair Dryer Pro,2,64.0,0,128.0,Debit Card
TXN-101872,2024-01-22,CUST1122,Female,37,Electronics,Gaming Laptop 16GB,1,1149.17,0,1149.17,Credit Card
TXN-101873,2024-01-23,CUST1494,Female,25,Beauty,Organic Sunscreen SPF 50,1,44.43,5,42.21,Cash
TXN-101874,2024-01-23,CUST1153,Female,26,Clothing,Athletic Running Shoes,2,85.39,5,162.24,UPI / Digital Wallet
TXN-101875,2024-01-23,CUST1445,Male,18,Electronics,Ultra HD 4K Smart TV,2,636.9,5,1210.11,Credit Card
TXN-101876,2024-01-23,CUST1382,Male,40,Home & Kitchen,Cast Iron Dutch Oven,1,91.36,0,91.36,Credit Card
TXN-101877,2024-01-24,CUST1836,Male,30,Electronics,Ultra HD 4K Smart TV,1,576.42,5,547.6,Credit Card
TXN-101878,2024-01-24,CUST1825,Male,33,Beauty,Exfoliating Face Scrub,5,18.7,0,93.5,Debit Card
TXN-101879,2024-01-24,CUST1434,Female,37,Electronics,Bluetooth Portable Speaker,2,75.64,0,151.28,Cash
TXN-101880,2024-01-24,CUST1362,Female,33,Electronics,Ultra HD 4K Smart TV,2,737.4,5,1401.06,Credit Card
TXN-101881,2024-01-24,CUST1113,Male,61,Sports & Outdoors,Adjustable Dumbbells Set,1,180.66,0,180.66,Credit Card
TXN-101882,2024-01-24,CUST1770,Female,64,Clothing,Casual Chino Pants,1,56.69,5,53.86,UPI / Digital Wallet
TXN-101883,2024-01-25,CUST1153,Female,26,Electronics,Ultra HD 4K Smart TV,2,668.49,0,1336.98,UPI / Digital Wallet
TXN-101884,2024-01-25,CUST1142,Female,38,Home & Kitchen,Robot Vacuum Cleaner,1,279.15,0,279.15,UPI / Digital Wallet
TXN-101885,2024-01-25,CUST1741,Female,25,Beauty,Ionic Hair Dryer Pro,1,94.39,0,94.39,UPI / Digital Wallet
TXN-101886,2024-01-25,CUST1090,Female,40,Electronics,Bluetooth Portable Speaker,1,78.86,5,74.92,Credit Card
TXN-101887,2024-01-26,CUST1815,Female,30,Clothing,Formal Wool Blazer,2,227.86,0,455.72,Debit Card
TXN-101888,2024-01-26,CUST1317,Female,29,Clothing,Athletic Running Shoes,1,104.81,0,104.81,UPI / Digital Wallet
TXN-101889,2024-01-26,CUST1767,Male,27,Electronics,Bluetooth Portable Speaker,2,100.18,0,200.36,Debit Card
TXN-101890,2024-01-27,CUST1428,Female,42,Sports & Outdoors,Insulated Thermal Water Bottle,1,27.51,0,27.51,Credit Card
TXN-101891,2024-01-27,CUST1584,Male,33,Electronics,Wireless Noise-Canceling Earbuds,3,154.12,0,462.36,Credit Card
TXN-101892,2024-01-27,CUST1794,Female,42,Clothing,Premium Cotton T-Shirt,3,24.27,10,65.53,Debit Card
TXN-101893,2024-01-27,CUST1151,Female,31,Clothing,Casual Chino Pants,2,56.68,5,107.69,Credit Card
TXN-101894,2024-01-27,CUST1013,Female,52,Clothing,Premium Cotton T-Shirt,2,31.07,0,62.14,Debit Card
TXN-101895,2024-01-27,CUST1544,Male,39,Sports & Outdoors,High-Tension Resistance Bands,1,25.39,5,24.12,Cash
TXN-101896,2024-01-27,CUST1318,Female,32,Clothing,Silk Evening Dress,1,145.71,0,145.71,Credit Card
TXN-101897,2024-01-28,CUST1427,Male,64,Home & Kitchen,Robot Vacuum Cleaner,1,320.44,0,320.44,UPI / Digital Wallet
TXN-101898,2024-01-28,CUST1514,Female,47,Beauty,Exfoliating Face Scrub,4,19.81,0,79.24,Debit Card
TXN-101899,2024-01-28,CUST1705,Male,45,Clothing,Formal Wool Blazer,3,206.86,5,589.55,Cash
TXN-101900,2024-01-28,CUST1043,Male,35,Electronics,Ultra HD 4K Smart TV,1,600.76,0,600.76,Debit Card
TXN-101901,2024-01-28,CUST1332,Female,35,Beauty,Luxury Floral Perfume,2,135.21,0,270.42,Cash
TXN-101902,2024-01-29,CUST1401,Male,53,Home & Kitchen,Cast Iron Dutch Oven,1,67.92,0,67.92,Debit Card
TXN-101903,2024-01-29,CUST1157,Male,40,Clothing,Premium Cotton T-Shirt,3,38.52,0,115.56,Credit Card
TXN-101904,2024-01-29,CUST1281,Female,47,Home & Kitchen,High-Speed Smoothie Blender,2,114.36,0,228.72,UPI / Digital Wallet
TXN-101905,2024-01-29,CUST1557,Female,49,Clothing,Classic Denim Jacket,4,76.17,5,289.45,UPI / Digital Wallet
TXN-101906,2024-01-29,CUST1129,Female,52,Home & Kitchen,Cast Iron Dutch Oven,2,89.01,5,169.12,UPI / Digital Wallet
TXN-101907,2024-01-29,CUST1636,Male,37,Sports & Outdoors,High-Tension Resistance Bands,5,29.74,5,141.26,Credit Card
TXN-101908,2024-01-30,CUST1482,Female,45,Beauty,Ionic Hair Dryer Pro,1,90.21,5,85.7,Debit Card
TXN-101909,2024-01-30,CUST1452,Female,29,Beauty,Luxury Floral Perfume,1,143.84,0,143.84,UPI / Digital Wallet
TXN-101910,2024-01-30,CUST1737,Male,39,Clothing,Athletic Running Shoes,5,123.55,5,586.86,Credit Card
TXN-101911,2024-01-30,CUST1094,Male,25,Home & Kitchen,High-Speed Smoothie Blender,3,70.03,0,210.09,Credit Card
TXN-101912,2024-01-30,CUST1617,Female,33,Electronics,Smartphone Pro Max,2,845.01,5,1605.52,Credit Card
TXN-101913,2024-01-31,CUST1832,Female,18,Electronics,Gaming Laptop 16GB,5,1313.83,0,6569.15,Credit Card
TXN-101914,2024-01-31,CUST1662,Male,30,Clothing,Athletic Running Shoes,1,98.41,5,93.49,Credit Card
TXN-101915,2024-01-31,CUST1323,Female,47,Home & Kitchen,Espresso Coffee Machine,2,264.45,0,528.9,Debit Card
TXN-101916,2024-02-01,CUST1159,Male,18,Clothing,Formal Wool Blazer,2,189.61,0,379.22,UPI / Digital Wallet
TXN-101917,2024-02-01,CUST1286,Female,46,Sports & Outdoors,Eco-Friendly Yoga Mat,1,38.63,5,36.7,Debit Card
TXN-101918,2024-02-01,CUST1782,Female,44,Beauty,Luxury Floral Perfume,2,139.16,0,278.32,Credit Card
TXN-101919,2024-02-01,CUST1566,Female,46,Electronics,Smartphone Pro Max,2,836.12,0,1672.24,UPI / Digital Wallet
TXN-101920,2024-02-01,CUST1142,Female,38,Electronics,Smartphone Pro Max,3,880.75,5,2510.14,Debit Card
TXN-101921,2024-02-02,CUST1769,Male,18,Clothing,Classic Denim Jacket,3,68.13,0,204.39,UPI / Digital Wallet
TXN-101922,2024-02-02,CUST1769,Male,18,Sports & Outdoors,High-Tension Resistance Bands,2,24.08,10,43.34,Credit Card
TXN-101923,2024-02-02,CUST1690,Female,18,Clothing,Classic Denim Jacket,2,78.2,10,140.76,UPI / Digital Wallet
TXN-101924,2024-02-03,CUST1376,Male,43,Electronics,Smartphone Pro Max,1,905.46,5,860.19,Credit Card
TXN-101925,2024-02-03,CUST1115,Male,30,Clothing,Formal Wool Blazer,4,190.34,0,761.36,UPI / Digital Wallet
TXN-101926,2024-02-03,CUST1020,Male,23,Electronics,Wireless Noise-Canceling Earbuds,1,156.28,0,156.28,Debit Card
TXN-101927,2024-02-03,CUST1285,Female,49,Electronics,Ultra HD 4K Smart TV,2,692.76,0,1385.52,Debit Card
TXN-101928,2024-02-03,CUST1704,Female,37,Electronics,Smartphone Pro Max,1,887.01,10,798.31,Debit Card
TXN-101929,2024-02-04,CUST1682,Female,32,Beauty,Luxury Floral Perfume,2,139.28,0,278.56,UPI / Digital Wallet
TXN-101930,2024-02-04,CUST1501,Male,67,Clothing,Premium Cotton T-Shirt,1,25.53,0,25.53,UPI / Digital Wallet
TXN-101931,2024-02-04,CUST1211,Male,42,Electronics,Wireless Noise-Canceling Earbuds,1,164.36,10,147.92,UPI / Digital Wallet
TXN-101932,2024-02-04,CUST1122,Female,37,Electronics,Gaming Laptop 16GB,1,1119.78,0,1119.78,UPI / Digital Wallet
TXN-101933,2024-02-04,CUST1356,Female,64,Clothing,Athletic Running Shoes,3,96.41,10,260.31,Cash
TXN-101934,2024-02-05,CUST1152,Female,54,Beauty,Hydrating Matte Lipstick,4,24.64,0,98.56,Credit Card
TXN-101935,2024-02-05,CUST1482,Female,45,Clothing,Casual Chino Pants,1,43.77,10,39.39,Debit Card
TXN-101936,2024-02-05,CUST1554,Male,21,Electronics,Gaming Laptop 16GB,1,1229.1,5,1167.64,Credit Card
TXN-101937,2024-02-05,CUST1392,Female,57,Beauty,Anti-Aging Facial Serum,1,55.32,0,55.32,Credit Card
TXN-101938,2024-02-05,CUST1459,Female,42,Home & Kitchen,High-Speed Smoothie Blender,1,98.59,0,98.59,Credit Card
TXN-101939,2024-02-05,CUST1238,Male,55,Sports & Outdoors,Waterproof Camping Tent,2,188.14,0,376.28,Credit Card
TXN-101940,2024-02-06,CUST1611,Male,26,Electronics,Wireless Noise-Canceling Earbuds,2,138.13,0,276.26,Credit Card
TXN-101941,2024-02-06,CUST1391,Female,18,Electronics,Wireless Noise-Canceling Earbuds,1,161.4,0,161.4,UPI / Digital Wallet
TXN-101942,2024-02-07,CUST1694,Female,22,Electronics,Fitness Smartwatch,3,232.93,0,698.79,Credit Card
TXN-101943,2024-02-07,CUST1007,Male,30,Clothing,Athletic Running Shoes,1,94.47,0,94.47,UPI / Digital Wallet
TXN-101944,2024-02-07,CUST1655,Female,48,Electronics,Wireless Noise-Canceling Earbuds,1,156.96,0,156.96,Credit Card
TXN-101945,2024-02-07,CUST1480,Male,53,Sports & Outdoors,Adjustable Dumbbells Set,1,206.39,5,196.07,Cash
TXN-101946,2024-02-07,CUST1501,Male,67,Beauty,Hydrating Matte Lipstick,1,23.11,0,23.11,UPI / Digital Wallet
TXN-101947,2024-02-08,CUST1115,Male,30,Electronics,Wireless Noise-Canceling Earbuds,3,159.5,5,454.58,Cash
TXN-101948,2024-02-08,CUST1722,Female,30,Clothing,Silk Evening Dress,2,134.25,0,268.5,UPI / Digital Wallet
TXN-101949,2024-02-08,CUST1398,Male,30,Sports & Outdoors,High-Tension Resistance Bands,1,30.79,0,30.79,Credit Card
TXN-101950,2024-02-08,CUST1778,Male,35,Electronics,Wireless Noise-Canceling Earbuds,1,150.4,0,150.4,Credit Card
TXN-101951,2024-02-08,CUST1696,Female,45,Home & Kitchen,Robot Vacuum Cleaner,1,232.73,5,221.09,Cash
TXN-101952,2024-02-09,CUST1572,Female,50,Sports & Outdoors,Mountain Trail Backpack,3,102.12,0,306.36,Credit Card
TXN-101953,2024-02-09,CUST1832,Female,18,Home & Kitchen,High-Speed Smoothie Blender,1,81.14,5,77.08,Debit Card
TXN-101954,2024-02-09,CUST1126,Male,42,Electronics,Fitness Smartwatch,4,221.16,0,884.64,UPI / Digital Wallet
TXN-101955,2024-02-09,CUST1628,Female,27,Clothing,Casual Chino Pants,3,61.95,0,185.85,UPI / Digital Wallet
TXN-101956,2024-02-09,CUST1204,Male,40,Clothing,Silk Evening Dress,1,138.13,5,131.22,Debit Card
TXN-101957,2024-02-10,CUST1681,Female,34,Beauty,Exfoliating Face Scrub,1,19.9,0,19.9,UPI / Digital Wallet
TXN-101958,2024-02-10,CUST1651,Male,37,Sports & Outdoors,High-Tension Resistance Bands,3,25.48,0,76.44,UPI / Digital Wallet
TXN-101959,2024-02-10,CUST1072,Female,30,Beauty,Ionic Hair Dryer Pro,3,107.72,10,290.84,Cash
TXN-101960,2024-02-10,CUST1719,Male,35,Beauty,Exfoliating Face Scrub,4,22.69,0,90.76,Credit Card
TXN-101961,2024-02-10,CUST1146,Male,39,Electronics,Gaming Laptop 16GB,1,1254.89,5,1192.15,UPI / Digital Wallet
TXN-101962,2024-02-10,CUST1155,Female,32,Beauty,Luxury Floral Perfume,2,105.56,0,211.12,Credit Card
TXN-101963,2024-02-10,CUST1578,Female,27,Electronics,Gaming Laptop 16GB,2,1204.34,0,2408.68,Credit Card
TXN-101964,2024-02-12,CUST1675,Male,53,Beauty,Luxury Floral Perfume,1,128.29,10,115.46,Debit Card
TXN-101965,2024-02-12,CUST1724,Male,46,Electronics,Bluetooth Portable Speaker,5,93.86,0,469.3,Debit Card
TXN-101966,2024-02-12,CUST1107,Male,36,Beauty,Ionic Hair Dryer Pro,2,108.17,0,216.34,Credit Card
TXN-101967,2024-02-13,CUST1691,Female,50,Home & Kitchen,Robot Vacuum Cleaner,1,297.1,0,297.1,Credit Card
TXN-101968,2024-02-13,CUST1821,Female,43,Home & Kitchen,Robot Vacuum Cleaner,2,380.46,10,684.83,Credit Card
TXN-101969,2024-02-13,CUST1275,Female,62,Home & Kitchen,Robot Vacuum Cleaner,2,321.71,0,643.42,Credit Card
TXN-101970,2024-02-14,CUST1599,Female,22,Electronics,Ultra HD 4K Smart TV,2,657.43,5,1249.12,UPI / Digital Wallet
TXN-101971,2024-02-14,CUST1058,Female,37,Electronics,Bluetooth Portable Speaker,3,90.0,0,270.0,Credit Card
TXN-101972,2024-02-14,CUST1025,Male,23,Electronics,Smartphone Pro Max,1,851.73,0,851.73,Credit Card
TXN-101973,2024-02-14,CUST1800,Male,47,Sports & Outdoors,Eco-Friendly Yoga Mat,1,42.84,0,42.84,Credit Card
TXN-101974,2024-02-14,CUST1093,Male,19,Clothing,Premium Cotton T-Shirt,1,26.57,5,25.24,UPI / Digital Wallet
TXN-101975,2024-02-14,CUST1326,Male,25,Clothing,Formal Wool Blazer,1,193.27,10,173.94,Credit Card
TXN-101976,2024-02-14,CUST1384,Male,59,Beauty,Hydrating Matte Lipstick,1,31.44,0,31.44,Debit Card
TXN-101977,2024-02-15,CUST1227,Female,51,Home & Kitchen,High-Speed Smoothie Blender,3,86.54,5,246.64,Debit Card
TXN-101978,2024-02-15,CUST1632,Female,23,Clothing,Casual Chino Pants,2,74.44,5,141.44,Credit Card
TXN-101979,2024-02-15,CUST1531,Male,35,Electronics,Smartphone Pro Max,1,783.04,0,783.04,Credit Card
TXN-101980,2024-02-15,CUST1208,Female,30,Home & Kitchen,High-Speed Smoothie Blender,2,97.55,0,195.1,UPI / Digital Wallet
TXN-101981,2024-02-15,CUST1369,Female,43,Beauty,Hydrating Matte Lipstick,1,24.11,0,24.11,Credit Card
TXN-101982,2024-02-16,CUST1103,Female,47,Electronics,Bluetooth Portable Speaker,5,87.81,0,439.05,Debit Card
TXN-101983,2024-02-16,CUST1658,Male,38,Beauty,Anti-Aging Facial Serum,1,67.74,0,67.74,Credit Card
TXN-101984,2024-02-16,CUST1019,Female,27,Clothing,Athletic Running Shoes,2,110.56,10,199.01,Debit Card
TXN-101985,2024-02-16,CUST1678,Male,39,Clothing,Athletic Running Shoes,2,87.35,0,174.7,Credit Card
TXN-101986,2024-02-16,CUST1187,Male,42,Clothing,Premium Cotton T-Shirt,1,29.25,10,26.33,Credit Card
TXN-101987,2024-02-16,CUST1377,Female,46,Beauty,Luxury Floral Perfume,1,116.06,0,116.06,UPI / Digital Wallet
TXN-101988,2024-02-16,CUST1376,Male,43,Sports & Outdoors,Adjustable Dumbbells Set,2,142.01,5,269.82,UPI / Digital Wallet
TXN-101989,2024-02-17,CUST1474,Male,42,Clothing,Casual Chino Pants,2,43.23,5,82.14,UPI / Digital Wallet
TXN-101990,2024-02-17,CUST1063,Female,37,Sports & Outdoors,Waterproof Camping Tent,1,224.39,5,213.17,Debit Card
TXN-101991,2024-02-18,CUST1095,Female,20,Electronics,Bluetooth Portable Speaker,3,99.57,0,298.71,Debit Card
TXN-101992,2024-02-18,CUST1615,Male,45,Sports & Outdoors,Adjustable Dumbbells Set,1,191.6,0,191.6,UPI / Digital Wallet
TXN-101993,2024-02-18,CUST1346,Male,38,Clothing,Athletic Running Shoes,3,114.21,0,342.63,Debit Card
TXN-101994,2024-02-18,CUST1666,Female,37,Clothing,Formal Wool Blazer,3,176.77,0,530.31,Debit Card
TXN-101995,2024-02-18,CUST1609,Male,19,Home & Kitchen,Non-Stick Cookware Set (10 Pc),4,147.35,0,589.4,Cash
TXN-101996,2024-02-18,CUST1833,Female,54,Home & Kitchen,Cast Iron Dutch Oven,4,72.77,0,291.08,UPI / Digital Wallet
TXN-101997,2024-02-18,CUST1476,Female,58,Sports & Outdoors,Waterproof Camping Tent,3,194.27,10,524.53,Credit Card
TXN-101998,2024-02-19,CUST1798,Male,45,Sports & Outdoors,Waterproof Camping Tent,2,175.47,0,350.94,UPI / Digital Wallet
TXN-101999,2024-02-19,CUST1811,Male,43,Beauty,Anti-Aging Facial Serum,2,59.36,0,118.72,UPI / Digital Wallet
TXN-102000,2024-02-19,CUST1810,Male,59,Home & Kitchen,High-Speed Smoothie Blender,3,98.77,5,281.49,UPI / Digital Wallet
TXN-102001,2024-02-20,CUST1389,Male,49,Home & Kitchen,Cast Iron Dutch Oven,4,88.2,0,352.8,UPI / Digital Wallet
TXN-102002,2024-02-20,CUST1390,Male,46,Electronics,Fitness Smartwatch,2,221.73,0,443.46,Credit Card
TXN-102003,2024-02-20,CUST1425,Male,33,Home & Kitchen,Digital Air Fryer XL,1,138.45,5,131.53,Credit Card
TXN-102004,2024-02-20,CUST1060,Female,39,Home & Kitchen,Digital Air Fryer XL,3,119.61,5,340.89,Credit Card
TXN-102005,2024-02-20,CUST1480,Male,53,Home & Kitchen,Robot Vacuum Cleaner,1,346.0,0,346.0,Credit Card
TXN-102006,2024-02-20,CUST1588,Female,29,Clothing,Casual Chino Pants,2,48.2,0,96.4,Debit Card
TXN-102007,2024-02-21,CUST1539,Female,43,Electronics,Fitness Smartwatch,2,207.5,0,415.0,Credit Card
TXN-102008,2024-02-21,CUST1687,Female,53,Beauty,Exfoliating Face Scrub,4,19.01,0,76.04,Cash
TXN-102009,2024-02-21,CUST1218,Male,37,Electronics,Gaming Laptop 16GB,1,1127.31,5,1070.94,Credit Card
TXN-102010,2024-02-21,CUST1369,Female,43,Electronics,Gaming Laptop 16GB,1,1250.2,0,1250.2,UPI / Digital Wallet
TXN-102011,2024-02-22,CUST1838,Male,58,Home & Kitchen,Cast Iron Dutch Oven,3,96.03,0,288.09,UPI / Digital Wallet
TXN-102012,2024-02-22,CUST1587,Female,24,Electronics,Bluetooth Portable Speaker,2,90.2,0,180.4,Credit Card
TXN-102013,2024-02-23,CUST1344,Female,56,Clothing,Premium Cotton T-Shirt,4,34.05,5,129.39,UPI / Digital Wallet
TXN-102014,2024-02-23,CUST1356,Female,64,Beauty,Anti-Aging Facial Serum,1,67.51,10,60.76,Credit Card
TXN-102015,2024-02-23,CUST1199,Male,30,Electronics,Ultra HD 4K Smart TV,5,629.93,5,2992.17,Debit Card
TXN-102016,2024-02-23,CUST1224,Female,70,Home & Kitchen,Espresso Coffee Machine,2,272.67,0,545.34,Credit Card
TXN-102017,2024-02-23,CUST1617,Female,33,Electronics,Ultra HD 4K Smart TV,2,630.36,10,1134.65,Credit Card
TXN-102018,2024-02-23,CUST1797,Male,70,Home & Kitchen,Cast Iron Dutch Oven,1,91.63,0,91.63,Cash
TXN-102019,2024-02-23,CUST1699,Female,18,Beauty,Hydrating Matte Lipstick,1,33.06,5,31.41,Credit Card
TXN-102020,2024-02-23,CUST1443,Female,42,Clothing,Athletic Running Shoes,2,84.75,5,161.02,Credit Card
TXN-102021,2024-02-24,CUST1784,Female,46,Clothing,Athletic Running Shoes,1,99.51,10,89.56,Debit Card
TXN-102022,2024-02-24,CUST1615,Male,45,Beauty,Luxury Floral Perfume,1,117.81,0,117.81,Cash
TXN-102023,2024-02-24,CUST1510,Male,55,Home & Kitchen,Robot Vacuum Cleaner,3,340.69,5,970.97,Credit Card
TXN-102024,2024-02-24,CUST1698,Female,30,Beauty,Exfoliating Face Scrub,1,22.98,5,21.83,Cash
TXN-102025,2024-02-24,CUST1577,Male,70,Electronics,Smartphone Pro Max,2,985.42,10,1773.76,Debit Card
TXN-102026,2024-02-24,CUST1619,Male,39,Beauty,Hydrating Matte Lipstick,4,29.22,0,116.88,Debit Card
TXN-102027,2024-02-24,CUST1649,Female,26,Beauty,Exfoliating Face Scrub,1,26.62,5,25.29,Cash
TXN-102028,2024-02-24,CUST1215,Female,27,Beauty,Exfoliating Face Scrub,1,23.14,5,21.98,Credit Card
TXN-102029,2024-02-24,CUST1231,Female,33,Electronics,Fitness Smartwatch,2,251.62,5,478.08,Credit Card
TXN-102030,2024-02-25,CUST1218,Male,37,Clothing,Formal Wool Blazer,2,165.25,5,313.97,UPI / Digital Wallet
TXN-102031,2024-02-25,CUST1178,Male,37,Clothing,Classic Denim Jacket,1,82.41,0,82.41,Credit Card
TXN-102032,2024-02-25,CUST1478,Male,34,Home & Kitchen,Espresso Coffee Machine,3,256.73,0,770.19,Credit Card
TXN-102033,2024-02-25,CUST1131,Female,43,Beauty,Ionic Hair Dryer Pro,1,100.4,5,95.38,Credit Card
TXN-102034,2024-02-25,CUST1440,Female,39,Home & Kitchen,Non-Stick Cookware Set (10 Pc),2,163.17,5,310.02,UPI / Digital Wallet
TXN-102035,2024-02-25,CUST1133,Female,18,Clothing,Premium Cotton T-Shirt,3,31.24,0,93.72,Credit Card
TXN-102036,2024-02-25,CUST1121,Male,34,Home & Kitchen,Digital Air Fryer XL,1,131.4,5,124.83,Debit Card
TXN-102037,2024-02-26,CUST1213,Female,64,Beauty,Exfoliating Face Scrub,2,18.84,5,35.8,Credit Card
TXN-102038,2024-02-27,CUST1154,Male,35,Sports & Outdoors,High-Tension Resistance Bands,1,26.42,0,26.42,Debit Card
TXN-102039,2024-02-27,CUST1347,Female,29,Home & Kitchen,Cast Iron Dutch Oven,3,76.26,5,217.34,Debit Card
TXN-102040,2024-02-27,CUST1456,Female,49,Sports & Outdoors,Adjustable Dumbbells Set,3,158.62,0,475.86,Credit Card
TXN-102041,2024-02-28,CUST1752,Male,33,Clothing,Silk Evening Dress,1,177.27,10,159.54,Credit Card
TXN-102042,2024-02-28,CUST1279,Male,31,Electronics,Bluetooth Portable Speaker,2,81.51,0,163.02,Cash
TXN-102043,2024-02-28,CUST1276,Male,19,Electronics,Wireless Noise-Canceling Earbuds,1,163.85,10,147.46,UPI / Digital Wallet
TXN-102044,2024-02-28,CUST1116,Male,46,Home & Kitchen,High-Speed Smoothie Blender,1,87.29,0,87.29,Credit Card
TXN-102045,2024-02-28,CUST1016,Female,33,Clothing,Athletic Running Shoes,3,118.49,5,337.7,Credit Card
TXN-102046,2024-02-29,CUST1771,Male,23,Electronics,Wireless Noise-Canceling Earbuds,1,133.19,0,133.19,Debit Card
TXN-102047,2024-02-29,CUST1037,Female,46,Electronics,Ultra HD 4K Smart TV,3,675.62,0,2026.86,Credit Card
TXN-102048,2024-02-29,CUST1118,Male,46,Electronics,Wireless Noise-Canceling Earbuds,1,167.63,0,167.63,Debit Card
TXN-102049,2024-03-01,CUST1318,Female,32,Electronics,Bluetooth Portable Speaker,2,72.59,0,145.18,Credit Card
TXN-102050,2024-03-01,CUST1621,Female,43,Beauty,Ionic Hair Dryer Pro,1,94.33,10,84.9,UPI / Digital Wallet
TXN-102051,2024-03-01,CUST1258,Male,36,Beauty,Exfoliating Face Scrub,1,15.51,0,15.51,Credit Card
TXN-102052,2024-03-01,CUST1434,Female,37,Clothing,Casual Chino Pants,1,48.51,10,43.66,UPI / Digital Wallet
TXN-102053,2024-03-02,CUST1609,Male,19,Electronics,Bluetooth Portable Speaker,2,76.62,10,137.92,UPI / Digital Wallet
TXN-102054,2024-03-02,CUST1832,Female,18,Beauty,Hydrating Matte Lipstick,4,29.95,5,113.81,UPI / Digital Wallet
TXN-102055,2024-03-03,CUST1220,Male,31,Sports & Outdoors,High-Tension Resistance Bands,1,25.76,0,25.76,UPI / Digital Wallet
TXN-102056,2024-03-04,CUST1413,Male,42,Electronics,Smartphone Pro Max,2,831.72,5,1580.27,Cash
TXN-102057,2024-03-04,CUST1214,Male,35,Electronics,Gaming Laptop 16GB,3,1017.31,0,3051.93,Credit Card
TXN-102058,2024-03-04,CUST1783,Female,47,Electronics,Fitness Smartwatch,1,185.29,10,166.76,Debit Card
TXN-102059,2024-03-04,CUST1152,Female,54,Clothing,Premium Cotton T-Shirt,1,25.42,0,25.42,UPI / Digital Wallet
TXN-102060,2024-03-05,CUST1682,Female,32,Electronics,Wireless Noise-Canceling Earbuds,3,172.18,0,516.54,Debit Card
TXN-102061,2024-03-05,CUST1342,Female,30,Electronics,Wireless Noise-Canceling Earbuds,1,178.55,0,178.55,UPI / Digital Wallet
TXN-102062,2024-03-05,CUST1722,Female,30,Home & Kitchen,Non-Stick Cookware Set (10 Pc),2,171.38,0,342.76,Credit Card
TXN-102063,2024-03-06,CUST1574,Male,30,Electronics,Bluetooth Portable Speaker,1,89.01,0,89.01,Debit Card
TXN-102064,2024-03-06,CUST1487,Female,39,Clothing,Classic Denim Jacket,1,67.91,0,67.91,UPI / Digital Wallet
TXN-102065,2024-03-06,CUST1639,Female,36,Sports & Outdoors,Adjustable Dumbbells Set,4,214.79,5,816.2,Credit Card
TXN-102066,2024-03-06,CUST1271,Male,42,Beauty,Organic Sunscreen SPF 50,3,32.09,5,91.46,Cash
TXN-102067,2024-03-06,CUST1669,Female,18,Electronics,Gaming Laptop 16GB,1,1129.17,0,1129.17,Credit Card
TXN-102068,2024-03-06,CUST1082,Female,59,Clothing,Athletic Running Shoes,1,93.55,5,88.87,Credit Card
TXN-102069,2024-03-07,CUST1791,Male,45,Electronics,Fitness Smartwatch,1,207.12,0,207.12,Credit Card
TXN-102070,2024-03-07,CUST1794,Female,42,Clothing,Athletic Running Shoes,2,99.58,0,199.16,Credit Card
TXN-102071,2024-03-07,CUST1738,Female,33,Home & Kitchen,High-Speed Smoothie Blender,2,92.12,0,184.24,UPI / Digital Wallet
TXN-102072,2024-03-07,CUST1805,Male,22,Electronics,Gaming Laptop 16GB,1,1055.86,10,950.27,UPI / Digital Wallet
TXN-102073,2024-03-07,CUST1442,Female,49,Beauty,Hydrating Matte Lipstick,1,29.92,5,28.42,UPI / Digital Wallet
TXN-102074,2024-03-07,CUST1306,Female,40,Beauty,Hydrating Matte Lipstick,1,20.33,5,19.31,UPI / Digital Wallet
TXN-102075,2024-03-08,CUST1427,Male,64,Electronics,Ultra HD 4K Smart TV,3,642.31,10,1734.24,UPI / Digital Wallet
TXN-102076,2024-03-08,CUST1327,Male,37,Sports & Outdoors,Eco-Friendly Yoga Mat,1,46.73,0,46.73,Debit Card
TXN-102077,2024-03-08,CUST1148,Female,32,Home & Kitchen,Robot Vacuum Cleaner,1,328.03,0,328.03,Credit Card
TXN-102078,2024-03-08,CUST1334,Female,40,Electronics,Wireless Noise-Canceling Earbuds,2,184.86,5,351.23,UPI / Digital Wallet
TXN-102079,2024-03-08,CUST1201,Female,44,Clothing,Athletic Running Shoes,1,128.88,0,128.88,UPI / Digital Wallet
TXN-102080,2024-03-09,CUST1455,Female,40,Beauty,Anti-Aging Facial Serum,1,66.21,10,59.59,UPI / Digital Wallet
TXN-102081,2024-03-09,CUST1528,Female,25,Clothing,Athletic Running Shoes,1,114.53,5,108.8,Credit Card
TXN-102082,2024-03-09,CUST1256,Male,41,Beauty,Anti-Aging Facial Serum,4,60.53,5,230.01,Debit Card
TXN-102083,2024-03-09,CUST1389,Male,49,Home & Kitchen,Digital Air Fryer XL,2,130.46,0,260.92,Credit Card
TXN-102084,2024-03-09,CUST1573,Male,66,Sports & Outdoors,Insulated Thermal Water Bottle,1,25.42,5,24.15,UPI / Digital Wallet
TXN-102085,2024-03-09,CUST1816,Male,36,Home & Kitchen,Robot Vacuum Cleaner,1,255.6,10,230.04,Cash
TXN-102086,2024-03-09,CUST1009,Male,39,Clothing,Silk Evening Dress,3,116.0,5,330.6,Credit Card
TXN-102087,2024-03-10,CUST1373,Male,24,Clothing,Premium Cotton T-Shirt,2,28.96,0,57.92,Credit Card
TXN-102088,2024-03-10,CUST1308,Male,36,Clothing,Athletic Running Shoes,1,94.15,5,89.44,UPI / Digital Wallet
TXN-102089,2024-03-10,CUST1255,Male,40,Home & Kitchen,Non-Stick Cookware Set (10 Pc),1,195.9,0,195.9,UPI / Digital Wallet
TXN-102090,2024-03-10,CUST1629,Female,20,Clothing,Formal Wool Blazer,1,232.93,0,232.93,UPI / Digital Wallet
TXN-102091,2024-03-10,CUST1550,Male,28,Clothing,Casual Chino Pants,1,50.5,0,50.5,Cash
TXN-102092,2024-03-10,CUST1497,Female,20,Clothing,Casual Chino Pants,1,48.79,0,48.79,Cash
TXN-102093,2024-03-11,CUST1299,Female,52,Electronics,Bluetooth Portable Speaker,1,100.52,10,90.47,Credit Card
TXN-102094,2024-03-11,CUST1072,Female,30,Electronics,Smartphone Pro Max,1,787.38,5,748.01,Credit Card
TXN-102095,2024-03-11,CUST1252,Male,46,Sports & Outdoors,Mountain Trail Backpack,3,103.05,10,278.23,UPI / Digital Wallet
TXN-102096,2024-03-13,CUST1338,Female,24,Electronics,Ultra HD 4K Smart TV,1,680.58,0,680.58,UPI / Digital Wallet
TXN-102097,2024-03-13,CUST1396,Male,44,Sports & Outdoors,Adjustable Dumbbells Set,2,175.8,0,351.6,Credit Card
TXN-102098,2024-03-13,CUST1833,Female,54,Home & Kitchen,Non-Stick Cookware Set (10 Pc),1,180.34,0,180.34,Credit Card
TXN-102099,2024-03-13,CUST1128,Female,45,Electronics,Wireless Noise-Canceling Earbuds,1,145.59,0,145.59,Credit Card
TXN-102100,2024-03-13,CUST1320,Male,32,Beauty,Luxury Floral Perfume,2,118.52,0,237.04,Debit Card
TXN-102101,2024-03-13,CUST1220,Male,31,Electronics,Ultra HD 4K Smart TV,1,605.93,10,545.34,Debit Card
TXN-102102,2024-03-14,CUST1332,Female,35,Electronics,Smartphone Pro Max,1,856.48,0,856.48,Debit Card
TXN-102103,2024-03-14,CUST1398,Male,30,Home & Kitchen,Digital Air Fryer XL,3,156.1,0,468.3,Credit Card
TXN-102104,2024-03-14,CUST1214,Male,35,Home & Kitchen,Non-Stick Cookware Set (10 Pc),1,148.75,5,141.31,Debit Card
TXN-102105,2024-03-14,CUST1106,Female,70,Sports & Outdoors,Insulated Thermal Water Bottle,1,32.83,5,31.19,UPI / Digital Wallet
TXN-102106,2024-03-15,CUST1524,Male,40,Electronics,Smartphone Pro Max,2,799.59,10,1439.26,Credit Card
TXN-102107,2024-03-15,CUST1849,Male,32,Beauty,Exfoliating Face Scrub,2,23.86,0,47.72,Debit Card
TXN-102108,2024-03-15,CUST1045,Male,51,Electronics,Wireless Noise-Canceling Earbuds,3,159.45,0,478.35,Credit Card
TXN-102109,2024-03-15,CUST1190,Female,41,Home & Kitchen,Digital Air Fryer XL,1,150.36,5,142.84,Credit Card
TXN-102110,2024-03-15,CUST1627,Male,50,Sports & Outdoors,Eco-Friendly Yoga Mat,1,40.16,0,40.16,Cash
TXN-102111,2024-03-15,CUST1676,Female,35,Home & Kitchen,Non-Stick Cookware Set (10 Pc),2,190.27,0,380.54,Cash
TXN-102112,2024-03-16,CUST1508,Male,51,Clothing,Classic Denim Jacket,1,90.54,5,86.01,UPI / Digital Wallet
TXN-102113,2024-03-16,CUST1802,Male,54,Clothing,Silk Evening Dress,2,112.49,0,224.98,Cash
TXN-102114,2024-03-16,CUST1249,Male,38,Clothing,Premium Cotton T-Shirt,3,21.19,0,63.57,UPI / Digital Wallet
TXN-102115,2024-03-17,CUST1468,Female,59,Clothing,Casual Chino Pants,1,49.52,0,49.52,Debit Card
TXN-102116,2024-03-17,CUST1382,Male,40,Sports & Outdoors,Adjustable Dumbbells Set,1,203.7,5,193.52,Credit Card
TXN-102117,2024-03-18,CUST1646,Male,35,Beauty,Hydrating Matte Lipstick,1,30.06,5,28.56,Credit Card
TXN-102118,2024-03-18,CUST1007,Male,30,Electronics,Gaming Laptop 16GB,1,1212.17,10,1090.95,Debit Card
TXN-102119,2024-03-18,CUST1034,Male,33,Sports & Outdoors,Mountain Trail Backpack,4,105.16,0,420.64,Credit Card
TXN-102120,2024-03-18,CUST1453,Male,62,Home & Kitchen,Digital Air Fryer XL,2,132.25,0,264.5,Cash
TXN-102121,2024-03-19,CUST1811,Male,43,Home & Kitchen,Digital Air Fryer XL,3,124.33,5,354.34,UPI / Digital Wallet
TXN-102122,2024-03-19,CUST1372,Female,45,Electronics,Ultra HD 4K Smart TV,2,692.75,5,1316.22,UPI / Digital Wallet
TXN-102123,2024-03-19,CUST1200,Male,27,Sports & Outdoors,Mountain Trail Backpack,1,81.62,0,81.62,Debit Card
TXN-102124,2024-03-19,CUST1721,Female,51,Electronics,Smartphone Pro Max,2,897.12,10,1614.82,Credit Card
TXN-102125,2024-03-19,CUST1311,Female,61,Clothing,Premium Cotton T-Shirt,5,21.88,0,109.4,Credit Card
TXN-102126,2024-03-19,CUST1181,Female,25,Beauty,Luxury Floral Perfume,1,118.3,0,118.3,Cash
TXN-102127,2024-03-20,CUST1580,Female,59,Home & Kitchen,High-Speed Smoothie Blender,3,91.91,0,275.73,Debit Card
TXN-102128,2024-03-20,CUST1383,Male,51,Electronics,Wireless Noise-Canceling Earbuds,2,135.93,0,271.86,Credit Card
TXN-102129,2024-03-20,CUST1553,Male,60,Electronics,Fitness Smartwatch,1,254.8,0,254.8,Debit Card
TXN-102130,2024-03-20,CUST1549,Male,38,Clothing,Classic Denim Jacket,3,89.73,0,269.19,UPI / Digital Wallet
TXN-102131,2024-03-20,CUST1352,Male,51,Electronics,Wireless Noise-Canceling Earbuds,1,131.64,0,131.64,UPI / Digital Wallet
TXN-102132,2024-03-21,CUST1765,Male,51,Home & Kitchen,Non-Stick Cookware Set (10 Pc),1,177.01,0,177.01,Credit Card
TXN-102133,2024-03-21,CUST1140,Male,37,Electronics,Fitness Smartwatch,1,251.82,0,251.82,Credit Card
TXN-102134,2024-03-21,CUST1009,Male,39,Home & Kitchen,Cast Iron Dutch Oven,1,90.24,0,90.24,Credit Card
TXN-102135,2024-03-21,CUST1597,Female,42,Clothing,Premium Cotton T-Shirt,2,29.15,10,52.47,Debit Card
TXN-102136,2024-03-22,CUST1503,Male,33,Sports & Outdoors,Eco-Friendly Yoga Mat,1,57.65,10,51.89,Debit Card
TXN-102137,2024-03-22,CUST1269,Female,18,Electronics,Gaming Laptop 16GB,1,1108.47,0,1108.47,Credit Card
TXN-102138,2024-03-22,CUST1587,Female,24,Electronics,Smartphone Pro Max,1,867.25,10,780.53,Credit Card
TXN-102139,2024-03-22,CUST1091,Male,28,Home & Kitchen,Non-Stick Cookware Set (10 Pc),1,183.19,5,174.03,Credit Card
TXN-102140,2024-03-22,CUST1440,Female,39,Home & Kitchen,Non-Stick Cookware Set (10 Pc),2,159.49,0,318.98,Credit Card
TXN-102141,2024-03-22,CUST1628,Female,27,Beauty,Hydrating Matte Lipstick,1,27.42,10,24.68,Credit Card
TXN-102142,2024-03-22,CUST1446,Male,65,Sports & Outdoors,High-Tension Resistance Bands,2,29.8,5,56.62,Debit Card
TXN-102143,2024-03-23,CUST1081,Male,50,Electronics,Gaming Laptop 16GB,1,1259.63,0,1259.63,Credit Card
TXN-102144,2024-03-23,CUST1010,Female,34,Beauty,Anti-Aging Facial Serum,2,72.51,0,145.02,Debit Card
TXN-102145,2024-03-23,CUST1576,Female,36,Electronics,Wireless Noise-Canceling Earbuds,1,164.8,0,164.8,Debit Card
TXN-102146,2024-03-24,CUST1286,Female,46,Sports & Outdoors,Eco-Friendly Yoga Mat,1,47.14,0,47.14,UPI / Digital Wallet
TXN-102147,2024-03-24,CUST1812,Female,22,Electronics,Wireless Noise-Canceling Earbuds,2,137.33,0,274.66,Cash
TXN-102148,2024-03-24,CUST1399,Male,29,Home & Kitchen,Cast Iron Dutch Oven,5,91.62,0,458.1,Debit Card
TXN-102149,2024-03-24,CUST1453,Male,62,Electronics,Bluetooth Portable Speaker,1,72.42,0,72.42,Credit Card
TXN-102150,2024-03-25,CUST1483,Male,47,Electronics,Wireless Noise-Canceling Earbuds,1,175.83,0,175.83,Credit Card
TXN-102151,2024-03-25,CUST1374,Female,34,Home & Kitchen,Non-Stick Cookware Set (10 Pc),1,183.22,0,183.22,Credit Card
TXN-102152,2024-03-25,CUST1625,Female,36,Beauty,Organic Sunscreen SPF 50,1,42.13,0,42.13,Credit Card
TXN-102153,2024-03-25,CUST1021,Female,60,Home & Kitchen,Cast Iron Dutch Oven,1,55.66,0,55.66,UPI / Digital Wallet
TXN-102154,2024-03-26,CUST1421,Male,32,Home & Kitchen,Cast Iron Dutch Oven,2,81.88,0,163.76,UPI / Digital Wallet
TXN-102155,2024-03-26,CUST1421,Male,32,Clothing,Silk Evening Dress,2,146.91,0,293.82,Credit Card
TXN-102156,2024-03-26,CUST1540,Male,37,Clothing,Silk Evening Dress,1,124.77,10,112.29,UPI / Digital Wallet
TXN-102157,2024-03-26,CUST1092,Male,30,Clothing,Formal Wool Blazer,2,175.44,0,350.88,Credit Card
TXN-102158,2024-03-26,CUST1230,Male,45,Sports & Outdoors,Eco-Friendly Yoga Mat,2,39.47,0,78.94,UPI / Digital Wallet
TXN-102159,2024-03-26,CUST1799,Male,18,Clothing,Formal Wool Blazer,3,163.9,0,491.7,Credit Card
TXN-102160,2024-03-27,CUST1795,Male,60,Beauty,Exfoliating Face Scrub,2,24.18,0,48.36,UPI / Digital Wallet
TXN-102161,2024-03-27,CUST1551,Male,29,Home & Kitchen,High-Speed Smoothie Blender,1,78.19,0,78.19,Credit Card
TXN-102162,2024-03-27,CUST1149,Female,33,Beauty,Exfoliating Face Scrub,2,22.79,0,45.58,UPI / Digital Wallet
TXN-102163,2024-03-27,CUST1707,Male,25,Electronics,Smartphone Pro Max,4,821.27,0,3285.08,Debit Card
TXN-102164,2024-03-28,CUST1163,Male,51,Home & Kitchen,Robot Vacuum Cleaner,1,317.16,10,285.44,UPI / Digital Wallet
TXN-102165,2024-03-28,CUST1707,Male,25,Beauty,Luxury Floral Perfume,2,125.5,0,251.0,Credit Card
TXN-102166,2024-03-28,CUST1406,Female,52,Clothing,Casual Chino Pants,5,58.51,0,292.55,Debit Card
TXN-102167,2024-03-28,CUST1745,Male,44,Home & Kitchen,Espresso Coffee Machine,1,233.44,0,233.44,Credit Card
TXN-102168,2024-03-28,CUST1592,Female,41,Beauty,Luxury Floral Perfume,1,116.61,0,116.61,Debit Card
TXN-102169,2024-03-28,CUST1537,Female,42,Electronics,Ultra HD 4K Smart TV,2,651.75,10,1173.15,Debit Card
TXN-102170,2024-03-28,CUST1187,Male,42,Sports & Outdoors,Waterproof Camping Tent,2,217.06,10,390.71,Credit Card
TXN-102171,2024-03-28,CUST1415,Female,44,Beauty,Luxury Floral Perfume,1,136.87,0,136.87,Debit Card
TXN-102172,2024-03-28,CUST1291,Female,29,Electronics,Gaming Laptop 16GB,2,1066.41,0,2132.82,UPI / Digital Wallet
TXN-102173,2024-03-28,CUST1332,Female,35,Clothing,Silk Evening Dress,4,154.68,0,618.72,Credit Card
TXN-102174,2024-03-29,CUST1156,Male,56,Beauty,Anti-Aging Facial Serum,3,64.5,0,193.5,Credit Card
TXN-102175,2024-03-29,CUST1620,Female,68,Home & Kitchen,Non-Stick Cookware Set (10 Pc),1,159.69,0,159.69,UPI / Digital Wallet
TXN-102176,2024-03-29,CUST1632,Female,23,Electronics,Gaming Laptop 16GB,2,1107.0,0,2214.0,Credit Card
TXN-102177,2024-03-29,CUST1194,Female,29,Clothing,Silk Evening Dress,2,153.01,0,306.02,Debit Card
TXN-102178,2024-03-30,CUST1349,Male,43,Clothing,Formal Wool Blazer,2,194.79,0,389.58,Credit Card
TXN-102179,2024-03-30,CUST1700,Male,30,Electronics,Wireless Noise-Canceling Earbuds,1,150.04,0,150.04,Credit Card
TXN-102180,2024-03-30,CUST1393,Male,55,Home & Kitchen,High-Speed Smoothie Blender,1,86.61,0,86.61,Credit Card
TXN-102181,2024-03-30,CUST1541,Male,45,Clothing,Premium Cotton T-Shirt,1,34.26,10,30.83,Credit Card
TXN-102182,2024-03-31,CUST1535,Male,20,Clothing,Casual Chino Pants,1,74.13,0,74.13,Credit Card
TXN-102183,2024-03-31,CUST1002,Male,40,Electronics,Fitness Smartwatch,1,223.81,0,223.81,Debit Card
TXN-102184,2024-03-31,CUST1124,Female,40,Home & Kitchen,High-Speed Smoothie Blender,1,112.58,5,106.95,Credit Card
TXN-102185,2024-03-31,CUST1011,Male,57,Home & Kitchen,Digital Air Fryer XL,2,141.77,0,283.54,Credit Card
TXN-102186,2024-03-31,CUST1079,Female,44,Home & Kitchen,Cast Iron Dutch Oven,1,78.08,0,78.08,Credit Card
TXN-102187,2024-03-31,CUST1841,Male,53,Home & Kitchen,Non-Stick Cookware Set (10 Pc),1,170.33,0,170.33,Cash
TXN-102188,2024-03-31,CUST1018,Female,19,Electronics,Smartphone Pro Max,1,869.73,0,869.73,UPI / Digital Wallet
TXN-102189,2024-04-01,CUST1607,Female,26,Clothing,Formal Wool Blazer,1,175.73,10,158.16,Debit Card
TXN-102190,2024-04-01,CUST1494,Female,25,Clothing,Silk Evening Dress,2,135.08,0,270.16,Credit Card
TXN-102191,2024-04-01,CUST1012,Male,18,Clothing,Premium Cotton T-Shirt,2,32.3,0,64.6,UPI / Digital Wallet
TXN-102192,2024-04-01,CUST1099,Female,70,Clothing,Silk Evening Dress,2,138.59,5,263.32,UPI / Digital Wallet
TXN-102193,2024-04-01,CUST1577,Male,70,Clothing,Silk Evening Dress,2,154.4,0,308.8,UPI / Digital Wallet
TXN-102194,2024-04-02,CUST1231,Female,33,Home & Kitchen,High-Speed Smoothie Blender,1,87.68,5,83.3,Cash
TXN-102195,2024-04-02,CUST1109,Female,28,Electronics,Smartphone Pro Max,1,751.03,0,751.03,Credit Card
TXN-102196,2024-04-02,CUST1038,Male,45,Clothing,Casual Chino Pants,3,54.41,10,146.91,Credit Card
TXN-102197,2024-04-02,CUST1068,Female,40,Home & Kitchen,Cast Iron Dutch Oven,1,80.71,10,72.64,Debit Card
TXN-102198,2024-04-02,CUST1687,Female,53,Sports & Outdoors,Eco-Friendly Yoga Mat,1,51.05,5,48.5,Credit Card
TXN-102199,2024-04-02,CUST1782,Female,44,Clothing,Premium Cotton T-Shirt,3,26.59,0,79.77,Credit Card
TXN-102200,2024-04-03,CUST1280,Male,24,Home & Kitchen,Espresso Coffee Machine,2,317.57,10,571.63,Credit Card
TXN-102201,2024-04-03,CUST1769,Male,18,Sports & Outdoors,Insulated Thermal Water Bottle,1,27.37,0,27.37,UPI / Digital Wallet
TXN-102202,2024-04-03,CUST1802,Male,54,Clothing,Athletic Running Shoes,1,107.14,0,107.14,Credit Card
TXN-102203,2024-04-03,CUST1386,Female,52,Beauty,Ionic Hair Dryer Pro,1,85.74,10,77.17,Credit Card
TXN-102204,2024-04-04,CUST1738,Female,33,Clothing,Premium Cotton T-Shirt,1,28.38,0,28.38,Cash
TXN-102205,2024-04-04,CUST1428,Female,42,Home & Kitchen,Digital Air Fryer XL,3,136.56,5,389.2,Credit Card
TXN-102206,2024-04-04,CUST1214,Male,35,Beauty,Hydrating Matte Lipstick,2,25.98,5,49.36,Credit Card
TXN-102207,2024-04-04,CUST1166,Female,67,Clothing,Classic Denim Jacket,2,69.43,0,138.86,Credit Card
TXN-102208,2024-04-04,CUST1630,Male,18,Beauty,Anti-Aging Facial Serum,1,57.69,5,54.81,Cash
TXN-102209,2024-04-04,CUST1594,Male,42,Clothing,Formal Wool Blazer,1,165.81,0,165.81,Cash
TXN-102210,2024-04-05,CUST1525,Female,56,Home & Kitchen,Robot Vacuum Cleaner,1,354.93,0,354.93,UPI / Digital Wallet
TXN-102211,2024-04-05,CUST1840,Female,64,Home & Kitchen,Cast Iron Dutch Oven,3,73.41,0,220.23,Cash
TXN-102212,2024-04-05,CUST1531,Male,35,Electronics,Gaming Laptop 16GB,2,1108.16,0,2216.32,Credit Card
TXN-102213,2024-04-05,CUST1624,Male,39,Home & Kitchen,Robot Vacuum Cleaner,3,314.79,10,849.93,Credit Card
TXN-102214,2024-04-06,CUST1664,Female,38,Clothing,Silk Evening Dress,1,118.81,5,112.87,Debit Card
TXN-102215,2024-04-06,CUST1461,Male,37,Clothing,Casual Chino Pants,1,59.75,0,59.75,Credit Card
TXN-102216,2024-04-06,CUST1295,Male,42,Sports & Outdoors,Waterproof Camping Tent,1,199.7,10,179.73,Credit Card
TXN-102217,2024-04-06,CUST1625,Female,36,Clothing,Classic Denim Jacket,2,80.45,10,144.81,Debit Card
TXN-102218,2024-04-06,CUST1804,Female,36,Clothing,Athletic Running Shoes,2,126.28,5,239.93,Debit Card
TXN-102219,2024-04-07,CUST1213,Female,64,Electronics,Gaming Laptop 16GB,1,1240.15,0,1240.15,Credit Card
TXN-102220,2024-04-07,CUST1351,Male,46,Electronics,Fitness Smartwatch,4,187.75,0,751.0,Cash
TXN-102221,2024-04-07,CUST1663,Female,35,Electronics,Fitness Smartwatch,2,206.98,0,413.96,Cash
TXN-102222,2024-04-08,CUST1737,Male,39,Clothing,Classic Denim Jacket,1,71.39,0,71.39,Credit Card
TXN-102223,2024-04-08,CUST1133,Female,18,Home & Kitchen,High-Speed Smoothie Blender,1,77.59,0,77.59,Credit Card
TXN-102224,2024-04-08,CUST1048,Male,18,Electronics,Bluetooth Portable Speaker,3,73.28,0,219.84,UPI / Digital Wallet
TXN-102225,2024-04-09,CUST1235,Male,44,Electronics,Bluetooth Portable Speaker,3,82.96,0,248.88,Credit Card
TXN-102226,2024-04-10,CUST1580,Female,59,Clothing,Athletic Running Shoes,1,123.84,5,117.65,UPI / Digital Wallet
TXN-102227,2024-04-10,CUST1016,Female,33,Beauty,Hydrating Matte Lipstick,3,31.58,0,94.74,UPI / Digital Wallet
TXN-102228,2024-04-10,CUST1819,Female,46,Clothing,Casual Chino Pants,3,51.91,0,155.73,Credit Card
TXN-102229,2024-04-10,CUST1175,Female,26,Clothing,Formal Wool Blazer,1,195.22,5,185.46,Credit Card
TXN-102230,2024-04-10,CUST1804,Female,36,Sports & Outdoors,Mountain Trail Backpack,1,86.05,0,86.05,Credit Card
TXN-102231,2024-04-10,CUST1706,Female,39,Electronics,Bluetooth Portable Speaker,3,93.3,0,279.9,Credit Card
TXN-102232,2024-04-10,CUST1636,Male,37,Sports & Outdoors,High-Tension Resistance Bands,1,29.09,0,29.09,Cash
TXN-102233,2024-04-10,CUST1011,Male,57,Home & Kitchen,Espresso Coffee Machine,1,279.64,0,279.64,Credit Card
TXN-102234,2024-04-10,CUST1029,Female,47,Sports & Outdoors,Mountain Trail Backpack,1,96.54,0,96.54,Credit Card
TXN-102235,2024-04-10,CUST1510,Male,55,Home & Kitchen,Non-Stick Cookware Set (10 Pc),1,186.63,0,186.63,Debit Card
TXN-102236,2024-04-11,CUST1061,Female,39,Beauty,Exfoliating Face Scrub,1,24.49,0,24.49,UPI / Digital Wallet
TXN-102237,2024-04-11,CUST1405,Male,18,Electronics,Gaming Laptop 16GB,2,1176.96,0,2353.92,Credit Card
TXN-102238,2024-04-11,CUST1604,Female,45,Clothing,Silk Evening Dress,2,127.2,5,241.68,Debit Card
TXN-102239,2024-04-11,CUST1476,Female,58,Sports & Outdoors,Waterproof Camping Tent,1,180.38,0,180.38,UPI / Digital Wallet
TXN-102240,2024-04-12,CUST1592,Female,41,Clothing,Classic Denim Jacket,2,66.45,0,132.9,Debit Card
TXN-102241,2024-04-12,CUST1418,Male,50,Home & Kitchen,Espresso Coffee Machine,2,310.34,0,620.68,Debit Card
TXN-102242,2024-04-12,CUST1417,Female,21,Electronics,Fitness Smartwatch,2,223.29,0,446.58,Debit Card
TXN-102243,2024-04-12,CUST1251,Female,47,Sports & Outdoors,Waterproof Camping Tent,2,194.96,10,350.93,Credit Card
TXN-102244,2024-04-12,CUST1264,Male,51,Home & Kitchen,High-Speed Smoothie Blender,5,72.2,0,361.0,UPI / Digital Wallet
TXN-102245,2024-04-13,CUST1613,Female,54,Home & Kitchen,Non-Stick Cookware Set (10 Pc),2,194.12,0,388.24,Credit Card
TXN-102246,2024-04-13,CUST1832,Female,18,Electronics,Fitness Smartwatch,1,226.97,0,226.97,UPI / Digital Wallet
TXN-102247,2024-04-13,CUST1118,Male,46,Beauty,Luxury Floral Perfume,1,153.81,0,153.81,Debit Card
TXN-102248,2024-04-13,CUST1242,Male,53,Beauty,Anti-Aging Facial Serum,1,77.09,10,69.38,UPI / Digital Wallet
TXN-102249,2024-04-13,CUST1502,Female,50,Clothing,Premium Cotton T-Shirt,1,31.39,5,29.82,UPI / Digital Wallet
TXN-102250,2024-04-13,CUST1770,Female,64,Sports & Outdoors,Adjustable Dumbbells Set,2,228.5,0,457.0,UPI / Digital Wallet
TXN-102251,2024-04-13,CUST1224,Female,70,Sports & Outdoors,Adjustable Dumbbells Set,1,186.46,10,167.81,Credit Card
TXN-102252,2024-04-13,CUST1647,Male,28,Electronics,Smartphone Pro Max,1,799.21,0,799.21,Credit Card
TXN-102253,2024-04-13,CUST1699,Female,18,Clothing,Silk Evening Dress,4,153.92,0,615.68,UPI / Digital Wallet
TXN-102254,2024-04-14,CUST1469,Male,23,Electronics,Wireless Noise-Canceling Earbuds,1,138.75,5,131.81,UPI / Digital Wallet
TXN-102255,2024-04-14,CUST1043,Male,35,Clothing,Silk Evening Dress,1,123.44,5,117.27,Debit Card
TXN-102256,2024-04-15,CUST1432,Male,34,Electronics,Gaming Laptop 16GB,1,1274.46,0,1274.46,Credit Card
TXN-102257,2024-04-15,CUST1139,Male,51,Clothing,Classic Denim Jacket,1,66.06,5,62.76,Cash
TXN-102258,2024-04-15,CUST1674,Female,57,Electronics,Wireless Noise-Canceling Earbuds,2,143.94,5,273.49,Credit Card
TXN-102259,2024-04-15,CUST1697,Male,47,Clothing,Classic Denim Jacket,1,68.26,10,61.43,Credit Card
TXN-102260,2024-04-15,CUST1756,Male,43,Electronics,Gaming Laptop 16GB,4,1129.11,5,4290.62,Credit Card
TXN-102261,2024-04-15,CUST1743,Female,29,Beauty,Hydrating Matte Lipstick,1,27.41,5,26.04,Debit Card
TXN-102262,2024-04-16,CUST1532,Male,45,Electronics,Fitness Smartwatch,2,209.86,5,398.73,UPI / Digital Wallet
TXN-102263,2024-04-16,CUST1075,Male,25,Electronics,Ultra HD 4K Smart TV,2,632.81,5,1202.34,Credit Card
TXN-102264,2024-04-16,CUST1116,Male,46,Electronics,Ultra HD 4K Smart TV,2,696.81,0,1393.62,UPI / Digital Wallet
TXN-102265,2024-04-16,CUST1643,Female,42,Electronics,Wireless Noise-Canceling Earbuds,2,126.04,0,252.08,Credit Card
TXN-102266,2024-04-16,CUST1147,Female,31,Beauty,Organic Sunscreen SPF 50,1,29.87,0,29.87,Credit Card
TXN-102267,2024-04-16,CUST1418,Male,50,Electronics,Bluetooth Portable Speaker,1,82.2,5,78.09,Credit Card
TXN-102268,2024-04-16,CUST1007,Male,30,Home & Kitchen,Non-Stick Cookware Set (10 Pc),1,158.31,0,158.31,Credit Card
TXN-102269,2024-04-17,CUST1419,Male,31,Electronics,Ultra HD 4K Smart TV,1,623.26,10,560.93,UPI / Digital Wallet
TXN-102270,2024-04-17,CUST1227,Female,51,Beauty,Anti-Aging Facial Serum,1,69.85,0,69.85,Debit Card
TXN-102271,2024-04-17,CUST1486,Female,36,Beauty,Anti-Aging Facial Serum,3,59.28,0,177.84,Cash
TXN-102272,2024-04-17,CUST1795,Male,60,Electronics,Bluetooth Portable Speaker,1,69.0,0,69.0,Credit Card
TXN-102273,2024-04-17,CUST1029,Female,47,Beauty,Organic Sunscreen SPF 50,1,29.84,5,28.35,Credit Card
TXN-102274,2024-04-17,CUST1220,Male,31,Sports & Outdoors,Mountain Trail Backpack,3,86.23,0,258.69,Credit Card
TXN-102275,2024-04-18,CUST1270,Male,30,Clothing,Premium Cotton T-Shirt,5,30.82,5,146.4,Debit Card
TXN-102276,2024-04-18,CUST1388,Male,35,Electronics,Gaming Laptop 16GB,1,1082.33,0,1082.33,Debit Card
TXN-102277,2024-04-18,CUST1368,Female,60,Electronics,Ultra HD 4K Smart TV,1,688.25,5,653.84,Credit Card
TXN-102278,2024-04-18,CUST1775,Female,48,Home & Kitchen,Espresso Coffee Machine,1,317.69,5,301.81,UPI / Digital Wallet
TXN-102279,2024-04-18,CUST1848,Female,35,Electronics,Gaming Laptop 16GB,3,1170.6,0,3511.8,UPI / Digital Wallet
TXN-102280,2024-04-18,CUST1388,Male,35,Electronics,Wireless Noise-Canceling Earbuds,1,141.75,0,141.75,Debit Card
TXN-102281,2024-04-19,CUST1307,Female,47,Clothing,Silk Evening Dress,2,141.19,10,254.14,UPI / Digital Wallet
TXN-102282,2024-04-19,CUST1064,Female,42,Home & Kitchen,Cast Iron Dutch Oven,1,66.59,5,63.26,UPI / Digital Wallet
TXN-102283,2024-04-19,CUST1455,Female,40,Sports & Outdoors,Eco-Friendly Yoga Mat,1,42.41,0,42.41,Credit Card
TXN-102284,2024-04-19,CUST1094,Male,25,Sports & Outdoors,Waterproof Camping Tent,3,199.38,0,598.14,Credit Card
TXN-102285,2024-04-19,CUST1499,Male,51,Home & Kitchen,Digital Air Fryer XL,2,151.45,0,302.9,UPI / Digital Wallet
TXN-102286,2024-04-19,CUST1393,Male,55,Home & Kitchen,Espresso Coffee Machine,3,308.67,0,926.01,Credit Card
TXN-102287,2024-04-19,CUST1669,Female,18,Clothing,Classic Denim Jacket,1,76.13,5,72.32,Debit Card
TXN-102288,2024-04-20,CUST1347,Female,29,Sports & Outdoors,Eco-Friendly Yoga Mat,1,46.04,0,46.04,Credit Card
TXN-102289,2024-04-20,CUST1739,Female,40,Home & Kitchen,Espresso Coffee Machine,2,315.92,0,631.84,Credit Card
TXN-102290,2024-04-20,CUST1085,Female,21,Home & Kitchen,Non-Stick Cookware Set (10 Pc),1,187.48,10,168.73,Credit Card
TXN-102291,2024-04-20,CUST1750,Female,19,Clothing,Classic Denim Jacket,1,86.39,0,86.39,Debit Card
TXN-102292,2024-04-20,CUST1562,Female,27,Clothing,Formal Wool Blazer,1,207.83,0,207.83,Credit Card
TXN-102293,2024-04-21,CUST1587,Female,24,Beauty,Anti-Aging Facial Serum,1,59.27,5,56.31,Debit Card
TXN-102294,2024-04-21,CUST1770,Female,64,Electronics,Bluetooth Portable Speaker,1,83.61,5,79.43,Cash
TXN-102295,2024-04-21,CUST1015,Female,18,Home & Kitchen,Cast Iron Dutch Oven,1,87.94,0,87.94,UPI / Digital Wallet
TXN-102296,2024-04-21,CUST1819,Female,46,Electronics,Smartphone Pro Max,3,839.85,0,2519.55,Debit Card
TXN-102297,2024-04-21,CUST1059,Female,52,Clothing,Classic Denim Jacket,1,61.89,5,58.8,UPI / Digital Wallet
TXN-102298,2024-04-21,CUST1423,Female,49,Sports & Outdoors,Eco-Friendly Yoga Mat,1,37.5,0,37.5,Credit Card
TXN-102299,2024-04-22,CUST1305,Male,55,Sports & Outdoors,Eco-Friendly Yoga Mat,1,40.35,5,38.33,Credit Card
TXN-102300,2024-04-22,CUST1742,Male,53,Home & Kitchen,High-Speed Smoothie Blender,1,107.34,0,107.34,Credit Card
TXN-102301,2024-04-22,CUST1537,Female,42,Clothing,Classic Denim Jacket,1,88.75,0,88.75,Credit Card
TXN-102302,2024-04-22,CUST1565,Male,42,Beauty,Anti-Aging Facial Serum,1,64.24,0,64.24,Credit Card
TXN-102303,2024-04-22,CUST1683,Male,40,Beauty,Exfoliating Face Scrub,4,21.95,0,87.8,UPI / Digital Wallet
TXN-102304,2024-04-23,CUST1437,Male,38,Beauty,Organic Sunscreen SPF 50,1,37.32,0,37.32,Credit Card
TXN-102305,2024-04-23,CUST1780,Male,34,Clothing,Formal Wool Blazer,2,159.84,0,319.68,Credit Card
TXN-102306,2024-04-23,CUST1072,Female,30,Sports & Outdoors,High-Tension Resistance Bands,1,30.83,0,30.83,UPI / Digital Wallet
TXN-102307,2024-04-24,CUST1848,Female,35,Electronics,Gaming Laptop 16GB,1,1060.58,0,1060.58,Credit Card
TXN-102308,2024-04-24,CUST1070,Male,38,Home & Kitchen,Cast Iron Dutch Oven,1,72.27,10,65.04,Credit Card
TXN-102309,2024-04-24,CUST1152,Female,54,Home & Kitchen,Digital Air Fryer XL,2,141.42,0,282.84,Cash
TXN-102310,2024-04-24,CUST1306,Female,40,Clothing,Athletic Running Shoes,1,97.96,0,97.96,Credit Card
TXN-102311,2024-04-24,CUST1269,Female,18,Sports & Outdoors,Waterproof Camping Tent,1,215.48,0,215.48,Debit Card
TXN-102312,2024-04-25,CUST1393,Male,55,Sports & Outdoors,Mountain Trail Backpack,1,96.82,0,96.82,UPI / Digital Wallet
TXN-102313,2024-04-26,CUST1781,Male,58,Sports & Outdoors,Adjustable Dumbbells Set,1,196.87,0,196.87,UPI / Digital Wallet
TXN-102314,2024-04-26,CUST1196,Male,29,Electronics,Smartphone Pro Max,1,795.05,0,795.05,Debit Card
TXN-102315,2024-04-26,CUST1034,Male,33,Sports & Outdoors,Eco-Friendly Yoga Mat,1,35.87,5,34.08,Credit Card
TXN-102316,2024-04-26,CUST1522,Male,25,Beauty,Hydrating Matte Lipstick,1,34.31,5,32.59,Cash
TXN-102317,2024-04-26,CUST1565,Male,42,Electronics,Gaming Laptop 16GB,3,1143.93,0,3431.79,Cash
TXN-102318,2024-04-26,CUST1097,Female,51,Clothing,Classic Denim Jacket,1,58.31,0,58.31,Cash
TXN-102319,2024-04-27,CUST1140,Male,37,Sports & Outdoors,Adjustable Dumbbells Set,1,174.22,5,165.51,Credit Card
TXN-102320,2024-04-27,CUST1767,Male,27,Sports & Outdoors,High-Tension Resistance Bands,2,22.28,0,44.56,Debit Card
TXN-102321,2024-04-27,CUST1529,Male,50,Electronics,Wireless Noise-Canceling Earbuds,4,164.79,5,626.2,Credit Card
TXN-102322,2024-04-29,CUST1117,Female,50,Clothing,Premium Cotton T-Shirt,2,25.42,0,50.84,Credit Card
TXN-102323,2024-04-29,CUST1108,Female,52,Electronics,Fitness Smartwatch,1,175.66,0,175.66,Debit Card
TXN-102324,2024-04-29,CUST1611,Male,26,Electronics,Smartphone Pro Max,1,953.96,0,953.96,UPI / Digital Wallet
TXN-102325,2024-04-29,CUST1711,Male,25,Electronics,Wireless Noise-Canceling Earbuds,1,131.27,5,124.71,Credit Card
TXN-102326,2024-04-29,CUST1753,Female,34,Sports & Outdoors,Eco-Friendly Yoga Mat,2,31.26,0,62.52,Credit Card
TXN-102327,2024-04-30,CUST1330,Female,57,Beauty,Hydrating Matte Lipstick,2,23.37,0,46.74,Debit Card
TXN-102328,2024-04-30,CUST1506,Male,19,Clothing,Athletic Running Shoes,3,107.79,5,307.2,UPI / Digital Wallet
TXN-102329,2024-04-30,CUST1680,Male,30,Home & Kitchen,Espresso Coffee Machine,1,311.46,0,311.46,Debit Card
TXN-102330,2024-04-30,CUST1759,Male,50,Clothing,Classic Denim Jacket,2,84.48,0,168.96,Credit Card
TXN-102331,2024-04-30,CUST1052,Male,18,Sports & Outdoors,Adjustable Dumbbells Set,1,190.97,0,190.97,Debit Card
TXN-102332,2024-04-30,CUST1827,Female,32,Beauty,Organic Sunscreen SPF 50,1,36.9,10,33.21,Credit Card
TXN-102333,2024-04-30,CUST1583,Female,59,Sports & Outdoors,Waterproof Camping Tent,1,265.53,5,252.25,Debit Card
TXN-102334,2024-04-30,CUST1774,Male,41,Home & Kitchen,Cast Iron Dutch Oven,1,84.65,0,84.65,Debit Card
TXN-102335,2024-05-01,CUST1200,Male,27,Electronics,Gaming Laptop 16GB,2,1222.53,0,2445.06,UPI / Digital Wallet
TXN-102336,2024-05-01,CUST1218,Male,37,Electronics,Ultra HD 4K Smart TV,1,675.35,0,675.35,Credit Card
TXN-102337,2024-05-02,CUST1051,Male,60,Home & Kitchen,Non-Stick Cookware Set (10 Pc),5,173.93,0,869.65,UPI / Digital Wallet
TXN-102338,2024-05-02,CUST1112,Male,29,Electronics,Ultra HD 4K Smart TV,2,679.0,0,1358.0,UPI / Digital Wallet
TXN-102339,2024-05-02,CUST1045,Male,51,Clothing,Premium Cotton T-Shirt,1,29.81,0,29.81,Credit Card
TXN-102340,2024-05-03,CUST1835,Female,70,Home & Kitchen,Cast Iron Dutch Oven,1,77.3,0,77.3,UPI / Digital Wallet
TXN-102341,2024-05-03,CUST1049,Female,45,Beauty,Organic Sunscreen SPF 50,1,34.07,0,34.07,Credit Card
TXN-102342,2024-05-03,CUST1214,Male,35,Clothing,Athletic Running Shoes,1,73.31,5,69.64,Debit Card
TXN-102343,2024-05-03,CUST1194,Female,29,Sports & Outdoors,Adjustable Dumbbells Set,1,203.54,5,193.36,Debit Card
TXN-102344,2024-05-03,CUST1655,Female,48,Beauty,Anti-Aging Facial Serum,1,59.72,5,56.73,Credit Card
TXN-102345,2024-05-04,CUST1019,Female,27,Beauty,Organic Sunscreen SPF 50,1,36.89,5,35.05,Credit Card
TXN-102346,2024-05-04,CUST1190,Female,41,Clothing,Silk Evening Dress,2,168.32,0,336.64,UPI / Digital Wallet
TXN-102347,2024-05-04,CUST1313,Male,19,Electronics,Gaming Laptop 16GB,2,1210.43,5,2299.82,Cash
TXN-102348,2024-05-04,CUST1238,Male,55,Sports & Outdoors,High-Tension Resistance Bands,1,26.71,10,24.04,Debit Card
TXN-102349,2024-05-04,CUST1803,Male,46,Beauty,Exfoliating Face Scrub,2,20.94,0,41.88,Credit Card
TXN-102350,2024-05-05,CUST1827,Female,32,Clothing,Formal Wool Blazer,2,157.45,0,314.9,Credit Card
TXN-102351,2024-05-05,CUST1422,Female,57,Electronics,Wireless Noise-Canceling Earbuds,2,140.29,5,266.55,Debit Card
TXN-102352,2024-05-06,CUST1716,Male,20,Clothing,Classic Denim Jacket,1,89.88,10,80.89,Credit Card
TXN-102353,2024-05-06,CUST1667,Female,44,Sports & Outdoors,Insulated Thermal Water Bottle,1,23.61,0,23.61,Credit Card
TXN-102354,2024-05-06,CUST1570,Female,38,Home & Kitchen,High-Speed Smoothie Blender,1,83.43,0,83.43,Debit Card
TXN-102355,2024-05-06,CUST1081,Male,50,Clothing,Silk Evening Dress,2,132.69,5,252.11,Credit Card
TXN-102356,2024-05-06,CUST1515,Female,41,Sports & Outdoors,Eco-Friendly Yoga Mat,1,50.99,5,48.44,Credit Card
TXN-102357,2024-05-06,CUST1041,Female,21,Electronics,Fitness Smartwatch,3,206.71,0,620.13,UPI / Digital Wallet
TXN-102358,2024-05-07,CUST1104,Male,30,Home & Kitchen,High-Speed Smoothie Blender,1,91.43,0,91.43,Credit Card
TXN-102359,2024-05-07,CUST1398,Male,30,Electronics,Ultra HD 4K Smart TV,1,593.79,5,564.1,Credit Card
TXN-102360,2024-05-08,CUST1557,Female,49,Electronics,Gaming Laptop 16GB,1,1221.36,10,1099.22,Debit Card
TXN-102361,2024-05-08,CUST1078,Female,51,Sports & Outdoors,High-Tension Resistance Bands,3,23.33,10,62.99,Debit Card
TXN-102362,2024-05-08,CUST1157,Male,40,Electronics,Fitness Smartwatch,1,205.68,5,195.4,Cash
TXN-102363,2024-05-08,CUST1593,Female,18,Clothing,Formal Wool Blazer,1,212.55,0,212.55,Credit Card
TXN-102364,2024-05-08,CUST1609,Male,19,Clothing,Classic Denim Jacket,1,63.83,0,63.83,UPI / Digital Wallet
TXN-102365,2024-05-08,CUST1686,Male,43,Beauty,Exfoliating Face Scrub,1,27.75,0,27.75,Cash
TXN-102366,2024-05-08,CUST1555,Female,28,Sports & Outdoors,Mountain Trail Backpack,3,85.12,0,255.36,UPI / Digital Wallet
TXN-102367,2024-05-09,CUST1738,Female,33,Beauty,Luxury Floral Perfume,1,105.44,0,105.44,Credit Card
TXN-102368,2024-05-09,CUST1430,Female,51,Electronics,Gaming Laptop 16GB,1,1291.94,5,1227.34,Credit Card
TXN-102369,2024-05-09,CUST1721,Female,51,Home & Kitchen,High-Speed Smoothie Blender,1,98.77,5,93.83,Credit Card
TXN-102370,2024-05-09,CUST1490,Female,23,Electronics,Ultra HD 4K Smart TV,1,618.2,5,587.29,UPI / Digital Wallet
TXN-102371,2024-05-10,CUST1048,Male,18,Beauty,Organic Sunscreen SPF 50,1,33.43,0,33.43,Credit Card
TXN-102372,2024-05-10,CUST1211,Male,42,Home & Kitchen,High-Speed Smoothie Blender,1,85.86,0,85.86,Credit Card
TXN-102373,2024-05-10,CUST1052,Male,18,Electronics,Gaming Laptop 16GB,1,1164.43,10,1047.99,Debit Card
TXN-102374,2024-05-10,CUST1795,Male,60,Home & Kitchen,Non-Stick Cookware Set (10 Pc),4,155.16,5,589.61,UPI / Digital Wallet
TXN-102375,2024-05-10,CUST1395,Male,43,Clothing,Casual Chino Pants,3,47.3,10,127.71,Cash
TXN-102376,2024-05-10,CUST1336,Male,34,Home & Kitchen,Espresso Coffee Machine,1,273.82,0,273.82,Credit Card
TXN-102377,2024-05-10,CUST1096,Male,25,Electronics,Bluetooth Portable Speaker,1,104.91,5,99.66,Debit Card
TXN-102378,2024-05-10,CUST1826,Female,60,Home & Kitchen,Robot Vacuum Cleaner,1,323.77,0,323.77,UPI / Digital Wallet
TXN-102379,2024-05-10,CUST1336,Male,34,Electronics,Gaming Laptop 16GB,2,1250.82,5,2376.56,Debit Card
TXN-102380,2024-05-11,CUST1446,Male,65,Home & Kitchen,Espresso Coffee Machine,1,252.77,0,252.77,Credit Card
TXN-102381,2024-05-11,CUST1446,Male,65,Clothing,Classic Denim Jacket,1,93.76,0,93.76,Credit Card
TXN-102382,2024-05-11,CUST1335,Female,18,Electronics,Wireless Noise-Canceling Earbuds,2,171.95,5,326.7,Credit Card
TXN-102383,2024-05-11,CUST1428,Female,42,Home & Kitchen,Cast Iron Dutch Oven,1,91.27,0,91.27,Credit Card
TXN-102384,2024-05-12,CUST1470,Female,41,Electronics,Ultra HD 4K Smart TV,2,597.49,5,1135.23,Credit Card
TXN-102385,2024-05-12,CUST1056,Female,30,Beauty,Organic Sunscreen SPF 50,1,33.06,5,31.41,Cash
TXN-102386,2024-05-12,CUST1526,Female,49,Electronics,Fitness Smartwatch,2,194.84,0,389.68,Cash
TXN-102387,2024-05-13,CUST1419,Male,31,Electronics,Gaming Laptop 16GB,1,1082.1,5,1028.0,UPI / Digital Wallet
TXN-102388,2024-05-13,CUST1835,Female,70,Electronics,Fitness Smartwatch,1,186.95,5,177.6,Debit Card
TXN-102389,2024-05-13,CUST1811,Male,43,Electronics,Ultra HD 4K Smart TV,1,677.76,0,677.76,Credit Card
TXN-102390,2024-05-13,CUST1191,Male,69,Beauty,Anti-Aging Facial Serum,1,65.91,0,65.91,Credit Card
TXN-102391,2024-05-14,CUST1315,Male,29,Clothing,Formal Wool Blazer,5,164.67,0,823.35,Credit Card
TXN-102392,2024-05-14,CUST1296,Male,21,Beauty,Anti-Aging Facial Serum,2,66.7,0,133.4,Credit Card
TXN-102393,2024-05-15,CUST1843,Male,45,Home & Kitchen,High-Speed Smoothie Blender,2,74.45,0,148.9,Cash
TXN-102394,2024-05-15,CUST1132,Female,37,Beauty,Exfoliating Face Scrub,1,27.8,0,27.8,Credit Card
TXN-102395,2024-05-16,CUST1832,Female,18,Beauty,Hydrating Matte Lipstick,2,27.69,0,55.38,Credit Card
TXN-102396,2024-05-16,CUST1172,Female,32,Clothing,Silk Evening Dress,5,115.38,0,576.9,Credit Card
TXN-102397,2024-05-16,CUST1271,Male,42,Clothing,Premium Cotton T-Shirt,1,35.97,0,35.97,Credit Card
TXN-102398,2024-05-16,CUST1689,Female,18,Clothing,Athletic Running Shoes,1,121.54,0,121.54,Debit Card
TXN-102399,2024-05-16,CUST1151,Female,31,Electronics,Fitness Smartwatch,1,177.5,0,177.5,Debit Card
TXN-102400,2024-05-16,CUST1061,Female,39,Sports & Outdoors,Eco-Friendly Yoga Mat,2,44.33,0,88.66,Debit Card
TXN-102401,2024-05-17,CUST1154,Male,35,Clothing,Formal Wool Blazer,1,194.48,0,194.48,Credit Card
TXN-102402,2024-05-17,CUST1711,Male,25,Electronics,Fitness Smartwatch,1,240.25,0,240.25,Credit Card
TXN-102403,2024-05-17,CUST1441,Male,18,Home & Kitchen,Robot Vacuum Cleaner,1,362.69,5,344.56,Credit Card
TXN-102404,2024-05-17,CUST1616,Female,23,Beauty,Luxury Floral Perfume,1,94.65,0,94.65,Cash
TXN-102405,2024-05-17,CUST1445,Male,18,Electronics,Ultra HD 4K Smart TV,3,685.74,10,1851.5,UPI / Digital Wallet
TXN-102406,2024-05-17,CUST1161,Male,49,Clothing,Silk Evening Dress,3,125.37,0,376.11,Credit Card
TXN-102407,2024-05-18,CUST1449,Female,24,Sports & Outdoors,Eco-Friendly Yoga Mat,2,45.47,5,86.39,Credit Card
TXN-102408,2024-05-18,CUST1778,Male,35,Electronics,Gaming Laptop 16GB,2,987.0,0,1974.0,Debit Card
TXN-102409,2024-05-18,CUST1526,Female,49,Sports & Outdoors,High-Tension Resistance Bands,2,18.79,5,35.7,Debit Card
TXN-102410,2024-05-19,CUST1171,Female,31,Home & Kitchen,High-Speed Smoothie Blender,1,88.81,0,88.81,Credit Card
TXN-102411,2024-05-19,CUST1630,Male,18,Clothing,Classic Denim Jacket,1,81.69,0,81.69,Credit Card
TXN-102412,2024-05-19,CUST1521,Female,36,Electronics,Gaming Laptop 16GB,1,1076.54,5,1022.71,UPI / Digital Wallet
TXN-102413,2024-05-19,CUST1601,Female,43,Sports & Outdoors,High-Tension Resistance Bands,1,26.8,5,25.46,UPI / Digital Wallet
TXN-102414,2024-05-19,CUST1404,Female,48,Sports & Outdoors,Adjustable Dumbbells Set,1,156.63,10,140.97,Debit Card
TXN-102415,2024-05-20,CUST1644,Female,29,Clothing,Athletic Running Shoes,3,102.41,5,291.87,Debit Card
TXN-102416,2024-05-20,CUST1793,Male,38,Sports & Outdoors,Waterproof Camping Tent,1,216.12,0,216.12,Debit Card
TXN-102417,2024-05-20,CUST1548,Male,38,Clothing,Athletic Running Shoes,4,112.19,0,448.76,Credit Card
TXN-102418,2024-05-20,CUST1120,Male,28,Sports & Outdoors,Mountain Trail Backpack,1,91.64,0,91.64,Credit Card
TXN-102419,2024-05-20,CUST1628,Female,27,Clothing,Silk Evening Dress,1,136.7,0,136.7,UPI / Digital Wallet
TXN-102420,2024-05-20,CUST1134,Male,43,Beauty,Hydrating Matte Lipstick,1,28.19,5,26.78,Cash
TXN-102421,2024-05-20,CUST1741,Female,25,Beauty,Organic Sunscreen SPF 50,2,39.98,0,79.96,UPI / Digital Wallet
TXN-102422,2024-05-20,CUST1755,Male,45,Beauty,Luxury Floral Perfume,4,116.89,0,467.56,Debit Card
TXN-102423,2024-05-20,CUST1539,Female,43,Beauty,Exfoliating Face Scrub,1,16.27,5,15.46,UPI / Digital Wallet
TXN-102424,2024-05-21,CUST1845,Female,30,Clothing,Classic Denim Jacket,4,71.76,0,287.04,UPI / Digital Wallet
TXN-102425,2024-05-21,CUST1393,Male,55,Home & Kitchen,High-Speed Smoothie Blender,3,90.21,0,270.63,Debit Card
TXN-102426,2024-05-21,CUST1317,Female,29,Electronics,Ultra HD 4K Smart TV,1,617.01,0,617.01,UPI / Digital Wallet
TXN-102427,2024-05-22,CUST1408,Male,33,Electronics,Fitness Smartwatch,1,206.41,5,196.09,UPI / Digital Wallet
TXN-102428,2024-05-22,CUST1154,Male,35,Electronics,Fitness Smartwatch,2,242.83,10,437.09,Credit Card
TXN-102429,2024-05-22,CUST1322,Male,18,Clothing,Casual Chino Pants,2,53.04,5,100.78,Credit Card
TXN-102430,2024-05-22,CUST1401,Male,53,Beauty,Anti-Aging Facial Serum,3,66.59,0,199.77,Cash
TXN-102431,2024-05-22,CUST1269,Female,18,Beauty,Exfoliating Face Scrub,1,19.18,0,19.18,UPI / Digital Wallet
TXN-102432,2024-05-22,CUST1414,Male,37,Clothing,Premium Cotton T-Shirt,1,27.7,5,26.32,Debit Card
TXN-102433,2024-05-23,CUST1462,Male,40,Clothing,Athletic Running Shoes,1,102.84,5,97.7,Credit Card
TXN-102434,2024-05-23,CUST1491,Male,19,Clothing,Silk Evening Dress,3,152.7,0,458.1,UPI / Digital Wallet
TXN-102435,2024-05-23,CUST1062,Male,33,Sports & Outdoors,High-Tension Resistance Bands,1,24.78,5,23.54,UPI / Digital Wallet
TXN-102436,2024-05-23,CUST1200,Male,27,Sports & Outdoors,Waterproof Camping Tent,2,204.05,0,408.1,Debit Card
TXN-102437,2024-05-23,CUST1434,Female,37,Sports & Outdoors,Insulated Thermal Water Bottle,2,25.81,0,51.62,UPI / Digital Wallet
TXN-102438,2024-05-24,CUST1128,Female,45,Beauty,Anti-Aging Facial Serum,2,61.44,5,116.74,UPI / Digital Wallet
TXN-102439,2024-05-25,CUST1350,Female,49,Beauty,Ionic Hair Dryer Pro,1,97.81,0,97.81,UPI / Digital Wallet
TXN-102440,2024-05-25,CUST1028,Male,22,Clothing,Casual Chino Pants,1,52.67,0,52.67,Cash
TXN-102441,2024-05-25,CUST1142,Female,38,Electronics,Smartphone Pro Max,1,828.04,0,828.04,Credit Card
TXN-102442,2024-05-25,CUST1312,Female,37,Beauty,Exfoliating Face Scrub,1,28.84,10,25.96,UPI / Digital Wallet
TXN-102443,2024-05-27,CUST1096,Male,25,Electronics,Gaming Laptop 16GB,1,1252.13,0,1252.13,UPI / Digital Wallet
TXN-102444,2024-05-27,CUST1394,Female,29,Electronics,Fitness Smartwatch,2,240.59,0,481.18,Cash
TXN-102445,2024-05-27,CUST1729,Female,41,Clothing,Athletic Running Shoes,1,104.78,5,99.54,Credit Card
TXN-102446,2024-05-28,CUST1442,Female,49,Sports & Outdoors,Waterproof Camping Tent,1,205.16,5,194.9,Debit Card
TXN-102447,2024-05-28,CUST1404,Female,48,Electronics,Gaming Laptop 16GB,1,969.67,0,969.67,UPI / Digital Wallet
TXN-102448,2024-05-28,CUST1353,Female,31,Beauty,Ionic Hair Dryer Pro,1,89.28,5,84.82,Credit Card
TXN-102449,2024-05-28,CUST1502,Female,50,Home & Kitchen,Non-Stick Cookware Set (10 Pc),1,194.12,5,184.41,Cash
TXN-102450,2024-05-28,CUST1837,Female,40,Sports & Outdoors,High-Tension Resistance Bands,2,23.3,10,41.94,Debit Card
TXN-102451,2024-05-28,CUST1667,Female,44,Beauty,Anti-Aging Facial Serum,1,70.17,10,63.15,Debit Card
TXN-102452,2024-05-28,CUST1232,Male,45,Electronics,Gaming Laptop 16GB,2,1174.56,0,2349.12,Cash
TXN-102453,2024-05-29,CUST1779,Male,41,Sports & Outdoors,Mountain Trail Backpack,1,97.94,0,97.94,Credit Card
TXN-102454,2024-05-29,CUST1338,Female,24,Beauty,Luxury Floral Perfume,4,138.93,0,555.72,Debit Card
TXN-102455,2024-05-29,CUST1814,Male,53,Sports & Outdoors,Insulated Thermal Water Bottle,5,21.66,0,108.3,Debit Card
TXN-102456,2024-05-29,CUST1495,Female,18,Clothing,Classic Denim Jacket,2,89.1,0,178.2,Credit Card
TXN-102457,2024-05-30,CUST1656,Female,56,Electronics,Wireless Noise-Canceling Earbuds,1,162.11,5,154.0,Cash
TXN-102458,2024-05-30,CUST1011,Male,57,Sports & Outdoors,Waterproof Camping Tent,1,209.81,0,209.81,Cash
TXN-102459,2024-05-30,CUST1217,Male,28,Sports & Outdoors,Eco-Friendly Yoga Mat,2,46.13,5,87.65,Debit Card
TXN-102460,2024-05-30,CUST1758,Male,29,Electronics,Fitness Smartwatch,1,215.41,5,204.64,Credit Card
TXN-102461,2024-05-31,CUST1801,Female,42,Beauty,Exfoliating Face Scrub,1,20.53,10,18.48,Credit Card
TXN-102462,2024-05-31,CUST1108,Female,52,Electronics,Fitness Smartwatch,1,232.14,0,232.14,Debit Card
TXN-102463,2024-05-31,CUST1559,Male,54,Clothing,Premium Cotton T-Shirt,1,27.26,5,25.9,UPI / Digital Wallet
TXN-102464,2024-05-31,CUST1358,Male,60,Sports & Outdoors,High-Tension Resistance Bands,1,27.99,0,27.99,UPI / Digital Wallet
TXN-102465,2024-06-01,CUST1759,Male,50,Sports & Outdoors,Mountain Trail Backpack,2,94.72,0,189.44,Debit Card
TXN-102466,2024-06-01,CUST1586,Female,30,Home & Kitchen,Digital Air Fryer XL,5,117.86,0,589.3,Cash
TXN-102467,2024-06-01,CUST1223,Female,53,Sports & Outdoors,Waterproof Camping Tent,1,191.28,0,191.28,Debit Card
TXN-102468,2024-06-01,CUST1547,Male,45,Beauty,Exfoliating Face Scrub,2,19.26,0,38.52,Debit Card
TXN-102469,2024-06-02,CUST1013,Female,52,Electronics,Wireless Noise-Canceling Earbuds,1,171.09,5,162.54,Credit Card
TXN-102470,2024-06-02,CUST1058,Female,37,Sports & Outdoors,Insulated Thermal Water Bottle,1,26.22,5,24.91,UPI / Digital Wallet
TXN-102471,2024-06-02,CUST1611,Male,26,Electronics,Smartphone Pro Max,1,815.36,0,815.36,Credit Card
TXN-102472,2024-06-03,CUST1211,Male,42,Beauty,Ionic Hair Dryer Pro,1,103.5,0,103.5,Credit Card
TXN-102473,2024-06-03,CUST1168,Female,32,Sports & Outdoors,Mountain Trail Backpack,2,102.55,5,194.84,Debit Card
TXN-102474,2024-06-03,CUST1042,Female,50,Beauty,Ionic Hair Dryer Pro,1,90.0,5,85.5,Credit Card
TXN-102475,2024-06-04,CUST1131,Female,43,Home & Kitchen,Robot Vacuum Cleaner,1,320.93,0,320.93,UPI / Digital Wallet
TXN-102476,2024-06-04,CUST1398,Male,30,Electronics,Smartphone Pro Max,1,871.95,0,871.95,Credit Card
TXN-102477,2024-06-04,CUST1473,Male,42,Electronics,Gaming Laptop 16GB,4,1037.44,0,4149.76,Credit Card
TXN-102478,2024-06-04,CUST1253,Female,66,Clothing,Premium Cotton T-Shirt,1,21.0,0,21.0,Cash
TXN-102479,2024-06-05,CUST1334,Female,40,Beauty,Hydrating Matte Lipstick,3,27.21,0,81.63,Debit Card
TXN-102480,2024-06-05,CUST1463,Male,51,Home & Kitchen,Digital Air Fryer XL,1,109.43,0,109.43,UPI / Digital Wallet
TXN-102481,2024-06-05,CUST1227,Female,51,Home & Kitchen,Robot Vacuum Cleaner,1,331.79,0,331.79,Credit Card
TXN-102482,2024-06-05,CUST1456,Female,49,Clothing,Premium Cotton T-Shirt,2,38.4,5,72.96,UPI / Digital Wallet
TXN-102483,2024-06-05,CUST1802,Male,54,Clothing,Classic Denim Jacket,1,72.81,0,72.81,Credit Card
TXN-102484,2024-06-05,CUST1474,Male,42,Home & Kitchen,Robot Vacuum Cleaner,1,321.71,10,289.54,Debit Card
TXN-102485,2024-06-06,CUST1178,Male,37,Clothing,Silk Evening Dress,1,117.71,0,117.71,UPI / Digital Wallet
TXN-102486,2024-06-06,CUST1150,Male,40,Beauty,Organic Sunscreen SPF 50,2,40.4,0,80.8,UPI / Digital Wallet
TXN-102487,2024-06-06,CUST1535,Male,20,Sports & Outdoors,Eco-Friendly Yoga Mat,1,47.46,0,47.46,UPI / Digital Wallet
TXN-102488,2024-06-06,CUST1698,Female,30,Beauty,Ionic Hair Dryer Pro,1,102.19,5,97.08,Credit Card
TXN-102489,2024-06-07,CUST1054,Male,40,Electronics,Smartphone Pro Max,5,836.24,0,4181.2,Credit Card
TXN-102490,2024-06-07,CUST1264,Male,51,Clothing,Athletic Running Shoes,2,108.05,0,216.1,Credit Card
TXN-102491,2024-06-07,CUST1835,Female,70,Clothing,Athletic Running Shoes,1,94.41,0,94.41,Credit Card
TXN-102492,2024-06-07,CUST1145,Female,31,Sports & Outdoors,High-Tension Resistance Bands,3,29.61,0,88.83,Credit Card
TXN-102493,2024-06-08,CUST1657,Female,45,Beauty,Exfoliating Face Scrub,1,19.29,0,19.29,Credit Card
TXN-102494,2024-06-08,CUST1690,Female,18,Clothing,Silk Evening Dress,1,152.38,0,152.38,UPI / Digital Wallet
TXN-102495,2024-06-08,CUST1387,Female,37,Beauty,Luxury Floral Perfume,2,133.02,0,266.04,Debit Card
TXN-102496,2024-06-08,CUST1761,Female,41,Sports & Outdoors,High-Tension Resistance Bands,2,26.74,5,50.81,Credit Card
TXN-102497,2024-06-08,CUST1149,Female,33,Electronics,Smartphone Pro Max,1,915.95,10,824.35,Debit Card
TXN-102498,2024-06-08,CUST1360,Female,29,Beauty,Anti-Aging Facial Serum,1,83.03,10,74.73,Credit Card
TXN-102499,2024-06-08,CUST1382,Male,40,Electronics,Wireless Noise-Canceling Earbuds,2,156.37,10,281.47,Credit Card
TXN-102500,2024-06-09,CUST1456,Female,49,Beauty,Exfoliating Face Scrub,1,23.98,0,23.98,UPI / Digital Wallet
TXN-102501,2024-06-09,CUST1607,Female,26,Clothing,Silk Evening Dress,2,133.31,10,239.96,Credit Card
TXN-102502,2024-06-10,CUST1185,Male,46,Home & Kitchen,Espresso Coffee Machine,3,351.05,10,947.83,Credit Card
TXN-102503,2024-06-10,CUST1724,Male,46,Clothing,Premium Cotton T-Shirt,1,21.55,5,20.47,Debit Card
TXN-102504,2024-06-10,CUST1612,Male,28,Clothing,Casual Chino Pants,3,63.78,0,191.34,Cash
TXN-102505,2024-06-10,CUST1160,Female,41,Beauty,Hydrating Matte Lipstick,1,27.21,0,27.21,UPI / Digital Wallet
TXN-102506,2024-06-10,CUST1537,Female,42,Clothing,Classic Denim Jacket,1,79.48,0,79.48,Debit Card
TXN-102507,2024-06-10,CUST1436,Female,47,Home & Kitchen,Espresso Coffee Machine,1,281.8,0,281.8,Debit Card
TXN-102508,2024-06-10,CUST1217,Male,28,Clothing,Formal Wool Blazer,1,165.45,5,157.18,Credit Card
TXN-102509,2024-06-10,CUST1217,Male,28,Clothing,Premium Cotton T-Shirt,1,34.6,10,31.14,Credit Card
TXN-102510,2024-06-10,CUST1055,Male,36,Beauty,Hydrating Matte Lipstick,3,29.35,0,88.05,UPI / Digital Wallet
TXN-102511,2024-06-11,CUST1690,Female,18,Beauty,Exfoliating Face Scrub,1,24.05,5,22.85,Debit Card
TXN-102512,2024-06-11,CUST1760,Female,38,Electronics,Smartphone Pro Max,3,814.95,0,2444.85,UPI / Digital Wallet
TXN-102513,2024-06-11,CUST1518,Male,28,Electronics,Ultra HD 4K Smart TV,1,610.72,0,610.72,Debit Card
TXN-102514,2024-06-11,CUST1330,Female,57,Electronics,Wireless Noise-Canceling Earbuds,1,144.59,0,144.59,UPI / Digital Wallet
TXN-102515,2024-06-11,CUST1447,Male,36,Clothing,Silk Evening Dress,1,151.94,0,151.94,Credit Card
TXN-102516,2024-06-11,CUST1148,Female,32,Clothing,Classic Denim Jacket,4,69.04,10,248.54,Debit Card
TXN-102517,2024-06-11,CUST1141,Female,46,Sports & Outdoors,Mountain Trail Backpack,3,85.52,0,256.56,Debit Card
TXN-102518,2024-06-12,CUST1581,Male,30,Sports & Outdoors,Adjustable Dumbbells Set,5,191.51,0,957.55,UPI / Digital Wallet
TXN-102519,2024-06-12,CUST1256,Male,41,Electronics,Smartphone Pro Max,2,894.15,0,1788.3,UPI / Digital Wallet
TXN-102520,2024-06-12,CUST1704,Female,37,Clothing,Casual Chino Pants,1,49.47,5,47.0,Debit Card
TXN-102521,2024-06-12,CUST1316,Female,48,Clothing,Classic Denim Jacket,2,84.18,0,168.36,Cash
TXN-102522,2024-06-12,CUST1338,Female,24,Clothing,Formal Wool Blazer,1,206.83,0,206.83,Credit Card
TXN-102523,2024-06-12,CUST1106,Female,70,Clothing,Premium Cotton T-Shirt,3,31.34,10,84.62,Credit Card
TXN-102524,2024-06-13,CUST1572,Female,50,Clothing,Classic Denim Jacket,1,71.13,0,71.13,Debit Card
TXN-102525,2024-06-13,CUST1731,Male,58,Home & Kitchen,Digital Air Fryer XL,2,145.86,5,277.13,Credit Card
TXN-102526,2024-06-13,CUST1757,Male,66,Electronics,Bluetooth Portable Speaker,5,80.21,5,381.0,Credit Card
TXN-102527,2024-06-13,CUST1454,Female,35,Home & Kitchen,High-Speed Smoothie Blender,1,109.05,0,109.05,Cash
TXN-102528,2024-06-13,CUST1793,Male,38,Electronics,Wireless Noise-Canceling Earbuds,1,182.03,0,182.03,Credit Card
TXN-102529,2024-06-13,CUST1106,Female,70,Home & Kitchen,Cast Iron Dutch Oven,1,93.29,0,93.29,Credit Card
TXN-102530,2024-06-13,CUST1075,Male,25,Clothing,Silk Evening Dress,1,126.74,5,120.4,Cash
TXN-102531,2024-06-13,CUST1835,Female,70,Home & Kitchen,Non-Stick Cookware Set (10 Pc),1,143.23,0,143.23,Debit Card
TXN-102532,2024-06-14,CUST1455,Female,40,Sports & Outdoors,Insulated Thermal Water Bottle,1,27.58,0,27.58,UPI / Digital Wallet
TXN-102533,2024-06-14,CUST1372,Female,45,Sports & Outdoors,Adjustable Dumbbells Set,3,190.2,5,542.07,Credit Card
TXN-102534,2024-06-14,CUST1338,Female,24,Electronics,Fitness Smartwatch,1,221.83,0,221.83,Credit Card
TXN-102535,2024-06-14,CUST1720,Male,29,Electronics,Bluetooth Portable Speaker,1,79.49,10,71.54,Debit Card
TXN-102536,2024-06-15,CUST1683,Male,40,Electronics,Fitness Smartwatch,3,213.1,10,575.37,Debit Card
TXN-102537,2024-06-15,CUST1311,Female,61,Clothing,Premium Cotton T-Shirt,2,33.47,0,66.94,Credit Card
TXN-102538,2024-06-15,CUST1157,Male,40,Electronics,Smartphone Pro Max,1,818.94,0,818.94,UPI / Digital Wallet
TXN-102539,2024-06-16,CUST1485,Male,55,Clothing,Casual Chino Pants,1,58.86,5,55.92,Debit Card
TXN-102540,2024-06-16,CUST1319,Female,18,Clothing,Athletic Running Shoes,3,112.44,0,337.32,Credit Card
TXN-102541,2024-06-16,CUST1510,Male,55,Home & Kitchen,Espresso Coffee Machine,1,288.89,0,288.89,Cash
TXN-102542,2024-06-16,CUST1810,Male,59,Home & Kitchen,High-Speed Smoothie Blender,1,96.4,0,96.4,Cash
TXN-102543,2024-06-16,CUST1369,Female,43,Home & Kitchen,High-Speed Smoothie Blender,1,101.84,0,101.84,Credit Card
TXN-102544,2024-06-16,CUST1354,Female,55,Home & Kitchen,Cast Iron Dutch Oven,1,81.21,5,77.15,Credit Card
TXN-102545,2024-06-17,CUST1122,Female,37,Home & Kitchen,Non-Stick Cookware Set (10 Pc),5,156.14,0,780.7,UPI / Digital Wallet
TXN-102546,2024-06-17,CUST1077,Female,18,Sports & Outdoors,Insulated Thermal Water Bottle,1,28.92,0,28.92,Credit Card
TXN-102547,2024-06-17,CUST1758,Male,29,Clothing,Classic Denim Jacket,2,73.02,5,138.74,Debit Card
TXN-102548,2024-06-17,CUST1290,Female,18,Electronics,Bluetooth Portable Speaker,2,77.61,0,155.22,Cash
TXN-102549,2024-06-17,CUST1306,Female,40,Clothing,Silk Evening Dress,1,112.42,0,112.42,Credit Card
TXN-102550,2024-06-18,CUST1386,Female,52,Home & Kitchen,Robot Vacuum Cleaner,1,317.75,5,301.86,Debit Card
TXN-102551,2024-06-18,CUST1025,Male,23,Sports & Outdoors,Waterproof Camping Tent,1,182.99,0,182.99,Debit Card
TXN-102552,2024-06-18,CUST1752,Male,33,Sports & Outdoors,Mountain Trail Backpack,1,104.22,5,99.01,Credit Card
TXN-102553,2024-06-18,CUST1676,Female,35,Sports & Outdoors,Insulated Thermal Water Bottle,1,33.91,0,33.91,UPI / Digital Wallet
TXN-102554,2024-06-18,CUST1684,Male,40,Beauty,Organic Sunscreen SPF 50,2,38.36,5,72.88,Credit Card
TXN-102555,2024-06-19,CUST1622,Female,40,Clothing,Silk Evening Dress,2,151.29,0,302.58,Debit Card
TXN-102556,2024-06-19,CUST1060,Female,39,Electronics,Ultra HD 4K Smart TV,1,599.88,0,599.88,Credit Card
TXN-102557,2024-06-19,CUST1276,Male,19,Sports & Outdoors,Waterproof Camping Tent,1,174.16,5,165.45,Credit Card
TXN-102558,2024-06-19,CUST1422,Female,57,Sports & Outdoors,Mountain Trail Backpack,1,92.09,0,92.09,UPI / Digital Wallet
TXN-102559,2024-06-19,CUST1381,Male,18,Electronics,Gaming Laptop 16GB,2,1142.31,5,2170.39,Credit Card
TXN-102560,2024-06-20,CUST1216,Female,20,Clothing,Silk Evening Dress,1,142.5,0,142.5,Cash
TXN-102561,2024-06-20,CUST1388,Male,35,Beauty,Anti-Aging Facial Serum,2,69.53,5,132.11,Credit Card
TXN-102562,2024-06-20,CUST1595,Female,48,Beauty,Ionic Hair Dryer Pro,1,99.27,0,99.27,Credit Card
TXN-102563,2024-06-20,CUST1446,Male,65,Home & Kitchen,High-Speed Smoothie Blender,1,85.57,0,85.57,Credit Card
TXN-102564,2024-06-20,CUST1827,Female,32,Sports & Outdoors,Adjustable Dumbbells Set,1,184.33,0,184.33,Credit Card
TXN-102565,2024-06-20,CUST1153,Female,26,Electronics,Ultra HD 4K Smart TV,1,665.55,0,665.55,Cash
TXN-102566,2024-06-20,CUST1391,Female,18,Clothing,Silk Evening Dress,1,141.88,5,134.79,Credit Card
TXN-102567,2024-06-21,CUST1023,Female,54,Home & Kitchen,Cast Iron Dutch Oven,1,62.93,0,62.93,Cash
TXN-102568,2024-06-21,CUST1434,Female,37,Sports & Outdoors,High-Tension Resistance Bands,1,27.92,0,27.92,Credit Card
TXN-102569,2024-06-21,CUST1355,Male,40,Home & Kitchen,High-Speed Smoothie Blender,5,80.76,10,363.42,UPI / Digital Wallet
TXN-102570,2024-06-21,CUST1310,Female,29,Electronics,Fitness Smartwatch,1,270.0,5,256.5,Debit Card
TXN-102571,2024-06-21,CUST1652,Male,52,Sports & Outdoors,Waterproof Camping Tent,1,221.48,0,221.48,Debit Card
TXN-102572,2024-06-21,CUST1379,Female,58,Clothing,Casual Chino Pants,2,55.77,0,111.54,Cash
TXN-102573,2024-06-22,CUST1129,Female,52,Clothing,Casual Chino Pants,1,53.65,0,53.65,Debit Card
TXN-102574,2024-06-22,CUST1292,Male,37,Clothing,Athletic Running Shoes,1,116.86,5,111.02,Debit Card
TXN-102575,2024-06-22,CUST1689,Female,18,Home & Kitchen,Non-Stick Cookware Set (10 Pc),1,170.17,10,153.15,Credit Card
TXN-102576,2024-06-23,CUST1148,Female,32,Beauty,Exfoliating Face Scrub,1,19.58,5,18.6,UPI / Digital Wallet
TXN-102577,2024-06-23,CUST1330,Female,57,Home & Kitchen,Non-Stick Cookware Set (10 Pc),1,154.17,0,154.17,Cash
TXN-102578,2024-06-23,CUST1023,Female,54,Home & Kitchen,Digital Air Fryer XL,1,134.16,0,134.16,Credit Card
TXN-102579,2024-06-23,CUST1428,Female,42,Sports & Outdoors,Insulated Thermal Water Bottle,1,32.91,5,31.26,Credit Card
TXN-102580,2024-06-23,CUST1485,Male,55,Home & Kitchen,Non-Stick Cookware Set (10 Pc),1,196.86,0,196.86,UPI / Digital Wallet
TXN-102581,2024-06-23,CUST1421,Male,32,Clothing,Silk Evening Dress,1,122.03,0,122.03,Debit Card
TXN-102582,2024-06-24,CUST1624,Male,39,Beauty,Organic Sunscreen SPF 50,1,30.54,5,29.01,Credit Card
TXN-102583,2024-06-24,CUST1517,Male,37,Electronics,Wireless Noise-Canceling Earbuds,3,140.03,10,378.08,Credit Card
TXN-102584,2024-06-24,CUST1594,Male,42,Electronics,Ultra HD 4K Smart TV,2,548.14,0,1096.28,Debit Card
TXN-102585,2024-06-24,CUST1601,Female,43,Home & Kitchen,High-Speed Smoothie Blender,2,95.04,10,171.07,UPI / Digital Wallet
TXN-102586,2024-06-24,CUST1572,Female,50,Home & Kitchen,High-Speed Smoothie Blender,2,81.61,0,163.22,UPI / Digital Wallet
TXN-102587,2024-06-24,CUST1231,Female,33,Electronics,Bluetooth Portable Speaker,3,88.11,5,251.11,Credit Card
TXN-102588,2024-06-24,CUST1380,Female,22,Electronics,Bluetooth Portable Speaker,1,90.79,0,90.79,Cash
TXN-102589,2024-06-24,CUST1574,Male,30,Home & Kitchen,Robot Vacuum Cleaner,4,354.74,0,1418.96,UPI / Digital Wallet
TXN-102590,2024-06-24,CUST1302,Male,45,Electronics,Fitness Smartwatch,1,215.16,0,215.16,Credit Card
TXN-102591,2024-06-25,CUST1677,Female,57,Home & Kitchen,Cast Iron Dutch Oven,2,90.53,0,181.06,Cash
TXN-102592,2024-06-25,CUST1155,Female,32,Electronics,Fitness Smartwatch,2,195.66,5,371.75,Credit Card
TXN-102593,2024-06-26,CUST1288,Female,62,Electronics,Wireless Noise-Canceling Earbuds,1,145.89,5,138.6,Debit Card
TXN-102594,2024-06-26,CUST1202,Female,30,Electronics,Ultra HD 4K Smart TV,1,639.39,0,639.39,Debit Card
TXN-102595,2024-06-26,CUST1022,Female,50,Electronics,Wireless Noise-Canceling Earbuds,1,123.74,10,111.37,Debit Card
TXN-102596,2024-06-26,CUST1609,Male,19,Electronics,Wireless Noise-Canceling Earbuds,1,128.87,0,128.87,UPI / Digital Wallet
TXN-102597,2024-06-26,CUST1710,Male,37,Electronics,Ultra HD 4K Smart TV,1,606.34,5,576.02,Debit Card
TXN-102598,2024-06-27,CUST1789,Male,29,Beauty,Exfoliating Face Scrub,1,22.02,0,22.02,Credit Card
TXN-102599,2024-06-27,CUST1205,Female,18,Beauty,Hydrating Matte Lipstick,2,26.78,0,53.56,Credit Card
TXN-102600,2024-06-27,CUST1570,Female,38,Electronics,Bluetooth Portable Speaker,1,93.01,10,83.71,Cash
TXN-102601,2024-06-27,CUST1480,Male,53,Electronics,Smartphone Pro Max,1,949.99,5,902.49,Debit Card
TXN-102602,2024-06-28,CUST1116,Male,46,Electronics,Gaming Laptop 16GB,3,1170.73,0,3512.19,Credit Card
TXN-102603,2024-06-28,CUST1792,Female,54,Beauty,Hydrating Matte Lipstick,1,29.33,5,27.86,Debit Card
TXN-102604,2024-06-28,CUST1094,Male,25,Sports & Outdoors,High-Tension Resistance Bands,2,22.38,0,44.76,Debit Card
TXN-102605,2024-06-28,CUST1288,Female,62,Home & Kitchen,Robot Vacuum Cleaner,2,308.88,0,617.76,Debit Card
TXN-102606,2024-06-28,CUST1780,Male,34,Home & Kitchen,High-Speed Smoothie Blender,1,87.0,0,87.0,Cash
TXN-102607,2024-06-29,CUST1501,Male,67,Home & Kitchen,Espresso Coffee Machine,3,316.29,10,853.98,Credit Card
TXN-102608,2024-06-29,CUST1608,Female,40,Clothing,Silk Evening Dress,5,160.38,0,801.9,UPI / Digital Wallet
TXN-102609,2024-06-30,CUST1523,Male,23,Home & Kitchen,High-Speed Smoothie Blender,1,81.96,0,81.96,Credit Card
TXN-102610,2024-06-30,CUST1092,Male,30,Sports & Outdoors,Insulated Thermal Water Bottle,3,26.66,5,75.98,Cash
TXN-102611,2024-06-30,CUST1055,Male,36,Clothing,Casual Chino Pants,1,60.84,0,60.84,Credit Card
TXN-102612,2024-07-01,CUST1418,Male,50,Home & Kitchen,Non-Stick Cookware Set (10 Pc),1,198.55,10,178.69,UPI / Digital Wallet
TXN-102613,2024-07-02,CUST1751,Male,57,Home & Kitchen,Robot Vacuum Cleaner,1,381.24,0,381.24,Debit Card
TXN-102614,2024-07-02,CUST1526,Female,49,Sports & Outdoors,Waterproof Camping Tent,1,262.25,15,222.91,Debit Card
TXN-102615,2024-07-02,CUST1704,Female,37,Clothing,Premium Cotton T-Shirt,1,26.33,15,22.38,Debit Card
TXN-102616,2024-07-02,CUST1267,Male,28,Electronics,Smartphone Pro Max,1,811.01,0,811.01,Cash
TXN-102617,2024-07-02,CUST1125,Female,20,Clothing,Casual Chino Pants,1,55.24,15,46.95,UPI / Digital Wallet
TXN-102618,2024-07-02,CUST1390,Male,46,Electronics,Gaming Laptop 16GB,5,1108.62,5,5265.94,Debit Card
TXN-102619,2024-07-03,CUST1557,Female,49,Electronics,Fitness Smartwatch,1,228.65,5,217.22,Cash
TXN-102620,2024-07-03,CUST1076,Male,43,Home & Kitchen,Espresso Coffee Machine,2,287.09,0,574.18,Credit Card
TXN-102621,2024-07-03,CUST1366,Male,37,Sports & Outdoors,Adjustable Dumbbells Set,3,212.23,15,541.19,Credit Card
TXN-102622,2024-07-03,CUST1840,Female,64,Clothing,Classic Denim Jacket,1,65.9,5,62.6,Credit Card
TXN-102623,2024-07-04,CUST1110,Female,37,Clothing,Athletic Running Shoes,1,130.18,5,123.67,Credit Card
TXN-102624,2024-07-04,CUST1169,Male,56,Beauty,Ionic Hair Dryer Pro,1,98.99,10,89.09,Credit Card
TXN-102625,2024-07-04,CUST1386,Female,52,Beauty,Organic Sunscreen SPF 50,3,40.83,5,116.37,Cash
TXN-102626,2024-07-04,CUST1020,Male,23,Sports & Outdoors,Mountain Trail Backpack,1,110.8,0,110.8,UPI / Digital Wallet
TXN-102627,2024-07-05,CUST1684,Male,40,Electronics,Bluetooth Portable Speaker,1,93.64,0,93.64,Credit Card
TXN-102628,2024-07-06,CUST1319,Female,18,Beauty,Ionic Hair Dryer Pro,1,90.78,10,81.7,Debit Card
TXN-102629,2024-07-06,CUST1654,Female,37,Electronics,Ultra HD 4K Smart TV,1,684.21,10,615.79,Credit Card
TXN-102630,2024-07-06,CUST1086,Male,29,Sports & Outdoors,Adjustable Dumbbells Set,2,163.11,5,309.91,Debit Card
TXN-102631,2024-07-07,CUST1708,Female,53,Home & Kitchen,Non-Stick Cookware Set (10 Pc),2,189.14,5,359.37,UPI / Digital Wallet
TXN-102632,2024-07-07,CUST1096,Male,25,Clothing,Casual Chino Pants,1,49.38,0,49.38,Debit Card
TXN-102633,2024-07-07,CUST1159,Male,18,Sports & Outdoors,Mountain Trail Backpack,3,84.28,15,214.91,Debit Card
TXN-102634,2024-07-07,CUST1143,Female,38,Clothing,Casual Chino Pants,2,46.46,5,88.27,UPI / Digital Wallet
TXN-102635,2024-07-08,CUST1719,Male,35,Beauty,Organic Sunscreen SPF 50,1,38.35,5,36.43,Credit Card
TXN-102636,2024-07-08,CUST1135,Female,40,Home & Kitchen,Digital Air Fryer XL,1,119.46,10,107.51,Debit Card
TXN-102637,2024-07-08,CUST1416,Female,38,Beauty,Anti-Aging Facial Serum,1,67.87,10,61.08,Credit Card
TXN-102638,2024-07-08,CUST1311,Female,61,Sports & Outdoors,Mountain Trail Backpack,1,89.68,5,85.2,UPI / Digital Wallet
TXN-102639,2024-07-09,CUST1136,Female,41,Electronics,Gaming Laptop 16GB,1,1171.51,0,1171.51,Credit Card
TXN-102640,2024-07-09,CUST1494,Female,25,Beauty,Organic Sunscreen SPF 50,1,36.44,0,36.44,UPI / Digital Wallet
TXN-102641,2024-07-09,CUST1383,Male,51,Electronics,Ultra HD 4K Smart TV,1,691.27,10,622.14,Cash
TXN-102642,2024-07-09,CUST1557,Female,49,Sports & Outdoors,Waterproof Camping Tent,1,159.62,10,143.66,UPI / Digital Wallet
TXN-102643,2024-07-09,CUST1816,Male,36,Sports & Outdoors,Eco-Friendly Yoga Mat,1,52.61,15,44.72,Credit Card
TXN-102644,2024-07-09,CUST1449,Female,24,Sports & Outdoors,High-Tension Resistance Bands,2,24.1,10,43.38,Debit Card
TXN-102645,2024-07-09,CUST1006,Female,37,Beauty,Luxury Floral Perfume,1,151.75,10,136.57,UPI / Digital Wallet
TXN-102646,2024-07-09,CUST1437,Male,38,Electronics,Fitness Smartwatch,4,231.77,5,880.73,Debit Card
TXN-102647,2024-07-09,CUST1380,Female,22,Sports & Outdoors,Eco-Friendly Yoga Mat,3,51.18,0,153.54,Debit Card
TXN-102648,2024-07-09,CUST1055,Male,36,Clothing,Classic Denim Jacket,2,85.68,0,171.36,Debit Card
TXN-102649,2024-07-09,CUST1767,Male,27,Clothing,Formal Wool Blazer,3,184.29,5,525.23,Credit Card
TXN-102650,2024-07-09,CUST1597,Female,42,Electronics,Wireless Noise-Canceling Earbuds,1,154.67,0,154.67,Credit Card
TXN-102651,2024-07-10,CUST1034,Male,33,Sports & Outdoors,Insulated Thermal Water Bottle,1,30.26,5,28.75,Debit Card
TXN-102652,2024-07-10,CUST1158,Female,51,Beauty,Hydrating Matte Lipstick,2,25.26,0,50.52,UPI / Digital Wallet
TXN-102653,2024-07-10,CUST1100,Female,44,Clothing,Classic Denim Jacket,3,82.97,0,248.91,Credit Card
TXN-102654,2024-07-10,CUST1847,Male,37,Clothing,Silk Evening Dress,3,129.97,5,370.41,Credit Card
TXN-102655,2024-07-10,CUST1305,Male,55,Sports & Outdoors,Insulated Thermal Water Bottle,3,18.26,10,49.3,Credit Card
TXN-102656,2024-07-10,CUST1280,Male,24,Sports & Outdoors,Adjustable Dumbbells Set,1,193.34,0,193.34,Cash
TXN-102657,2024-07-10,CUST1357,Male,29,Clothing,Silk Evening Dress,3,143.99,0,431.97,Credit Card
TXN-102658,2024-07-11,CUST1772,Female,35,Home & Kitchen,High-Speed Smoothie Blender,3,85.04,0,255.12,Credit Card
TXN-102659,2024-07-11,CUST1559,Male,54,Clothing,Athletic Running Shoes,1,103.04,15,87.58,UPI / Digital Wallet
TXN-102660,2024-07-11,CUST1257,Male,58,Sports & Outdoors,Eco-Friendly Yoga Mat,1,49.13,10,44.22,Credit Card
TXN-102661,2024-07-11,CUST1047,Male,19,Home & Kitchen,Espresso Coffee Machine,1,335.5,0,335.5,Credit Card
TXN-102662,2024-07-11,CUST1022,Female,50,Home & Kitchen,Cast Iron Dutch Oven,1,66.08,5,62.78,Credit Card
TXN-102663,2024-07-11,CUST1671,Male,36,Clothing,Silk Evening Dress,1,139.44,0,139.44,UPI / Digital Wallet
TXN-102664,2024-07-11,CUST1043,Male,35,Clothing,Formal Wool Blazer,2,172.63,15,293.47,UPI / Digital Wallet
TXN-102665,2024-07-11,CUST1245,Male,32,Clothing,Classic Denim Jacket,5,71.62,10,322.29,Cash
TXN-102666,2024-07-11,CUST1441,Male,18,Electronics,Wireless Noise-Canceling Earbuds,1,170.69,5,162.16,Credit Card
TXN-102667,2024-07-11,CUST1126,Male,42,Electronics,Gaming Laptop 16GB,2,1257.92,0,2515.84,UPI / Digital Wallet
TXN-102668,2024-07-12,CUST1566,Female,46,Electronics,Bluetooth Portable Speaker,2,72.81,10,131.06,Credit Card
TXN-102669,2024-07-12,CUST1258,Male,36,Clothing,Formal Wool Blazer,2,184.25,5,350.08,Debit Card
TXN-102670,2024-07-12,CUST1618,Male,53,Electronics,Smartphone Pro Max,1,851.43,10,766.29,Credit Card
TXN-102671,2024-07-12,CUST1009,Male,39,Beauty,Ionic Hair Dryer Pro,2,74.47,10,134.05,Credit Card
TXN-102672,2024-07-12,CUST1828,Male,40,Beauty,Anti-Aging Facial Serum,1,64.46,15,54.79,Credit Card
TXN-102673,2024-07-12,CUST1703,Female,40,Electronics,Fitness Smartwatch,3,227.61,10,614.55,UPI / Digital Wallet
TXN-102674,2024-07-12,CUST1522,Male,25,Clothing,Formal Wool Blazer,2,180.02,5,342.04,Credit Card
TXN-102675,2024-07-13,CUST1634,Female,43,Electronics,Ultra HD 4K Smart TV,1,672.9,5,639.25,UPI / Digital Wallet
TXN-102676,2024-07-13,CUST1767,Male,27,Electronics,Bluetooth Portable Speaker,1,80.75,10,72.67,Credit Card
TXN-102677,2024-07-13,CUST1605,Female,38,Sports & Outdoors,Insulated Thermal Water Bottle,1,35.76,15,30.4,Debit Card
TXN-102678,2024-07-14,CUST1782,Female,44,Home & Kitchen,High-Speed Smoothie Blender,3,106.46,10,287.44,UPI / Digital Wallet
TXN-102679,2024-07-14,CUST1128,Female,45,Electronics,Bluetooth Portable Speaker,2,79.46,5,150.97,Debit Card
TXN-102680,2024-07-14,CUST1572,Female,50,Sports & Outdoors,Adjustable Dumbbells Set,1,173.62,10,156.26,Debit Card
TXN-102681,2024-07-14,CUST1482,Female,45,Clothing,Casual Chino Pants,1,67.94,0,67.94,Debit Card
TXN-102682,2024-07-14,CUST1684,Male,40,Home & Kitchen,Espresso Coffee Machine,1,292.43,10,263.19,UPI / Digital Wallet
TXN-102683,2024-07-14,CUST1679,Male,33,Sports & Outdoors,Waterproof Camping Tent,1,215.57,0,215.57,Credit Card
TXN-102684,2024-07-14,CUST1089,Female,28,Clothing,Casual Chino Pants,2,53.56,0,107.12,Cash
TXN-102685,2024-07-14,CUST1830,Female,19,Clothing,Premium Cotton T-Shirt,1,25.83,0,25.83,UPI / Digital Wallet
TXN-102686,2024-07-15,CUST1601,Female,43,Sports & Outdoors,High-Tension Resistance Bands,2,32.82,0,65.64,Debit Card
TXN-102687,2024-07-15,CUST1500,Male,29,Electronics,Smartphone Pro Max,5,780.23,5,3706.09,Credit Card
TXN-102688,2024-07-15,CUST1840,Female,64,Clothing,Classic Denim Jacket,2,73.54,10,132.37,UPI / Digital Wallet
TXN-102689,2024-07-15,CUST1423,Female,49,Electronics,Gaming Laptop 16GB,3,1331.44,10,3594.89,UPI / Digital Wallet
TXN-102690,2024-07-15,CUST1816,Male,36,Beauty,Ionic Hair Dryer Pro,2,93.8,5,178.22,Credit Card
TXN-102691,2024-07-15,CUST1183,Male,35,Beauty,Luxury Floral Perfume,1,141.05,10,126.94,Credit Card
TXN-102692,2024-07-15,CUST1779,Male,41,Beauty,Anti-Aging Facial Serum,1,70.61,15,60.02,UPI / Digital Wallet
TXN-102693,2024-07-16,CUST1651,Male,37,Sports & Outdoors,Mountain Trail Backpack,5,98.84,10,444.78,Credit Card
TXN-102694,2024-07-16,CUST1712,Female,32,Electronics,Smartphone Pro Max,1,825.93,5,784.63,Debit Card
TXN-102695,2024-07-16,CUST1472,Female,37,Sports & Outdoors,Insulated Thermal Water Bottle,1,34.87,10,31.38,Cash
TXN-102696,2024-07-17,CUST1169,Male,56,Clothing,Silk Evening Dress,2,119.26,5,226.59,UPI / Digital Wallet
TXN-102697,2024-07-17,CUST1822,Female,26,Clothing,Athletic Running Shoes,3,103.9,5,296.12,Cash
TXN-102698,2024-07-17,CUST1505,Female,67,Home & Kitchen,Digital Air Fryer XL,1,119.84,0,119.84,UPI / Digital Wallet
TXN-102699,2024-07-18,CUST1065,Male,18,Sports & Outdoors,Insulated Thermal Water Bottle,1,27.48,15,23.36,Credit Card
TXN-102700,2024-07-18,CUST1210,Male,41,Electronics,Ultra HD 4K Smart TV,1,616.55,10,554.89,UPI / Digital Wallet
TXN-102701,2024-07-18,CUST1449,Female,24,Sports & Outdoors,Insulated Thermal Water Bottle,1,25.23,10,22.71,UPI / Digital Wallet
TXN-102702,2024-07-18,CUST1665,Female,44,Home & Kitchen,Espresso Coffee Machine,1,283.75,0,283.75,Credit Card
TXN-102703,2024-07-19,CUST1829,Female,50,Home & Kitchen,Cast Iron Dutch Oven,2,79.12,0,158.24,UPI / Digital Wallet
TXN-102704,2024-07-19,CUST1635,Female,70,Home & Kitchen,Digital Air Fryer XL,3,113.78,10,307.21,UPI / Digital Wallet
TXN-102705,2024-07-19,CUST1022,Female,50,Home & Kitchen,Cast Iron Dutch Oven,4,98.33,0,393.32,Credit Card
TXN-102706,2024-07-19,CUST1373,Male,24,Sports & Outdoors,Eco-Friendly Yoga Mat,1,57.54,10,51.79,Cash
TXN-102707,2024-07-19,CUST1723,Male,61,Home & Kitchen,Cast Iron Dutch Oven,3,79.48,10,214.6,UPI / Digital Wallet
TXN-102708,2024-07-19,CUST1651,Male,37,Sports & Outdoors,Eco-Friendly Yoga Mat,2,46.78,0,93.56,Credit Card
TXN-102709,2024-07-19,CUST1317,Female,29,Beauty,Hydrating Matte Lipstick,3,29.75,10,80.32,Cash
TXN-102710,2024-07-20,CUST1106,Female,70,Home & Kitchen,Digital Air Fryer XL,1,137.9,5,131.0,Cash
TXN-102711,2024-07-20,CUST1154,Male,35,Sports & Outdoors,Waterproof Camping Tent,1,208.45,5,198.03,UPI / Digital Wallet
TXN-102712,2024-07-20,CUST1154,Male,35,Beauty,Ionic Hair Dryer Pro,1,80.26,10,72.23,UPI / Digital Wallet
TXN-102713,2024-07-20,CUST1102,Female,26,Beauty,Exfoliating Face Scrub,3,23.96,5,68.29,Debit Card
TXN-102714,2024-07-20,CUST1694,Female,22,Clothing,Silk Evening Dress,1,147.99,5,140.59,UPI / Digital Wallet
TXN-102715,2024-07-20,CUST1082,Female,59,Home & Kitchen,High-Speed Smoothie Blender,1,92.63,10,83.37,Credit Card
TXN-102716,2024-07-21,CUST1606,Female,45,Clothing,Formal Wool Blazer,2,171.7,0,343.4,Cash
TXN-102717,2024-07-21,CUST1277,Male,18,Electronics,Smartphone Pro Max,1,797.07,15,677.51,Credit Card
TXN-102718,2024-07-21,CUST1361,Male,31,Clothing,Formal Wool Blazer,2,189.38,10,340.88,Credit Card
TXN-102719,2024-07-21,CUST1037,Female,46,Clothing,Classic Denim Jacket,1,85.02,10,76.52,Debit Card
TXN-102720,2024-07-21,CUST1424,Female,33,Clothing,Classic Denim Jacket,5,71.62,10,322.29,Cash
TXN-102721,2024-07-21,CUST1218,Male,37,Electronics,Wireless Noise-Canceling Earbuds,1,156.2,5,148.39,UPI / Digital Wallet
TXN-102722,2024-07-22,CUST1824,Male,47,Home & Kitchen,Espresso Coffee Machine,4,238.43,5,906.03,UPI / Digital Wallet
TXN-102723,2024-07-22,CUST1775,Female,48,Electronics,Smartphone Pro Max,1,819.52,5,778.54,Cash
TXN-102724,2024-07-22,CUST1630,Male,18,Electronics,Wireless Noise-Canceling Earbuds,1,139.28,15,118.39,Debit Card
TXN-102725,2024-07-22,CUST1467,Male,23,Home & Kitchen,Non-Stick Cookware Set (10 Pc),1,168.09,0,168.09,UPI / Digital Wallet
TXN-102726,2024-07-22,CUST1180,Female,58,Sports & Outdoors,Waterproof Camping Tent,1,198.67,5,188.74,Credit Card
TXN-102727,2024-07-23,CUST1122,Female,37,Electronics,Smartphone Pro Max,3,880.94,0,2642.82,Debit Card
TXN-102728,2024-07-23,CUST1139,Male,51,Electronics,Fitness Smartwatch,1,182.08,5,172.98,Credit Card
TXN-102729,2024-07-23,CUST1628,Female,27,Beauty,Luxury Floral Perfume,1,82.23,0,82.23,Debit Card
TXN-102730,2024-07-23,CUST1343,Female,45,Electronics,Bluetooth Portable Speaker,5,81.19,15,345.06,UPI / Digital Wallet
TXN-102731,2024-07-23,CUST1109,Female,28,Electronics,Wireless Noise-Canceling Earbuds,1,151.84,15,129.06,Cash
TXN-102732,2024-07-23,CUST1829,Female,50,Sports & Outdoors,Waterproof Camping Tent,1,212.3,0,212.3,Credit Card
TXN-102733,2024-07-23,CUST1239,Female,46,Clothing,Classic Denim Jacket,5,81.38,10,366.21,Credit Card
TXN-102734,2024-07-23,CUST1487,Female,39,Home & Kitchen,Digital Air Fryer XL,1,134.1,10,120.69,UPI / Digital Wallet
TXN-102735,2024-07-23,CUST1288,Female,62,Clothing,Casual Chino Pants,2,52.58,0,105.16,Credit Card
TXN-102736,2024-07-24,CUST1015,Female,18,Beauty,Exfoliating Face Scrub,1,22.52,10,20.27,Debit Card
TXN-102737,2024-07-24,CUST1585,Female,35,Beauty,Anti-Aging Facial Serum,2,60.83,0,121.66,UPI / Digital Wallet
TXN-102738,2024-07-24,CUST1629,Female,20,Clothing,Premium Cotton T-Shirt,1,29.27,10,26.34,Cash
TXN-102739,2024-07-24,CUST1795,Male,60,Home & Kitchen,Robot Vacuum Cleaner,3,306.72,5,874.15,Credit Card
TXN-102740,2024-07-24,CUST1460,Female,69,Sports & Outdoors,High-Tension Resistance Bands,1,23.83,5,22.64,Debit Card
TXN-102741,2024-07-24,CUST1709,Male,35,Beauty,Luxury Floral Perfume,1,154.36,15,131.21,UPI / Digital Wallet
TXN-102742,2024-07-25,CUST1420,Male,18,Clothing,Casual Chino Pants,1,61.81,10,55.63,Credit Card
TXN-102743,2024-07-26,CUST1119,Male,18,Clothing,Athletic Running Shoes,1,128.18,15,108.95,Credit Card
TXN-102744,2024-07-26,CUST1125,Female,20,Clothing,Classic Denim Jacket,1,75.22,0,75.22,Cash
TXN-102745,2024-07-26,CUST1728,Female,47,Home & Kitchen,Digital Air Fryer XL,2,134.88,0,269.76,UPI / Digital Wallet
TXN-102746,2024-07-26,CUST1044,Female,31,Electronics,Bluetooth Portable Speaker,1,66.44,0,66.44,Debit Card
TXN-102747,2024-07-26,CUST1475,Male,43,Electronics,Ultra HD 4K Smart TV,1,619.84,0,619.84,UPI / Digital Wallet
TXN-102748,2024-07-27,CUST1525,Female,56,Clothing,Athletic Running Shoes,2,77.66,5,147.55,Credit Card
TXN-102749,2024-07-27,CUST1446,Male,65,Sports & Outdoors,Adjustable Dumbbells Set,2,181.56,0,363.12,Credit Card
TXN-102750,2024-07-27,CUST1022,Female,50,Home & Kitchen,Cast Iron Dutch Oven,1,82.17,10,73.95,UPI / Digital Wallet
TXN-102751,2024-07-27,CUST1116,Male,46,Beauty,Anti-Aging Facial Serum,3,63.74,10,172.1,UPI / Digital Wallet
TXN-102752,2024-07-27,CUST1532,Male,45,Beauty,Ionic Hair Dryer Pro,4,100.47,0,401.88,Cash
TXN-102753,2024-07-27,CUST1568,Male,35,Electronics,Wireless Noise-Canceling Earbuds,1,177.74,5,168.85,UPI / Digital Wallet
TXN-102754,2024-07-27,CUST1502,Female,50,Clothing,Silk Evening Dress,1,128.31,10,115.48,Credit Card
TXN-102755,2024-07-27,CUST1261,Male,40,Beauty,Exfoliating Face Scrub,2,20.4,10,36.72,Credit Card
TXN-102756,2024-07-27,CUST1848,Female,35,Beauty,Anti-Aging Facial Serum,2,48.01,10,86.42,Credit Card
TXN-102757,2024-07-27,CUST1406,Female,52,Clothing,Athletic Running Shoes,4,107.23,15,364.58,UPI / Digital Wallet
TXN-102758,2024-07-27,CUST1064,Female,42,Electronics,Bluetooth Portable Speaker,1,78.3,0,78.3,Credit Card
TXN-102759,2024-07-27,CUST1698,Female,30,Clothing,Formal Wool Blazer,2,211.74,0,423.48,Debit Card
TXN-102760,2024-07-28,CUST1201,Female,44,Electronics,Gaming Laptop 16GB,2,1183.17,5,2248.02,Cash
TXN-102761,2024-07-28,CUST1210,Male,41,Sports & Outdoors,Mountain Trail Backpack,1,111.25,5,105.69,UPI / Digital Wallet
TXN-102762,2024-07-28,CUST1100,Female,44,Beauty,Hydrating Matte Lipstick,4,30.32,10,109.15,Credit Card
TXN-102763,2024-07-28,CUST1676,Female,35,Electronics,Fitness Smartwatch,3,237.43,0,712.29,Debit Card
TXN-102764,2024-07-28,CUST1064,Female,42,Electronics,Ultra HD 4K Smart TV,4,728.33,5,2767.65,Credit Card
TXN-102765,2024-07-28,CUST1332,Female,35,Beauty,Ionic Hair Dryer Pro,1,103.15,5,97.99,Credit Card
TXN-102766,2024-07-28,CUST1624,Male,39,Beauty,Organic Sunscreen SPF 50,2,32.61,0,65.22,Debit Card
TXN-102767,2024-07-29,CUST1570,Female,38,Electronics,Bluetooth Portable Speaker,2,89.33,5,169.73,Credit Card
TXN-102768,2024-07-29,CUST1213,Female,64,Electronics,Bluetooth Portable Speaker,1,79.16,5,75.2,Debit Card
TXN-102769,2024-07-29,CUST1725,Male,31,Clothing,Casual Chino Pants,2,56.61,5,107.56,Credit Card
TXN-102770,2024-07-29,CUST1384,Male,59,Sports & Outdoors,Eco-Friendly Yoga Mat,1,38.15,0,38.15,Credit Card
TXN-102771,2024-07-29,CUST1695,Male,18,Sports & Outdoors,Insulated Thermal Water Bottle,1,28.6,15,24.31,Cash
TXN-102772,2024-07-29,CUST1164,Female,31,Beauty,Ionic Hair Dryer Pro,1,86.46,10,77.81,Credit Card
TXN-102773,2024-07-29,CUST1132,Female,37,Home & Kitchen,Cast Iron Dutch Oven,1,73.98,0,73.98,Credit Card
TXN-102774,2024-07-29,CUST1007,Male,30,Electronics,Wireless Noise-Canceling Earbuds,1,162.68,0,162.68,Cash
TXN-102775,2024-07-31,CUST1260,Male,45,Electronics,Gaming Laptop 16GB,1,1269.39,0,1269.39,Credit Card
TXN-102776,2024-07-31,CUST1276,Male,19,Beauty,Luxury Floral Perfume,2,120.55,5,229.04,Debit Card
TXN-102777,2024-07-31,CUST1225,Female,31,Electronics,Wireless Noise-Canceling Earbuds,1,150.35,0,150.35,UPI / Digital Wallet
TXN-102778,2024-07-31,CUST1497,Female,20,Beauty,Ionic Hair Dryer Pro,3,84.94,5,242.08,Debit Card
TXN-102779,2024-07-31,CUST1337,Male,29,Sports & Outdoors,Insulated Thermal Water Bottle,5,28.54,5,135.56,Debit Card
TXN-102780,2024-07-31,CUST1104,Male,30,Clothing,Classic Denim Jacket,1,70.91,0,70.91,UPI / Digital Wallet
TXN-102781,2024-08-01,CUST1130,Female,48,Beauty,Hydrating Matte Lipstick,1,34.56,0,34.56,Credit Card
TXN-102782,2024-08-01,CUST1562,Female,27,Electronics,Fitness Smartwatch,1,250.17,0,250.17,Credit Card
TXN-102783,2024-08-01,CUST1791,Male,45,Clothing,Classic Denim Jacket,5,75.57,0,377.85,Debit Card
TXN-102784,2024-08-01,CUST1664,Female,38,Clothing,Premium Cotton T-Shirt,2,36.5,5,69.35,Credit Card
TXN-102785,2024-08-02,CUST1447,Male,36,Sports & Outdoors,Mountain Trail Backpack,1,92.47,0,92.47,Credit Card
TXN-102786,2024-08-02,CUST1454,Female,35,Clothing,Formal Wool Blazer,1,174.07,5,165.37,Debit Card
TXN-102787,2024-08-02,CUST1555,Female,28,Beauty,Hydrating Matte Lipstick,1,31.09,0,31.09,Debit Card
TXN-102788,2024-08-02,CUST1412,Male,31,Electronics,Smartphone Pro Max,1,864.16,10,777.74,Credit Card
TXN-102789,2024-08-02,CUST1170,Male,58,Electronics,Bluetooth Portable Speaker,2,75.43,0,150.86,Credit Card
TXN-102790,2024-08-02,CUST1134,Male,43,Sports & Outdoors,Mountain Trail Backpack,1,105.72,5,100.43,Debit Card
TXN-102791,2024-08-03,CUST1373,Male,24,Sports & Outdoors,Eco-Friendly Yoga Mat,1,39.99,5,37.99,Debit Card
TXN-102792,2024-08-03,CUST1375,Female,18,Clothing,Premium Cotton T-Shirt,3,34.83,5,99.27,Credit Card
TXN-102793,2024-08-03,CUST1301,Male,43,Home & Kitchen,Robot Vacuum Cleaner,1,258.1,0,258.1,Cash
TXN-102794,2024-08-03,CUST1521,Female,36,Clothing,Athletic Running Shoes,4,105.03,0,420.12,Debit Card
TXN-102795,2024-08-04,CUST1334,Female,40,Beauty,Exfoliating Face Scrub,1,27.63,5,26.25,Cash
TXN-102796,2024-08-04,CUST1397,Female,41,Sports & Outdoors,Insulated Thermal Water Bottle,1,29.17,5,27.71,UPI / Digital Wallet
TXN-102797,2024-08-04,CUST1677,Female,57,Home & Kitchen,Robot Vacuum Cleaner,2,289.47,5,549.99,Credit Card
TXN-102798,2024-08-04,CUST1564,Female,22,Electronics,Wireless Noise-Canceling Earbuds,2,141.59,10,254.86,Debit Card
TXN-102799,2024-08-04,CUST1355,Male,40,Beauty,Exfoliating Face Scrub,1,21.92,5,20.82,UPI / Digital Wallet
TXN-102800,2024-08-04,CUST1311,Female,61,Clothing,Athletic Running Shoes,1,121.64,5,115.56,Debit Card
TXN-102801,2024-08-04,CUST1078,Female,51,Clothing,Premium Cotton T-Shirt,2,27.88,0,55.76,Credit Card
TXN-102802,2024-08-05,CUST1284,Male,21,Electronics,Wireless Noise-Canceling Earbuds,5,173.93,5,826.17,UPI / Digital Wallet
TXN-102803,2024-08-05,CUST1105,Female,39,Electronics,Fitness Smartwatch,4,178.44,5,678.07,Credit Card
TXN-102804,2024-08-05,CUST1388,Male,35,Beauty,Exfoliating Face Scrub,1,19.3,5,18.33,Credit Card
TXN-102805,2024-08-05,CUST1463,Male,51,Clothing,Formal Wool Blazer,1,160.92,0,160.92,Credit Card
TXN-102806,2024-08-05,CUST1140,Male,37,Home & Kitchen,High-Speed Smoothie Blender,1,79.1,0,79.1,Credit Card
TXN-102807,2024-08-05,CUST1309,Female,56,Clothing,Classic Denim Jacket,3,75.18,0,225.54,Debit Card
TXN-102808,2024-08-05,CUST1132,Female,37,Beauty,Organic Sunscreen SPF 50,1,37.81,5,35.92,Credit Card
TXN-102809,2024-08-05,CUST1112,Male,29,Home & Kitchen,Robot Vacuum Cleaner,4,330.9,5,1257.42,UPI / Digital Wallet
TXN-102810,2024-08-05,CUST1036,Female,23,Beauty,Organic Sunscreen SPF 50,1,34.46,0,34.46,UPI / Digital Wallet
TXN-102811,2024-08-06,CUST1176,Male,24,Electronics,Bluetooth Portable Speaker,1,90.17,0,90.17,Credit Card
TXN-102812,2024-08-06,CUST1412,Male,31,Electronics,Ultra HD 4K Smart TV,1,644.11,0,644.11,Cash
TXN-102813,2024-08-07,CUST1520,Male,18,Sports & Outdoors,Adjustable Dumbbells Set,1,206.19,0,206.19,UPI / Digital Wallet
TXN-102814,2024-08-07,CUST1396,Male,44,Beauty,Anti-Aging Facial Serum,1,57.97,5,55.07,UPI / Digital Wallet
TXN-102815,2024-08-07,CUST1227,Female,51,Clothing,Silk Evening Dress,3,151.24,10,408.35,Credit Card
TXN-102816,2024-08-07,CUST1490,Female,23,Sports & Outdoors,High-Tension Resistance Bands,3,23.24,5,66.23,Cash
TXN-102817,2024-08-07,CUST1457,Female,44,Electronics,Smartphone Pro Max,1,834.73,0,834.73,Credit Card
TXN-102818,2024-08-07,CUST1243,Female,27,Beauty,Luxury Floral Perfume,1,133.14,10,119.83,Debit Card
TXN-102819,2024-08-07,CUST1484,Male,34,Beauty,Exfoliating Face Scrub,2,23.26,0,46.52,Credit Card
TXN-102820,2024-08-08,CUST1767,Male,27,Electronics,Smartphone Pro Max,3,871.32,5,2483.26,Credit Card
TXN-102821,2024-08-08,CUST1449,Female,24,Clothing,Formal Wool Blazer,5,183.35,0,916.75,UPI / Digital Wallet
TXN-102822,2024-08-08,CUST1793,Male,38,Home & Kitchen,Robot Vacuum Cleaner,3,334.18,5,952.41,UPI / Digital Wallet
TXN-102823,2024-08-08,CUST1829,Female,50,Electronics,Fitness Smartwatch,1,215.35,5,204.58,Debit Card
TXN-102824,2024-08-09,CUST1496,Male,29,Sports & Outdoors,Waterproof Camping Tent,1,228.1,0,228.1,Credit Card
TXN-102825,2024-08-09,CUST1675,Male,53,Sports & Outdoors,Insulated Thermal Water Bottle,2,30.85,10,55.53,UPI / Digital Wallet
TXN-102826,2024-08-09,CUST1145,Female,31,Electronics,Gaming Laptop 16GB,1,909.26,10,818.33,Credit Card
TXN-102827,2024-08-09,CUST1740,Female,20,Clothing,Athletic Running Shoes,3,120.78,0,362.34,UPI / Digital Wallet
TXN-102828,2024-08-09,CUST1597,Female,42,Beauty,Organic Sunscreen SPF 50,2,34.26,0,68.52,Cash
TXN-102829,2024-08-10,CUST1589,Female,22,Home & Kitchen,Cast Iron Dutch Oven,1,71.02,0,71.02,Debit Card
TXN-102830,2024-08-10,CUST1437,Male,38,Clothing,Classic Denim Jacket,1,67.11,10,60.4,Debit Card
TXN-102831,2024-08-10,CUST1817,Female,38,Sports & Outdoors,Eco-Friendly Yoga Mat,1,43.38,0,43.38,Credit Card
TXN-102832,2024-08-10,CUST1251,Female,47,Beauty,Luxury Floral Perfume,3,136.52,5,389.08,Credit Card
TXN-102833,2024-08-10,CUST1448,Female,52,Beauty,Hydrating Matte Lipstick,1,33.33,5,31.66,Credit Card
TXN-102834,2024-08-10,CUST1369,Female,43,Clothing,Premium Cotton T-Shirt,5,30.01,0,150.05,Debit Card
TXN-102835,2024-08-10,CUST1827,Female,32,Beauty,Ionic Hair Dryer Pro,1,94.06,0,94.06,Credit Card
TXN-102836,2024-08-11,CUST1389,Male,49,Beauty,Luxury Floral Perfume,3,85.6,0,256.8,Cash
TXN-102837,2024-08-11,CUST1293,Female,41,Sports & Outdoors,Waterproof Camping Tent,1,237.22,0,237.22,Credit Card
TXN-102838,2024-08-11,CUST1200,Male,27,Clothing,Silk Evening Dress,2,134.87,0,269.74,Credit Card
TXN-102839,2024-08-11,CUST1215,Female,27,Clothing,Premium Cotton T-Shirt,1,36.65,5,34.82,Credit Card
TXN-102840,2024-08-11,CUST1606,Female,45,Sports & Outdoors,Mountain Trail Backpack,3,88.61,0,265.83,Credit Card
TXN-102841,2024-08-12,CUST1792,Female,54,Electronics,Ultra HD 4K Smart TV,3,720.65,0,2161.95,Credit Card
TXN-102842,2024-08-12,CUST1780,Male,34,Electronics,Wireless Noise-Canceling Earbuds,2,160.97,0,321.94,Debit Card
TXN-102843,2024-08-12,CUST1765,Male,51,Beauty,Organic Sunscreen SPF 50,5,33.33,0,166.65,Credit Card
TXN-102844,2024-08-12,CUST1484,Male,34,Beauty,Exfoliating Face Scrub,2,19.69,5,37.41,Credit Card
TXN-102845,2024-08-12,CUST1389,Male,49,Beauty,Luxury Floral Perfume,1,117.26,5,111.4,Cash
TXN-102846,2024-08-13,CUST1135,Female,40,Home & Kitchen,Non-Stick Cookware Set (10 Pc),3,199.65,0,598.95,Cash
TXN-102847,2024-08-13,CUST1245,Male,32,Sports & Outdoors,Eco-Friendly Yoga Mat,1,46.97,0,46.97,Credit Card
TXN-102848,2024-08-13,CUST1055,Male,36,Sports & Outdoors,Eco-Friendly Yoga Mat,1,49.55,0,49.55,UPI / Digital Wallet
TXN-102849,2024-08-14,CUST1435,Male,37,Clothing,Silk Evening Dress,2,156.6,0,313.2,Debit Card
TXN-102850,2024-08-14,CUST1577,Male,70,Clothing,Casual Chino Pants,3,49.94,0,149.82,Debit Card
TXN-102851,2024-08-14,CUST1525,Female,56,Electronics,Wireless Noise-Canceling Earbuds,3,161.99,0,485.97,UPI / Digital Wallet
TXN-102852,2024-08-14,CUST1068,Female,40,Clothing,Silk Evening Dress,2,151.36,10,272.45,Debit Card
TXN-102853,2024-08-14,CUST1167,Female,33,Beauty,Exfoliating Face Scrub,1,22.47,5,21.35,Credit Card
TXN-102854,2024-08-14,CUST1715,Male,60,Electronics,Wireless Noise-Canceling Earbuds,3,158.42,5,451.5,Debit Card
TXN-102855,2024-08-14,CUST1502,Female,50,Electronics,Gaming Laptop 16GB,1,1093.05,0,1093.05,Credit Card
TXN-102856,2024-08-14,CUST1482,Female,45,Electronics,Smartphone Pro Max,2,837.45,0,1674.9,Credit Card
TXN-102857,2024-08-14,CUST1690,Female,18,Clothing,Formal Wool Blazer,1,185.8,0,185.8,Credit Card
TXN-102858,2024-08-14,CUST1706,Female,39,Electronics,Smartphone Pro Max,1,855.54,0,855.54,Credit Card
TXN-102859,2024-08-14,CUST1475,Male,43,Clothing,Casual Chino Pants,1,55.24,0,55.24,UPI / Digital Wallet
TXN-102860,2024-08-15,CUST1497,Female,20,Electronics,Bluetooth Portable Speaker,2,86.62,5,164.58,Debit Card
TXN-102861,2024-08-15,CUST1458,Female,39,Electronics,Wireless Noise-Canceling Earbuds,3,184.36,10,497.77,UPI / Digital Wallet
TXN-102862,2024-08-15,CUST1522,Male,25,Electronics,Fitness Smartwatch,4,200.18,0,800.72,Debit Card
TXN-102863,2024-08-15,CUST1416,Female,38,Electronics,Smartphone Pro Max,1,744.71,5,707.47,Cash
TXN-102864,2024-08-15,CUST1815,Female,30,Home & Kitchen,Non-Stick Cookware Set (10 Pc),1,183.54,0,183.54,UPI / Digital Wallet
TXN-102865,2024-08-16,CUST1774,Male,41,Home & Kitchen,Digital Air Fryer XL,3,134.89,0,404.67,UPI / Digital Wallet
TXN-102866,2024-08-16,CUST1681,Female,34,Clothing,Classic Denim Jacket,2,87.43,10,157.37,Debit Card
TXN-102867,2024-08-16,CUST1546,Female,39,Electronics,Gaming Laptop 16GB,1,1288.05,10,1159.25,Credit Card
TXN-102868,2024-08-16,CUST1679,Male,33,Sports & Outdoors,Mountain Trail Backpack,4,114.18,0,456.72,Debit Card
TXN-102869,2024-08-16,CUST1070,Male,38,Clothing,Premium Cotton T-Shirt,1,29.02,0,29.02,Credit Card
TXN-102870,2024-08-16,CUST1009,Male,39,Clothing,Formal Wool Blazer,3,203.77,0,611.31,Credit Card
TXN-102871,2024-08-16,CUST1098,Female,25,Electronics,Gaming Laptop 16GB,2,1248.55,0,2497.1,Credit Card
TXN-102872,2024-08-17,CUST1719,Male,35,Electronics,Wireless Noise-Canceling Earbuds,1,183.17,10,164.85,Credit Card
TXN-102873,2024-08-18,CUST1308,Male,36,Sports & Outdoors,Waterproof Camping Tent,1,209.53,0,209.53,Debit Card
TXN-102874,2024-08-18,CUST1470,Female,41,Beauty,Anti-Aging Facial Serum,1,68.18,0,68.18,UPI / Digital Wallet
TXN-102875,2024-08-18,CUST1125,Female,20,Clothing,Athletic Running Shoes,5,107.43,0,537.15,Debit Card
TXN-102876,2024-08-18,CUST1740,Female,20,Beauty,Anti-Aging Facial Serum,3,63.56,10,171.61,Credit Card
TXN-102877,2024-08-19,CUST1573,Male,66,Beauty,Hydrating Matte Lipstick,1,26.57,5,25.24,Debit Card
TXN-102878,2024-08-19,CUST1564,Female,22,Beauty,Organic Sunscreen SPF 50,1,43.16,5,41.0,Debit Card
TXN-102879,2024-08-19,CUST1584,Male,33,Sports & Outdoors,Insulated Thermal Water Bottle,1,35.34,0,35.34,UPI / Digital Wallet
TXN-102880,2024-08-19,CUST1525,Female,56,Beauty,Hydrating Matte Lipstick,2,35.47,5,67.39,Credit Card
TXN-102881,2024-08-20,CUST1756,Male,43,Electronics,Fitness Smartwatch,1,236.77,0,236.77,Credit Card
TXN-102882,2024-08-20,CUST1720,Male,29,Sports & Outdoors,Mountain Trail Backpack,2,95.91,10,172.64,Credit Card
TXN-102883,2024-08-20,CUST1374,Female,34,Electronics,Smartphone Pro Max,2,740.22,5,1406.42,Debit Card
TXN-102884,2024-08-20,CUST1697,Male,47,Home & Kitchen,Cast Iron Dutch Oven,1,54.22,0,54.22,UPI / Digital Wallet
TXN-102885,2024-08-20,CUST1500,Male,29,Electronics,Bluetooth Portable Speaker,1,87.4,0,87.4,Debit Card
TXN-102886,2024-08-21,CUST1557,Female,49,Beauty,Hydrating Matte Lipstick,1,28.75,0,28.75,Debit Card
TXN-102887,2024-08-21,CUST1829,Female,50,Home & Kitchen,Non-Stick Cookware Set (10 Pc),1,189.76,0,189.76,UPI / Digital Wallet
TXN-102888,2024-08-21,CUST1465,Female,53,Beauty,Anti-Aging Facial Serum,1,59.3,5,56.34,UPI / Digital Wallet
TXN-102889,2024-08-21,CUST1148,Female,32,Electronics,Fitness Smartwatch,4,235.67,5,895.55,Debit Card
TXN-102890,2024-08-21,CUST1829,Female,50,Clothing,Athletic Running Shoes,4,122.43,5,465.23,Debit Card
TXN-102891,2024-08-21,CUST1099,Female,70,Electronics,Ultra HD 4K Smart TV,1,704.03,0,704.03,Credit Card
TXN-102892,2024-08-21,CUST1336,Male,34,Clothing,Casual Chino Pants,1,52.37,0,52.37,UPI / Digital Wallet
TXN-102893,2024-08-21,CUST1036,Female,23,Sports & Outdoors,Waterproof Camping Tent,1,208.59,5,198.16,UPI / Digital Wallet
TXN-102894,2024-08-22,CUST1393,Male,55,Clothing,Classic Denim Jacket,4,79.51,5,302.14,Credit Card
TXN-102895,2024-08-22,CUST1601,Female,43,Electronics,Ultra HD 4K Smart TV,1,656.86,10,591.17,UPI / Digital Wallet
TXN-102896,2024-08-22,CUST1267,Male,28,Sports & Outdoors,Eco-Friendly Yoga Mat,1,50.62,5,48.09,UPI / Digital Wallet
TXN-102897,2024-08-23,CUST1441,Male,18,Electronics,Ultra HD 4K Smart TV,1,687.21,0,687.21,Cash
TXN-102898,2024-08-23,CUST1405,Male,18,Electronics,Wireless Noise-Canceling Earbuds,4,135.9,0,543.6,UPI / Digital Wallet
TXN-102899,2024-08-23,CUST1730,Female,54,Clothing,Classic Denim Jacket,1,76.81,0,76.81,Credit Card
TXN-102900,2024-08-24,CUST1633,Male,18,Beauty,Organic Sunscreen SPF 50,1,34.07,0,34.07,Credit Card
TXN-102901,2024-08-24,CUST1136,Female,41,Beauty,Anti-Aging Facial Serum,2,64.87,10,116.77,Credit Card
TXN-102902,2024-08-24,CUST1379,Female,58,Clothing,Premium Cotton T-Shirt,1,39.74,5,37.75,Debit Card
TXN-102903,2024-08-24,CUST1384,Male,59,Clothing,Athletic Running Shoes,3,79.21,0,237.63,Debit Card
TXN-102904,2024-08-24,CUST1707,Male,25,Clothing,Classic Denim Jacket,2,71.2,5,135.28,Credit Card
TXN-102905,2024-08-24,CUST1107,Male,36,Home & Kitchen,Robot Vacuum Cleaner,1,296.22,0,296.22,UPI / Digital Wallet
TXN-102906,2024-08-24,CUST1300,Female,42,Sports & Outdoors,Adjustable Dumbbells Set,2,196.97,10,354.55,Credit Card
TXN-102907,2024-08-24,CUST1827,Female,32,Electronics,Gaming Laptop 16GB,1,987.07,0,987.07,UPI / Digital Wallet
TXN-102908,2024-08-24,CUST1358,Male,60,Beauty,Anti-Aging Facial Serum,2,73.68,0,147.36,Credit Card
TXN-102909,2024-08-25,CUST1709,Male,35,Electronics,Fitness Smartwatch,1,230.93,0,230.93,Credit Card
TXN-102910,2024-08-25,CUST1386,Female,52,Beauty,Hydrating Matte Lipstick,2,31.57,0,63.14,Credit Card
TXN-102911,2024-08-25,CUST1117,Female,50,Sports & Outdoors,Eco-Friendly Yoga Mat,3,43.74,5,124.66,UPI / Digital Wallet
TXN-102912,2024-08-25,CUST1164,Female,31,Home & Kitchen,Cast Iron Dutch Oven,3,81.51,0,244.53,UPI / Digital Wallet
TXN-102913,2024-08-26,CUST1400,Female,37,Home & Kitchen,Digital Air Fryer XL,1,121.77,10,109.59,UPI / Digital Wallet
TXN-102914,2024-08-26,CUST1286,Female,46,Beauty,Luxury Floral Perfume,1,87.63,5,83.25,Credit Card
TXN-102915,2024-08-26,CUST1090,Female,40,Beauty,Luxury Floral Perfume,1,109.17,0,109.17,Credit Card
TXN-102916,2024-08-26,CUST1675,Male,53,Home & Kitchen,Cast Iron Dutch Oven,3,78.13,0,234.39,Debit Card
TXN-102917,2024-08-26,CUST1626,Female,47,Home & Kitchen,Robot Vacuum Cleaner,2,306.94,10,552.49,Credit Card
TXN-102918,2024-08-27,CUST1269,Female,18,Home & Kitchen,Digital Air Fryer XL,2,139.05,5,264.2,Credit Card
TXN-102919,2024-08-27,CUST1578,Female,27,Clothing,Athletic Running Shoes,2,111.12,0,222.24,UPI / Digital Wallet
TXN-102920,2024-08-27,CUST1147,Female,31,Electronics,Bluetooth Portable Speaker,2,69.91,10,125.84,Credit Card
TXN-102921,2024-08-27,CUST1303,Male,43,Electronics,Bluetooth Portable Speaker,3,93.83,5,267.42,Cash
TXN-102922,2024-08-27,CUST1248,Male,40,Beauty,Exfoliating Face Scrub,2,24.04,0,48.08,Credit Card
TXN-102923,2024-08-28,CUST1208,Female,30,Sports & Outdoors,High-Tension Resistance Bands,2,21.34,5,40.55,Debit Card
TXN-102924,2024-08-28,CUST1215,Female,27,Clothing,Classic Denim Jacket,2,85.4,10,153.72,UPI / Digital Wallet
TXN-102925,2024-08-28,CUST1724,Male,46,Electronics,Wireless Noise-Canceling Earbuds,2,154.49,10,278.08,UPI / Digital Wallet
TXN-102926,2024-08-28,CUST1250,Female,20,Clothing,Casual Chino Pants,1,44.7,0,44.7,Debit Card
TXN-102927,2024-08-28,CUST1335,Female,18,Electronics,Bluetooth Portable Speaker,1,89.36,0,89.36,Debit Card
TXN-102928,2024-08-28,CUST1424,Female,33,Beauty,Hydrating Matte Lipstick,4,26.15,5,99.37,UPI / Digital Wallet
TXN-102929,2024-08-28,CUST1068,Female,40,Beauty,Luxury Floral Perfume,1,130.91,0,130.91,Credit Card
TXN-102930,2024-08-28,CUST1198,Male,56,Home & Kitchen,Cast Iron Dutch Oven,3,105.5,0,316.5,Credit Card
TXN-102931,2024-08-28,CUST1731,Male,58,Beauty,Luxury Floral Perfume,3,154.32,5,439.81,UPI / Digital Wallet
TXN-102932,2024-08-29,CUST1320,Male,32,Electronics,Bluetooth Portable Speaker,2,97.81,5,185.84,Credit Card
TXN-102933,2024-08-29,CUST1736,Female,64,Beauty,Anti-Aging Facial Serum,1,62.23,10,56.01,Credit Card
TXN-102934,2024-08-29,CUST1260,Male,45,Clothing,Formal Wool Blazer,3,192.92,0,578.76,Credit Card
TXN-102935,2024-08-29,CUST1335,Female,18,Beauty,Organic Sunscreen SPF 50,2,43.85,0,87.7,UPI / Digital Wallet
TXN-102936,2024-08-29,CUST1814,Male,53,Electronics,Gaming Laptop 16GB,1,1297.34,0,1297.34,Credit Card
TXN-102937,2024-08-30,CUST1012,Male,18,Clothing,Premium Cotton T-Shirt,1,31.57,0,31.57,Credit Card
TXN-102938,2024-08-30,CUST1186,Male,23,Electronics,Gaming Laptop 16GB,1,1217.61,0,1217.61,Credit Card
TXN-102939,2024-08-30,CUST1203,Male,46,Clothing,Classic Denim Jacket,3,68.68,0,206.04,UPI / Digital Wallet
TXN-102940,2024-08-30,CUST1113,Male,61,Clothing,Silk Evening Dress,1,130.81,5,124.27,Credit Card
TXN-102941,2024-08-30,CUST1559,Male,54,Sports & Outdoors,Eco-Friendly Yoga Mat,2,37.72,0,75.44,Cash
TXN-102942,2024-08-30,CUST1378,Male,31,Clothing,Classic Denim Jacket,1,68.66,0,68.66,Credit Card
TXN-102943,2024-08-30,CUST1453,Male,62,Home & Kitchen,Cast Iron Dutch Oven,2,79.83,5,151.68,Debit Card
TXN-102944,2024-08-31,CUST1545,Female,32,Sports & Outdoors,Waterproof Camping Tent,3,195.86,5,558.2,Cash
TXN-102945,2024-08-31,CUST1733,Male,28,Home & Kitchen,High-Speed Smoothie Blender,1,74.3,5,70.58,UPI / Digital Wallet
TXN-102946,2024-08-31,CUST1162,Male,39,Electronics,Fitness Smartwatch,1,204.81,0,204.81,UPI / Digital Wallet
TXN-102947,2024-09-01,CUST1125,Female,20,Clothing,Silk Evening Dress,1,141.39,0,141.39,UPI / Digital Wallet
TXN-102948,2024-09-01,CUST1341,Female,46,Clothing,Classic Denim Jacket,3,74.74,0,224.22,Cash
TXN-102949,2024-09-01,CUST1232,Male,45,Clothing,Athletic Running Shoes,2,98.74,0,197.48,Credit Card
TXN-102950,2024-09-02,CUST1649,Female,26,Electronics,Smartphone Pro Max,1,952.87,0,952.87,Credit Card
TXN-102951,2024-09-02,CUST1223,Female,53,Electronics,Fitness Smartwatch,4,179.67,10,646.81,UPI / Digital Wallet
TXN-102952,2024-09-02,CUST1131,Female,43,Clothing,Silk Evening Dress,2,123.62,5,234.88,Credit Card
TXN-102953,2024-09-02,CUST1475,Male,43,Sports & Outdoors,Eco-Friendly Yoga Mat,4,45.02,10,162.07,Credit Card
TXN-102954,2024-09-03,CUST1245,Male,32,Electronics,Bluetooth Portable Speaker,5,94.76,0,473.8,UPI / Digital Wallet
TXN-102955,2024-09-03,CUST1848,Female,35,Clothing,Classic Denim Jacket,4,74.5,5,283.1,Credit Card
TXN-102956,2024-09-03,CUST1264,Male,51,Beauty,Exfoliating Face Scrub,1,19.86,0,19.86,UPI / Digital Wallet
TXN-102957,2024-09-03,CUST1832,Female,18,Clothing,Casual Chino Pants,1,54.91,5,52.16,Credit Card
TXN-102958,2024-09-03,CUST1474,Male,42,Sports & Outdoors,Eco-Friendly Yoga Mat,2,47.09,10,84.76,Credit Card
TXN-102959,2024-09-03,CUST1064,Female,42,Sports & Outdoors,Waterproof Camping Tent,1,215.51,5,204.73,Cash
TXN-102960,2024-09-04,CUST1519,Female,34,Beauty,Hydrating Matte Lipstick,4,32.01,10,115.24,Credit Card
TXN-102961,2024-09-04,CUST1743,Female,29,Home & Kitchen,Digital Air Fryer XL,1,134.38,0,134.38,UPI / Digital Wallet
TXN-102962,2024-09-04,CUST1007,Male,30,Clothing,Casual Chino Pants,1,54.44,0,54.44,Credit Card
TXN-102963,2024-09-04,CUST1589,Female,22,Sports & Outdoors,Mountain Trail Backpack,2,114.19,5,216.96,Credit Card
TXN-102964,2024-09-04,CUST1392,Female,57,Beauty,Exfoliating Face Scrub,1,26.23,0,26.23,Credit Card
TXN-102965,2024-09-04,CUST1743,Female,29,Sports & Outdoors,High-Tension Resistance Bands,2,20.95,0,41.9,UPI / Digital Wallet
TXN-102966,2024-09-05,CUST1681,Female,34,Sports & Outdoors,Waterproof Camping Tent,1,216.02,10,194.42,Debit Card
TXN-102967,2024-09-05,CUST1620,Female,68,Clothing,Formal Wool Blazer,1,201.93,10,181.74,Credit Card
TXN-102968,2024-09-05,CUST1314,Male,39,Electronics,Ultra HD 4K Smart TV,3,604.55,5,1722.97,Credit Card
TXN-102969,2024-09-05,CUST1115,Male,30,Clothing,Casual Chino Pants,1,51.87,10,46.68,UPI / Digital Wallet
TXN-102970,2024-09-06,CUST1691,Female,50,Electronics,Fitness Smartwatch,1,255.97,5,243.17,Debit Card
TXN-102971,2024-09-06,CUST1395,Male,43,Sports & Outdoors,High-Tension Resistance Bands,1,24.49,0,24.49,UPI / Digital Wallet
TXN-102972,2024-09-06,CUST1431,Male,41,Electronics,Smartphone Pro Max,2,860.05,0,1720.1,Credit Card
TXN-102973,2024-09-06,CUST1312,Female,37,Beauty,Organic Sunscreen SPF 50,1,43.29,0,43.29,UPI / Digital Wallet
TXN-102974,2024-09-06,CUST1142,Female,38,Clothing,Premium Cotton T-Shirt,1,32.63,0,32.63,UPI / Digital Wallet
TXN-102975,2024-09-07,CUST1217,Male,28,Sports & Outdoors,Eco-Friendly Yoga Mat,1,51.28,0,51.28,Credit Card
TXN-102976,2024-09-07,CUST1584,Male,33,Sports & Outdoors,Waterproof Camping Tent,1,207.97,5,197.57,Credit Card
TXN-102977,2024-09-07,CUST1213,Female,64,Beauty,Exfoliating Face Scrub,1,23.61,5,22.43,UPI / Digital Wallet
TXN-102978,2024-09-08,CUST1608,Female,40,Beauty,Hydrating Matte Lipstick,1,26.54,10,23.89,UPI / Digital Wallet
TXN-102979,2024-09-08,CUST1493,Female,26,Home & Kitchen,Digital Air Fryer XL,2,121.85,0,243.7,UPI / Digital Wallet
TXN-102980,2024-09-08,CUST1567,Female,43,Sports & Outdoors,Eco-Friendly Yoga Mat,1,38.3,0,38.3,Credit Card
TXN-102981,2024-09-09,CUST1677,Female,57,Home & Kitchen,Robot Vacuum Cleaner,1,352.45,10,317.21,UPI / Digital Wallet
TXN-102982,2024-09-09,CUST1808,Female,30,Clothing,Casual Chino Pants,1,58.22,0,58.22,Credit Card
TXN-102983,2024-09-09,CUST1192,Male,29,Clothing,Premium Cotton T-Shirt,1,26.88,10,24.19,Credit Card
TXN-102984,2024-09-09,CUST1064,Female,42,Electronics,Wireless Noise-Canceling Earbuds,2,164.52,10,296.14,Credit Card
TXN-102985,2024-09-09,CUST1317,Female,29,Clothing,Casual Chino Pants,1,60.81,5,57.77,Debit Card
TXN-102986,2024-09-10,CUST1452,Female,29,Beauty,Anti-Aging Facial Serum,1,65.21,0,65.21,Cash
TXN-102987,2024-09-10,CUST1773,Female,34,Clothing,Formal Wool Blazer,4,152.15,0,608.6,Debit Card
TXN-102988,2024-09-10,CUST1036,Female,23,Beauty,Anti-Aging Facial Serum,4,55.04,10,198.14,Credit Card
TXN-102989,2024-09-11,CUST1110,Female,37,Home & Kitchen,Espresso Coffee Machine,5,279.24,5,1326.39,Credit Card
TXN-102990,2024-09-11,CUST1597,Female,42,Beauty,Luxury Floral Perfume,1,105.39,10,94.85,Credit Card
TXN-102991,2024-09-11,CUST1055,Male,36,Clothing,Silk Evening Dress,3,108.42,5,309.0,Credit Card
TXN-102992,2024-09-11,CUST1419,Male,31,Clothing,Premium Cotton T-Shirt,1,30.35,0,30.35,Credit Card
TXN-102993,2024-09-11,CUST1010,Female,34,Beauty,Organic Sunscreen SPF 50,5,40.27,0,201.35,Credit Card
TXN-102994,2024-09-11,CUST1125,Female,20,Clothing,Casual Chino Pants,3,43.48,0,130.44,Debit Card
TXN-102995,2024-09-11,CUST1645,Male,50,Beauty,Exfoliating Face Scrub,1,15.82,5,15.03,UPI / Digital Wallet
TXN-102996,2024-09-12,CUST1167,Female,33,Beauty,Luxury Floral Perfume,2,124.0,0,248.0,Credit Card
TXN-102997,2024-09-12,CUST1778,Male,35,Sports & Outdoors,High-Tension Resistance Bands,2,22.49,5,42.73,Debit Card
TXN-102998,2024-09-12,CUST1831,Female,18,Sports & Outdoors,Adjustable Dumbbells Set,1,157.27,10,141.54,Credit Card
TXN-102999,2024-09-13,CUST1650,Female,38,Clothing,Formal Wool Blazer,1,188.17,0,188.17,Cash
TXN-103000,2024-09-14,CUST1036,Female,23,Beauty,Anti-Aging Facial Serum,1,69.2,0,69.2,Credit Card
TXN-103001,2024-09-14,CUST1486,Female,36,Sports & Outdoors,Eco-Friendly Yoga Mat,1,43.09,0,43.09,UPI / Digital Wallet
TXN-103002,2024-09-14,CUST1102,Female,26,Clothing,Premium Cotton T-Shirt,2,28.04,0,56.08,Credit Card
TXN-103003,2024-09-15,CUST1717,Male,18,Clothing,Classic Denim Jacket,1,64.83,0,64.83,Debit Card
TXN-103004,2024-09-15,CUST1051,Male,60,Sports & Outdoors,Eco-Friendly Yoga Mat,2,43.37,0,86.74,UPI / Digital Wallet
TXN-103005,2024-09-15,CUST1614,Male,52,Clothing,Casual Chino Pants,1,59.46,5,56.49,Debit Card
TXN-103006,2024-09-15,CUST1451,Male,24,Sports & Outdoors,Mountain Trail Backpack,1,110.48,0,110.48,Debit Card
TXN-103007,2024-09-15,CUST1109,Female,28,Beauty,Organic Sunscreen SPF 50,2,35.51,5,67.47,Debit Card
TXN-103008,2024-09-15,CUST1301,Male,43,Electronics,Ultra HD 4K Smart TV,2,628.23,0,1256.46,Credit Card
TXN-103009,2024-09-16,CUST1518,Male,28,Home & Kitchen,Digital Air Fryer XL,5,134.86,0,674.3,Debit Card
TXN-103010,2024-09-16,CUST1131,Female,43,Home & Kitchen,Digital Air Fryer XL,1,99.79,5,94.8,Debit Card
TXN-103011,2024-09-16,CUST1745,Male,44,Sports & Outdoors,Adjustable Dumbbells Set,2,143.89,0,287.78,UPI / Digital Wallet
TXN-103012,2024-09-16,CUST1618,Male,53,Home & Kitchen,Cast Iron Dutch Oven,1,81.41,10,73.27,Credit Card
TXN-103013,2024-09-16,CUST1272,Male,58,Beauty,Ionic Hair Dryer Pro,2,100.44,5,190.84,Credit Card
TXN-103014,2024-09-17,CUST1288,Female,62,Beauty,Luxury Floral Perfume,2,155.34,0,310.68,Debit Card
TXN-103015,2024-09-17,CUST1092,Male,30,Clothing,Athletic Running Shoes,1,110.92,10,99.83,Debit Card
TXN-103016,2024-09-17,CUST1585,Female,35,Clothing,Formal Wool Blazer,1,173.03,0,173.03,Credit Card
TXN-103017,2024-09-18,CUST1309,Female,56,Clothing,Casual Chino Pants,1,53.93,0,53.93,UPI / Digital Wallet
TXN-103018,2024-09-19,CUST1145,Female,31,Electronics,Gaming Laptop 16GB,2,1280.09,10,2304.16,Cash
TXN-103019,2024-09-19,CUST1175,Female,26,Beauty,Anti-Aging Facial Serum,1,71.73,0,71.73,Cash
TXN-103020,2024-09-19,CUST1092,Male,30,Electronics,Gaming Laptop 16GB,1,1297.01,5,1232.16,Cash
TXN-103021,2024-09-19,CUST1698,Female,30,Beauty,Exfoliating Face Scrub,2,23.45,0,46.9,Debit Card
TXN-103022,2024-09-19,CUST1445,Male,18,Electronics,Gaming Laptop 16GB,1,1112.11,10,1000.9,Credit Card
TXN-103023,2024-09-19,CUST1172,Female,32,Electronics,Smartphone Pro Max,2,858.3,5,1630.77,UPI / Digital Wallet
TXN-103024,2024-09-19,CUST1306,Female,40,Home & Kitchen,Cast Iron Dutch Oven,3,84.13,0,252.39,Credit Card
TXN-103025,2024-09-19,CUST1403,Male,33,Electronics,Ultra HD 4K Smart TV,1,714.41,0,714.41,Credit Card
TXN-103026,2024-09-19,CUST1512,Male,45,Electronics,Wireless Noise-Canceling Earbuds,2,170.07,0,340.14,Credit Card
TXN-103027,2024-09-19,CUST1337,Male,29,Electronics,Fitness Smartwatch,1,240.2,5,228.19,UPI / Digital Wallet
TXN-103028,2024-09-19,CUST1457,Female,44,Sports & Outdoors,Waterproof Camping Tent,4,260.08,0,1040.32,Credit Card
TXN-103029,2024-09-19,CUST1341,Female,46,Electronics,Smartphone Pro Max,3,890.77,0,2672.31,Credit Card
TXN-103030,2024-09-20,CUST1403,Male,33,Electronics,Ultra HD 4K Smart TV,4,674.6,0,2698.4,Credit Card
TXN-103031,2024-09-20,CUST1744,Female,24,Beauty,Organic Sunscreen SPF 50,1,39.4,0,39.4,Credit Card
TXN-103032,2024-09-20,CUST1638,Female,39,Clothing,Silk Evening Dress,3,117.15,0,351.45,UPI / Digital Wallet
TXN-103033,2024-09-20,CUST1517,Male,37,Beauty,Anti-Aging Facial Serum,1,79.14,5,75.18,Credit Card
TXN-103034,2024-09-20,CUST1312,Female,37,Clothing,Athletic Running Shoes,1,95.39,10,85.85,UPI / Digital Wallet
TXN-103035,2024-09-20,CUST1540,Male,37,Electronics,Wireless Noise-Canceling Earbuds,1,176.69,0,176.69,UPI / Digital Wallet
TXN-103036,2024-09-21,CUST1411,Male,53,Beauty,Hydrating Matte Lipstick,1,25.95,0,25.95,Credit Card
TXN-103037,2024-09-21,CUST1533,Male,25,Home & Kitchen,Digital Air Fryer XL,5,98.76,5,469.11,Debit Card
TXN-103038,2024-09-21,CUST1509,Male,69,Home & Kitchen,Espresso Coffee Machine,2,242.19,0,484.38,Credit Card
TXN-103039,2024-09-21,CUST1186,Male,23,Sports & Outdoors,Mountain Trail Backpack,1,73.16,5,69.5,Debit Card
TXN-103040,2024-09-21,CUST1115,Male,30,Beauty,Anti-Aging Facial Serum,2,66.4,0,132.8,Credit Card
TXN-103041,2024-09-21,CUST1307,Female,47,Beauty,Exfoliating Face Scrub,1,25.2,0,25.2,UPI / Digital Wallet
TXN-103042,2024-09-21,CUST1228,Male,46,Beauty,Anti-Aging Facial Serum,1,64.42,10,57.98,Credit Card
TXN-103043,2024-09-22,CUST1546,Female,39,Sports & Outdoors,Mountain Trail Backpack,1,83.63,0,83.63,UPI / Digital Wallet
TXN-103044,2024-09-22,CUST1312,Female,37,Clothing,Classic Denim Jacket,4,70.97,5,269.69,UPI / Digital Wallet
TXN-103045,2024-09-22,CUST1363,Male,43,Clothing,Premium Cotton T-Shirt,1,27.91,0,27.91,Cash
TXN-103046,2024-09-23,CUST1262,Female,32,Beauty,Exfoliating Face Scrub,2,21.37,0,42.74,Debit Card
TXN-103047,2024-09-23,CUST1628,Female,27,Beauty,Luxury Floral Perfume,1,127.48,5,121.11,Credit Card
TXN-103048,2024-09-24,CUST1844,Female,48,Clothing,Athletic Running Shoes,4,117.75,10,423.9,Credit Card
TXN-103049,2024-09-25,CUST1222,Female,37,Electronics,Smartphone Pro Max,2,888.47,5,1688.09,Cash
TXN-103050,2024-09-25,CUST1735,Male,29,Electronics,Gaming Laptop 16GB,4,1174.93,10,4229.75,UPI / Digital Wallet
TXN-103051,2024-09-25,CUST1349,Male,43,Electronics,Gaming Laptop 16GB,1,1273.22,5,1209.56,Debit Card
TXN-103052,2024-09-26,CUST1291,Female,29,Beauty,Exfoliating Face Scrub,3,21.19,0,63.57,UPI / Digital Wallet
TXN-103053,2024-09-26,CUST1224,Female,70,Home & Kitchen,High-Speed Smoothie Blender,2,83.97,5,159.54,Credit Card
TXN-103054,2024-09-26,CUST1160,Female,41,Beauty,Luxury Floral Perfume,1,133.59,0,133.59,Credit Card
TXN-103055,2024-09-26,CUST1072,Female,30,Beauty,Hydrating Matte Lipstick,1,21.27,0,21.27,UPI / Digital Wallet
TXN-103056,2024-09-26,CUST1570,Female,38,Electronics,Ultra HD 4K Smart TV,1,651.73,0,651.73,UPI / Digital Wallet
TXN-103057,2024-09-26,CUST1588,Female,29,Beauty,Exfoliating Face Scrub,3,24.67,5,70.31,Credit Card
TXN-103058,2024-09-27,CUST1762,Female,57,Home & Kitchen,Non-Stick Cookware Set (10 Pc),1,159.47,0,159.47,Credit Card
TXN-103059,2024-09-27,CUST1701,Female,43,Beauty,Organic Sunscreen SPF 50,1,41.65,0,41.65,Cash
TXN-103060,2024-09-27,CUST1007,Male,30,Clothing,Silk Evening Dress,3,141.04,10,380.81,Credit Card
TXN-103061,2024-09-28,CUST1777,Male,30,Clothing,Athletic Running Shoes,2,68.01,5,129.22,Debit Card
TXN-103062,2024-09-28,CUST1690,Female,18,Beauty,Exfoliating Face Scrub,1,23.93,0,23.93,Credit Card
TXN-103063,2024-09-28,CUST1577,Male,70,Clothing,Classic Denim Jacket,1,79.51,5,75.53,Debit Card
TXN-103064,2024-09-28,CUST1230,Male,45,Electronics,Smartphone Pro Max,1,850.81,0,850.81,Credit Card
TXN-103065,2024-09-28,CUST1173,Female,34,Clothing,Silk Evening Dress,1,144.93,5,137.68,UPI / Digital Wallet
TXN-103066,2024-09-29,CUST1652,Male,52,Home & Kitchen,Non-Stick Cookware Set (10 Pc),1,158.21,0,158.21,UPI / Digital Wallet
TXN-103067,2024-09-29,CUST1426,Female,33,Beauty,Anti-Aging Facial Serum,1,67.63,0,67.63,Credit Card
TXN-103068,2024-09-29,CUST1475,Male,43,Home & Kitchen,Cast Iron Dutch Oven,2,80.17,5,152.32,UPI / Digital Wallet
TXN-103069,2024-09-29,CUST1516,Female,39,Beauty,Exfoliating Face Scrub,1,18.41,10,16.57,Credit Card
TXN-103070,2024-09-29,CUST1592,Female,41,Electronics,Fitness Smartwatch,3,256.04,10,691.31,Credit Card
TXN-103071,2024-09-29,CUST1508,Male,51,Clothing,Premium Cotton T-Shirt,1,27.32,0,27.32,Cash
TXN-103072,2024-09-30,CUST1623,Female,33,Clothing,Classic Denim Jacket,1,82.09,0,82.09,UPI / Digital Wallet
TXN-103073,2024-09-30,CUST1683,Male,40,Sports & Outdoors,High-Tension Resistance Bands,2,25.09,0,50.18,Debit Card
TXN-103074,2024-09-30,CUST1248,Male,40,Sports & Outdoors,Eco-Friendly Yoga Mat,2,43.62,10,78.52,Debit Card
TXN-103075,2024-09-30,CUST1257,Male,58,Home & Kitchen,Espresso Coffee Machine,1,267.56,5,254.18,UPI / Digital Wallet
TXN-103076,2024-09-30,CUST1145,Female,31,Clothing,Premium Cotton T-Shirt,2,41.46,0,82.92,Debit Card
TXN-103077,2024-09-30,CUST1449,Female,24,Sports & Outdoors,Mountain Trail Backpack,2,91.89,5,174.59,Credit Card
TXN-103078,2024-09-30,CUST1523,Male,23,Beauty,Ionic Hair Dryer Pro,1,109.12,0,109.12,UPI / Digital Wallet
TXN-103079,2024-09-30,CUST1505,Female,67,Electronics,Ultra HD 4K Smart TV,3,621.08,5,1770.08,UPI / Digital Wallet
TXN-103080,2024-10-01,CUST1579,Female,59,Clothing,Athletic Running Shoes,2,123.41,0,246.82,UPI / Digital Wallet
TXN-103081,2024-10-01,CUST1714,Female,35,Home & Kitchen,Espresso Coffee Machine,2,244.18,10,439.52,Credit Card
TXN-103082,2024-10-01,CUST1067,Male,47,Sports & Outdoors,Eco-Friendly Yoga Mat,3,53.78,0,161.34,Debit Card
TXN-103083,2024-10-01,CUST1265,Male,24,Electronics,Fitness Smartwatch,3,207.81,5,592.26,Credit Card
TXN-103084,2024-10-01,CUST1419,Male,31,Sports & Outdoors,Insulated Thermal Water Bottle,2,40.0,0,80.0,Debit Card
TXN-103085,2024-10-02,CUST1178,Male,37,Clothing,Silk Evening Dress,2,131.15,0,262.3,Credit Card
TXN-103086,2024-10-02,CUST1011,Male,57,Clothing,Classic Denim Jacket,1,80.45,10,72.41,Credit Card
TXN-103087,2024-10-02,CUST1293,Female,41,Electronics,Smartphone Pro Max,2,875.77,0,1751.54,Credit Card
TXN-103088,2024-10-02,CUST1645,Male,50,Clothing,Athletic Running Shoes,1,102.51,0,102.51,UPI / Digital Wallet
TXN-103089,2024-10-02,CUST1498,Male,59,Clothing,Classic Denim Jacket,1,68.34,0,68.34,Debit Card
TXN-103090,2024-10-03,CUST1433,Female,35,Clothing,Premium Cotton T-Shirt,2,34.58,5,65.7,UPI / Digital Wallet
TXN-103091,2024-10-03,CUST1576,Female,36,Beauty,Organic Sunscreen SPF 50,1,34.19,10,30.77,Credit Card
TXN-103092,2024-10-03,CUST1383,Male,51,Electronics,Smartphone Pro Max,5,825.77,5,3922.41,Credit Card
TXN-103093,2024-10-04,CUST1841,Male,53,Home & Kitchen,Robot Vacuum Cleaner,1,271.59,5,258.01,Credit Card
TXN-103094,2024-10-04,CUST1262,Female,32,Clothing,Premium Cotton T-Shirt,2,26.8,0,53.6,UPI / Digital Wallet
TXN-103095,2024-10-04,CUST1489,Male,38,Electronics,Gaming Laptop 16GB,1,1190.05,10,1071.05,UPI / Digital Wallet
TXN-103096,2024-10-04,CUST1550,Male,28,Sports & Outdoors,Waterproof Camping Tent,1,259.25,0,259.25,Cash
TXN-103097,2024-10-04,CUST1488,Male,35,Sports & Outdoors,Waterproof Camping Tent,1,191.88,5,182.29,UPI / Digital Wallet
TXN-103098,2024-10-04,CUST1234,Female,48,Electronics,Bluetooth Portable Speaker,4,85.2,0,340.8,Debit Card
TXN-103099,2024-10-05,CUST1546,Female,39,Electronics,Fitness Smartwatch,5,232.75,10,1047.37,Credit Card
TXN-103100,2024-10-05,CUST1654,Female,37,Sports & Outdoors,Insulated Thermal Water Bottle,3,30.83,0,92.49,Debit Card
TXN-103101,2024-10-05,CUST1454,Female,35,Beauty,Organic Sunscreen SPF 50,4,33.24,5,126.31,Credit Card
TXN-103102,2024-10-05,CUST1507,Male,18,Sports & Outdoors,Eco-Friendly Yoga Mat,1,51.35,5,48.78,Credit Card
TXN-103103,2024-10-05,CUST1056,Female,30,Home & Kitchen,Digital Air Fryer XL,1,139.93,5,132.93,UPI / Digital Wallet
TXN-103104,2024-10-05,CUST1190,Female,41,Home & Kitchen,Cast Iron Dutch Oven,2,77.72,10,139.9,Debit Card
TXN-103105,2024-10-06,CUST1552,Male,19,Electronics,Wireless Noise-Canceling Earbuds,1,147.63,0,147.63,UPI / Digital Wallet
TXN-103106,2024-10-06,CUST1066,Female,20,Beauty,Ionic Hair Dryer Pro,1,85.14,5,80.88,Credit Card
TXN-103107,2024-10-06,CUST1551,Male,29,Clothing,Formal Wool Blazer,1,151.63,0,151.63,Debit Card
TXN-103108,2024-10-06,CUST1841,Male,53,Home & Kitchen,Digital Air Fryer XL,1,111.67,10,100.5,Debit Card
TXN-103109,2024-10-06,CUST1602,Female,28,Beauty,Exfoliating Face Scrub,2,20.38,0,40.76,Debit Card
TXN-103110,2024-10-07,CUST1368,Female,60,Home & Kitchen,Cast Iron Dutch Oven,1,87.94,0,87.94,Credit Card
TXN-103111,2024-10-07,CUST1492,Female,58,Clothing,Athletic Running Shoes,1,112.11,0,112.11,Credit Card
TXN-103112,2024-10-07,CUST1254,Female,33,Clothing,Athletic Running Shoes,1,106.47,0,106.47,Debit Card
TXN-103113,2024-10-07,CUST1064,Female,42,Clothing,Athletic Running Shoes,4,121.03,0,484.12,Credit Card
TXN-103114,2024-10-08,CUST1264,Male,51,Sports & Outdoors,Mountain Trail Backpack,2,115.41,5,219.28,Debit Card
TXN-103115,2024-10-08,CUST1193,Male,31,Beauty,Organic Sunscreen SPF 50,1,42.18,5,40.07,UPI / Digital Wallet
TXN-103116,2024-10-09,CUST1284,Male,21,Electronics,Bluetooth Portable Speaker,1,89.38,0,89.38,Debit Card
TXN-103117,2024-10-09,CUST1141,Female,46,Clothing,Casual Chino Pants,2,62.0,0,124.0,UPI / Digital Wallet
TXN-103118,2024-10-09,CUST1235,Male,44,Electronics,Ultra HD 4K Smart TV,1,668.64,0,668.64,Credit Card
TXN-103119,2024-10-09,CUST1193,Male,31,Sports & Outdoors,Insulated Thermal Water Bottle,3,32.29,0,96.87,Cash
TXN-103120,2024-10-10,CUST1822,Female,26,Clothing,Formal Wool Blazer,2,152.51,5,289.77,UPI / Digital Wallet
TXN-103121,2024-10-10,CUST1154,Male,35,Beauty,Anti-Aging Facial Serum,3,60.96,5,173.74,UPI / Digital Wallet
TXN-103122,2024-10-10,CUST1729,Female,41,Home & Kitchen,Non-Stick Cookware Set (10 Pc),1,173.45,0,173.45,Credit Card
TXN-103123,2024-10-10,CUST1613,Female,54,Sports & Outdoors,Mountain Trail Backpack,2,87.88,0,175.76,Debit Card
TXN-103124,2024-10-10,CUST1417,Female,21,Clothing,Silk Evening Dress,2,148.98,0,297.96,Debit Card
TXN-103125,2024-10-11,CUST1329,Female,22,Clothing,Silk Evening Dress,2,127.42,0,254.84,Debit Card
TXN-103126,2024-10-11,CUST1059,Female,52,Clothing,Classic Denim Jacket,5,64.17,0,320.85,UPI / Digital Wallet
TXN-103127,2024-10-11,CUST1633,Male,18,Beauty,Hydrating Matte Lipstick,1,30.2,0,30.2,Debit Card
TXN-103128,2024-10-11,CUST1478,Male,34,Electronics,Ultra HD 4K Smart TV,1,689.78,0,689.78,Credit Card
TXN-103129,2024-10-11,CUST1053,Male,60,Home & Kitchen,Robot Vacuum Cleaner,2,325.4,0,650.8,Cash
TXN-103130,2024-10-11,CUST1380,Female,22,Beauty,Organic Sunscreen SPF 50,3,29.79,5,84.9,UPI / Digital Wallet
TXN-103131,2024-10-11,CUST1568,Male,35,Beauty,Anti-Aging Facial Serum,4,66.88,0,267.52,Credit Card
TXN-103132,2024-10-12,CUST1440,Female,39,Electronics,Smartphone Pro Max,1,852.35,0,852.35,UPI / Digital Wallet
TXN-103133,2024-10-12,CUST1188,Male,40,Sports & Outdoors,Adjustable Dumbbells Set,1,163.14,0,163.14,Debit Card
TXN-103134,2024-10-12,CUST1553,Male,60,Clothing,Athletic Running Shoes,1,103.16,0,103.16,Credit Card
TXN-103135,2024-10-12,CUST1553,Male,60,Home & Kitchen,Espresso Coffee Machine,3,266.93,0,800.79,Credit Card
TXN-103136,2024-10-12,CUST1105,Female,39,Home & Kitchen,Non-Stick Cookware Set (10 Pc),1,152.61,10,137.35,UPI / Digital Wallet
TXN-103137,2024-10-12,CUST1737,Male,39,Home & Kitchen,Digital Air Fryer XL,1,131.36,5,124.79,Credit Card
TXN-103138,2024-10-13,CUST1225,Female,31,Home & Kitchen,Digital Air Fryer XL,1,113.36,0,113.36,Debit Card
TXN-103139,2024-10-13,CUST1702,Female,18,Electronics,Ultra HD 4K Smart TV,1,618.72,0,618.72,UPI / Digital Wallet
TXN-103140,2024-10-13,CUST1665,Female,44,Beauty,Exfoliating Face Scrub,3,25.05,0,75.15,Credit Card
TXN-103141,2024-10-13,CUST1079,Female,44,Clothing,Casual Chino Pants,2,48.54,0,97.08,Cash
TXN-103142,2024-10-14,CUST1606,Female,45,Home & Kitchen,Robot Vacuum Cleaner,1,302.51,5,287.38,UPI / Digital Wallet
TXN-103143,2024-10-14,CUST1081,Male,50,Home & Kitchen,Cast Iron Dutch Oven,3,84.67,0,254.01,UPI / Digital Wallet
TXN-103144,2024-10-14,CUST1317,Female,29,Clothing,Classic Denim Jacket,1,62.38,0,62.38,Credit Card
TXN-103145,2024-10-15,CUST1175,Female,26,Clothing,Premium Cotton T-Shirt,2,26.25,0,52.5,Cash
TXN-103146,2024-10-15,CUST1074,Male,40,Electronics,Ultra HD 4K Smart TV,1,580.56,0,580.56,Credit Card
TXN-103147,2024-10-15,CUST1593,Female,18,Electronics,Smartphone Pro Max,1,964.08,0,964.08,UPI / Digital Wallet
TXN-103148,2024-10-15,CUST1731,Male,58,Home & Kitchen,High-Speed Smoothie Blender,2,83.28,0,166.56,Cash
TXN-103149,2024-10-15,CUST1307,Female,47,Sports & Outdoors,Adjustable Dumbbells Set,2,172.21,0,344.42,Debit Card
TXN-103150,2024-10-16,CUST1809,Female,45,Beauty,Hydrating Matte Lipstick,1,25.96,10,23.36,UPI / Digital Wallet
TXN-103151,2024-10-16,CUST1024,Female,47,Electronics,Smartphone Pro Max,1,843.97,0,843.97,Credit Card
TXN-103152,2024-10-16,CUST1252,Male,46,Clothing,Athletic Running Shoes,3,119.69,0,359.07,UPI / Digital Wallet
TXN-103153,2024-10-17,CUST1163,Male,51,Clothing,Athletic Running Shoes,1,88.94,0,88.94,Credit Card
TXN-103154,2024-10-17,CUST1769,Male,18,Home & Kitchen,Non-Stick Cookware Set (10 Pc),1,204.85,5,194.61,Credit Card
TXN-103155,2024-10-17,CUST1181,Female,25,Electronics,Bluetooth Portable Speaker,2,68.43,0,136.86,UPI / Digital Wallet
TXN-103156,2024-10-17,CUST1473,Male,42,Sports & Outdoors,Adjustable Dumbbells Set,1,150.71,0,150.71,Debit Card
TXN-103157,2024-10-17,CUST1579,Female,59,Electronics,Ultra HD 4K Smart TV,2,707.75,5,1344.72,Credit Card
TXN-103158,2024-10-17,CUST1442,Female,49,Clothing,Athletic Running Shoes,1,114.89,0,114.89,Debit Card
TXN-103159,2024-10-18,CUST1055,Male,36,Home & Kitchen,Digital Air Fryer XL,1,156.3,5,148.48,Credit Card
TXN-103160,2024-10-18,CUST1008,Male,28,Clothing,Formal Wool Blazer,3,222.55,10,600.89,Credit Card
TXN-103161,2024-10-18,CUST1328,Female,37,Beauty,Hydrating Matte Lipstick,3,27.5,0,82.5,Debit Card
TXN-103162,2024-10-18,CUST1110,Female,37,Electronics,Bluetooth Portable Speaker,1,77.4,0,77.4,Debit Card
TXN-103163,2024-10-18,CUST1820,Male,36,Clothing,Classic Denim Jacket,1,88.39,5,83.97,Credit Card
TXN-103164,2024-10-18,CUST1607,Female,26,Home & Kitchen,Cast Iron Dutch Oven,2,86.67,5,164.67,UPI / Digital Wallet
TXN-103165,2024-10-18,CUST1190,Female,41,Sports & Outdoors,Insulated Thermal Water Bottle,1,31.35,10,28.21,Credit Card
TXN-103166,2024-10-18,CUST1766,Male,33,Electronics,Smartphone Pro Max,2,956.46,0,1912.92,Debit Card
TXN-103167,2024-10-18,CUST1174,Male,20,Sports & Outdoors,Mountain Trail Backpack,5,71.36,0,356.8,Debit Card
TXN-103168,2024-10-19,CUST1078,Female,51,Sports & Outdoors,High-Tension Resistance Bands,3,22.08,0,66.24,Credit Card
TXN-103169,2024-10-19,CUST1770,Female,64,Electronics,Wireless Noise-Canceling Earbuds,2,153.54,0,307.08,Credit Card
TXN-103170,2024-10-19,CUST1291,Female,29,Electronics,Gaming Laptop 16GB,2,1096.74,5,2083.81,Debit Card
TXN-103171,2024-10-19,CUST1308,Male,36,Home & Kitchen,Cast Iron Dutch Oven,1,62.91,0,62.91,UPI / Digital Wallet
TXN-103172,2024-10-19,CUST1155,Female,32,Beauty,Anti-Aging Facial Serum,1,73.85,0,73.85,Cash
TXN-103173,2024-10-19,CUST1210,Male,41,Beauty,Anti-Aging Facial Serum,1,60.18,5,57.17,Credit Card
TXN-103174,2024-10-19,CUST1340,Female,61,Home & Kitchen,Espresso Coffee Machine,2,285.99,5,543.38,Credit Card
TXN-103175,2024-10-19,CUST1044,Female,31,Beauty,Anti-Aging Facial Serum,1,83.24,5,79.08,Cash
TXN-103176,2024-10-20,CUST1693,Female,35,Clothing,Athletic Running Shoes,2,106.13,0,212.26,Credit Card
TXN-103177,2024-10-20,CUST1354,Female,55,Clothing,Classic Denim Jacket,1,72.21,0,72.21,Credit Card
TXN-103178,2024-10-21,CUST1284,Male,21,Home & Kitchen,Non-Stick Cookware Set (10 Pc),1,180.42,0,180.42,Credit Card
TXN-103179,2024-10-21,CUST1264,Male,51,Home & Kitchen,Non-Stick Cookware Set (10 Pc),1,176.75,0,176.75,Credit Card
TXN-103180,2024-10-22,CUST1568,Male,35,Beauty,Hydrating Matte Lipstick,3,26.3,0,78.9,Debit Card
TXN-103181,2024-10-22,CUST1469,Male,23,Electronics,Wireless Noise-Canceling Earbuds,2,160.69,0,321.38,Credit Card
TXN-103182,2024-10-22,CUST1605,Female,38,Electronics,Smartphone Pro Max,3,970.5,0,2911.5,Debit Card
TXN-103183,2024-10-22,CUST1468,Female,59,Electronics,Gaming Laptop 16GB,2,1193.68,0,2387.36,Credit Card
TXN-103184,2024-10-23,CUST1563,Female,65,Sports & Outdoors,Adjustable Dumbbells Set,2,202.07,5,383.93,Credit Card
TXN-103185,2024-10-23,CUST1074,Male,40,Clothing,Premium Cotton T-Shirt,3,33.95,0,101.85,Credit Card
TXN-103186,2024-10-23,CUST1796,Male,41,Electronics,Wireless Noise-Canceling Earbuds,1,146.81,0,146.81,UPI / Digital Wallet
TXN-103187,2024-10-23,CUST1250,Female,20,Clothing,Formal Wool Blazer,1,195.09,0,195.09,Credit Card
TXN-103188,2024-10-23,CUST1380,Female,22,Clothing,Silk Evening Dress,2,146.29,0,292.58,Credit Card
TXN-103189,2024-10-24,CUST1669,Female,18,Electronics,Wireless Noise-Canceling Earbuds,1,170.85,5,162.31,Credit Card
TXN-103190,2024-10-24,CUST1232,Male,45,Electronics,Fitness Smartwatch,1,222.41,0,222.41,Debit Card
TXN-103191,2024-10-24,CUST1220,Male,31,Clothing,Classic Denim Jacket,3,85.4,0,256.2,Debit Card
TXN-103192,2024-10-24,CUST1155,Female,32,Clothing,Premium Cotton T-Shirt,2,34.34,0,68.68,Debit Card
TXN-103193,2024-10-25,CUST1175,Female,26,Clothing,Premium Cotton T-Shirt,1,28.5,10,25.65,Debit Card
TXN-103194,2024-10-25,CUST1770,Female,64,Beauty,Hydrating Matte Lipstick,1,26.56,0,26.56,Cash
TXN-103195,2024-10-26,CUST1271,Male,42,Sports & Outdoors,High-Tension Resistance Bands,2,21.77,0,43.54,Credit Card
TXN-103196,2024-10-26,CUST1425,Male,33,Electronics,Ultra HD 4K Smart TV,2,584.53,0,1169.06,UPI / Digital Wallet
TXN-103197,2024-10-26,CUST1718,Female,57,Electronics,Gaming Laptop 16GB,1,1276.3,5,1212.48,Debit Card
TXN-103198,2024-10-26,CUST1500,Male,29,Home & Kitchen,Espresso Coffee Machine,1,297.75,5,282.86,Debit Card
TXN-103199,2024-10-26,CUST1375,Female,18,Beauty,Hydrating Matte Lipstick,3,31.68,0,95.04,Debit Card
TXN-103200,2024-10-27,CUST1335,Female,18,Clothing,Premium Cotton T-Shirt,3,22.99,0,68.97,Credit Card
TXN-103201,2024-10-27,CUST1805,Male,22,Sports & Outdoors,Eco-Friendly Yoga Mat,1,43.72,0,43.72,Cash
TXN-103202,2024-10-27,CUST1527,Female,18,Sports & Outdoors,High-Tension Resistance Bands,1,27.62,10,24.86,Credit Card
TXN-103203,2024-10-28,CUST1379,Female,58,Home & Kitchen,Espresso Coffee Machine,2,312.69,0,625.38,Cash
TXN-103204,2024-10-28,CUST1385,Male,32,Clothing,Silk Evening Dress,4,143.37,0,573.48,Debit Card
TXN-103205,2024-10-29,CUST1287,Male,36,Beauty,Exfoliating Face Scrub,1,23.53,0,23.53,Credit Card
TXN-103206,2024-10-29,CUST1753,Female,34,Home & Kitchen,Digital Air Fryer XL,1,119.93,5,113.93,Cash
TXN-103207,2024-10-29,CUST1564,Female,22,Clothing,Casual Chino Pants,1,57.58,10,51.82,Cash
TXN-103208,2024-10-29,CUST1004,Female,30,Sports & Outdoors,Eco-Friendly Yoga Mat,1,44.77,10,40.29,Debit Card
TXN-103209,2024-10-30,CUST1504,Male,18,Beauty,Ionic Hair Dryer Pro,1,90.31,0,90.31,Debit Card
TXN-103210,2024-10-30,CUST1074,Male,40,Clothing,Casual Chino Pants,1,55.34,10,49.81,UPI / Digital Wallet
TXN-103211,2024-10-30,CUST1764,Female,44,Electronics,Smartphone Pro Max,2,873.43,0,1746.86,Credit Card
TXN-103212,2024-10-30,CUST1402,Female,45,Home & Kitchen,Espresso Coffee Machine,2,237.95,0,475.9,Credit Card
TXN-103213,2024-10-30,CUST1607,Female,26,Clothing,Silk Evening Dress,2,138.28,10,248.9,Cash
TXN-103214,2024-10-30,CUST1230,Male,45,Clothing,Classic Denim Jacket,1,74.26,0,74.26,UPI / Digital Wallet
TXN-103215,2024-10-30,CUST1028,Male,22,Electronics,Ultra HD 4K Smart TV,1,633.93,0,633.93,Credit Card
TXN-103216,2024-10-30,CUST1808,Female,30,Clothing,Silk Evening Dress,1,120.85,5,114.81,Credit Card
TXN-103217,2024-10-30,CUST1083,Female,51,Home & Kitchen,Non-Stick Cookware Set (10 Pc),1,155.56,0,155.56,Credit Card
TXN-103218,2024-10-30,CUST1243,Female,27,Clothing,Classic Denim Jacket,2,64.54,0,129.08,UPI / Digital Wallet
TXN-103219,2024-10-30,CUST1164,Female,31,Beauty,Organic Sunscreen SPF 50,3,37.15,5,105.88,Credit Card
TXN-103220,2024-10-31,CUST1755,Male,45,Beauty,Hydrating Matte Lipstick,2,32.75,10,58.95,Debit Card
TXN-103221,2024-10-31,CUST1213,Female,64,Sports & Outdoors,High-Tension Resistance Bands,3,22.17,10,59.86,Debit Card
TXN-103222,2024-11-01,CUST1034,Male,33,Clothing,Classic Denim Jacket,1,79.41,15,67.5,UPI / Digital Wallet
TXN-103223,2024-11-01,CUST1018,Female,19,Electronics,Smartphone Pro Max,3,854.23,10,2306.42,Credit Card
TXN-103224,2024-11-01,CUST1486,Female,36,Sports & Outdoors,Mountain Trail Backpack,3,104.07,10,280.99,Credit Card
TXN-103225,2024-11-01,CUST1235,Male,44,Sports & Outdoors,Waterproof Camping Tent,2,208.28,25,312.42,Credit Card
TXN-103226,2024-11-01,CUST1283,Female,30,Beauty,Luxury Floral Perfume,2,108.13,5,205.45,UPI / Digital Wallet
TXN-103227,2024-11-02,CUST1656,Female,56,Clothing,Silk Evening Dress,2,142.09,0,284.18,Credit Card
TXN-103228,2024-11-02,CUST1559,Male,54,Clothing,Classic Denim Jacket,1,74.37,10,66.93,Credit Card
TXN-103229,2024-11-02,CUST1799,Male,18,Sports & Outdoors,Mountain Trail Backpack,3,85.31,15,217.54,UPI / Digital Wallet
TXN-103230,2024-11-02,CUST1297,Female,56,Home & Kitchen,Non-Stick Cookware Set (10 Pc),1,182.18,0,182.18,Credit Card
TXN-103231,2024-11-02,CUST1168,Female,32,Beauty,Organic Sunscreen SPF 50,1,27.95,5,26.55,Debit Card
TXN-103232,2024-11-02,CUST1071,Female,42,Electronics,Bluetooth Portable Speaker,3,82.83,10,223.64,Credit Card
TXN-103233,2024-11-03,CUST1174,Male,20,Electronics,Smartphone Pro Max,2,839.46,10,1511.03,UPI / Digital Wallet
TXN-103234,2024-11-03,CUST1775,Female,48,Sports & Outdoors,Eco-Friendly Yoga Mat,1,44.54,20,35.63,Cash
TXN-103235,2024-11-03,CUST1565,Male,42,Clothing,Athletic Running Shoes,1,79.5,0,79.5,Debit Card
TXN-103236,2024-11-03,CUST1403,Male,33,Clothing,Silk Evening Dress,1,131.41,0,131.41,Credit Card
TXN-103237,2024-11-03,CUST1548,Male,38,Beauty,Hydrating Matte Lipstick,5,21.79,0,108.95,Debit Card
TXN-103238,2024-11-03,CUST1000,Female,38,Beauty,Exfoliating Face Scrub,1,21.87,10,19.68,UPI / Digital Wallet
TXN-103239,2024-11-03,CUST1380,Female,22,Home & Kitchen,Non-Stick Cookware Set (10 Pc),2,152.24,15,258.81,Credit Card
TXN-103240,2024-11-04,CUST1798,Male,45,Beauty,Exfoliating Face Scrub,3,24.0,15,61.2,Credit Card
TXN-103241,2024-11-04,CUST1627,Male,50,Clothing,Premium Cotton T-Shirt,2,27.86,10,50.15,UPI / Digital Wallet
TXN-103242,2024-11-04,CUST1269,Female,18,Clothing,Formal Wool Blazer,2,178.57,10,321.43,UPI / Digital Wallet
TXN-103243,2024-11-04,CUST1405,Male,18,Electronics,Wireless Noise-Canceling Earbuds,2,155.83,20,249.33,Debit Card
TXN-103244,2024-11-04,CUST1694,Female,22,Electronics,Bluetooth Portable Speaker,1,102.51,20,82.01,UPI / Digital Wallet
TXN-103245,2024-11-04,CUST1079,Female,44,Electronics,Fitness Smartwatch,2,222.1,20,355.36,UPI / Digital Wallet
TXN-103246,2024-11-05,CUST1286,Female,46,Sports & Outdoors,Adjustable Dumbbells Set,1,159.17,10,143.25,UPI / Digital Wallet
TXN-103247,2024-11-05,CUST1811,Male,43,Clothing,Casual Chino Pants,2,46.51,15,79.07,Credit Card
TXN-103248,2024-11-05,CUST1463,Male,51,Home & Kitchen,Espresso Coffee Machine,1,287.68,10,258.91,UPI / Digital Wallet
TXN-103249,2024-11-05,CUST1652,Male,52,Beauty,Luxury Floral Perfume,3,108.8,10,293.76,UPI / Digital Wallet
TXN-103250,2024-11-06,CUST1509,Male,69,Clothing,Casual Chino Pants,2,57.52,10,103.54,UPI / Digital Wallet
TXN-103251,2024-11-06,CUST1524,Male,40,Electronics,Gaming Laptop 16GB,1,1342.65,5,1275.52,Debit Card
TXN-103252,2024-11-06,CUST1022,Female,50,Home & Kitchen,Espresso Coffee Machine,2,257.05,20,411.28,Debit Card
TXN-103253,2024-11-07,CUST1173,Female,34,Sports & Outdoors,Insulated Thermal Water Bottle,4,30.15,15,102.51,UPI / Digital Wallet
TXN-103254,2024-11-07,CUST1032,Female,47,Sports & Outdoors,High-Tension Resistance Bands,1,21.5,15,18.28,Cash
TXN-103255,2024-11-08,CUST1599,Female,22,Beauty,Organic Sunscreen SPF 50,2,36.44,25,54.66,Debit Card
TXN-103256,2024-11-08,CUST1626,Female,47,Clothing,Casual Chino Pants,1,47.72,15,40.56,Credit Card
TXN-103257,2024-11-08,CUST1420,Male,18,Beauty,Anti-Aging Facial Serum,1,73.73,5,70.04,UPI / Digital Wallet
TXN-103258,2024-11-08,CUST1652,Male,52,Sports & Outdoors,Eco-Friendly Yoga Mat,1,50.32,10,45.29,Cash
TXN-103259,2024-11-08,CUST1491,Male,19,Electronics,Wireless Noise-Canceling Earbuds,2,152.98,20,244.77,UPI / Digital Wallet
TXN-103260,2024-11-08,CUST1521,Female,36,Electronics,Wireless Noise-Canceling Earbuds,3,120.38,20,288.91,Credit Card
TXN-103261,2024-11-08,CUST1554,Male,21,Electronics,Ultra HD 4K Smart TV,1,644.93,10,580.44,UPI / Digital Wallet
TXN-103262,2024-11-09,CUST1341,Female,46,Electronics,Bluetooth Portable Speaker,5,99.36,10,447.12,Debit Card
TXN-103263,2024-11-09,CUST1205,Female,18,Electronics,Bluetooth Portable Speaker,2,76.33,15,129.76,Cash
TXN-103264,2024-11-09,CUST1841,Male,53,Home & Kitchen,Robot Vacuum Cleaner,1,313.06,0,313.06,Debit Card
TXN-103265,2024-11-10,CUST1112,Male,29,Clothing,Classic Denim Jacket,1,67.87,25,50.9,UPI / Digital Wallet
TXN-103266,2024-11-10,CUST1328,Female,37,Beauty,Exfoliating Face Scrub,1,21.09,10,18.98,UPI / Digital Wallet
TXN-103267,2024-11-10,CUST1473,Male,42,Electronics,Ultra HD 4K Smart TV,1,661.7,20,529.36,Debit Card
TXN-103268,2024-11-10,CUST1551,Male,29,Electronics,Ultra HD 4K Smart TV,1,583.82,15,496.25,UPI / Digital Wallet
TXN-103269,2024-11-10,CUST1744,Female,24,Sports & Outdoors,High-Tension Resistance Bands,1,21.13,5,20.07,Credit Card
TXN-103270,2024-11-11,CUST1748,Male,50,Clothing,Premium Cotton T-Shirt,4,26.71,25,80.13,Credit Card
TXN-103271,2024-11-11,CUST1705,Male,45,Electronics,Wireless Noise-Canceling Earbuds,1,181.3,10,163.17,Debit Card
TXN-103272,2024-11-11,CUST1651,Male,37,Electronics,Wireless Noise-Canceling Earbuds,2,145.17,5,275.82,Cash
TXN-103273,2024-11-11,CUST1643,Female,42,Clothing,Classic Denim Jacket,2,78.39,15,133.26,Credit Card
TXN-103274,2024-11-11,CUST1829,Female,50,Electronics,Smartphone Pro Max,2,841.32,5,1598.51,Credit Card
TXN-103275,2024-11-11,CUST1573,Male,66,Home & Kitchen,Cast Iron Dutch Oven,4,67.29,15,228.79,UPI / Digital Wallet
TXN-103276,2024-11-11,CUST1780,Male,34,Electronics,Gaming Laptop 16GB,2,1043.47,10,1878.25,Credit Card
TXN-103277,2024-11-11,CUST1418,Male,50,Electronics,Fitness Smartwatch,1,188.76,10,169.88,Credit Card
TXN-103278,2024-11-12,CUST1808,Female,30,Clothing,Premium Cotton T-Shirt,2,35.49,10,63.88,Debit Card
TXN-103279,2024-11-12,CUST1434,Female,37,Clothing,Formal Wool Blazer,2,159.15,10,286.47,Credit Card
TXN-103280,2024-11-13,CUST1329,Female,22,Clothing,Premium Cotton T-Shirt,2,33.82,0,67.64,Credit Card
TXN-103281,2024-11-13,CUST1096,Male,25,Home & Kitchen,Espresso Coffee Machine,4,263.03,10,946.91,Debit Card
TXN-103282,2024-11-13,CUST1529,Male,50,Home & Kitchen,Non-Stick Cookware Set (10 Pc),3,138.97,15,354.37,Credit Card
TXN-103283,2024-11-14,CUST1767,Male,27,Clothing,Premium Cotton T-Shirt,3,35.32,5,100.66,Credit Card
TXN-103284,2024-11-14,CUST1667,Female,44,Clothing,Athletic Running Shoes,1,113.75,0,113.75,UPI / Digital Wallet
TXN-103285,2024-11-14,CUST1300,Female,42,Electronics,Smartphone Pro Max,3,845.89,10,2283.9,Credit Card
TXN-103286,2024-11-15,CUST1254,Female,33,Electronics,Smartphone Pro Max,1,896.98,15,762.43,Credit Card
TXN-103287,2024-11-15,CUST1200,Male,27,Electronics,Gaming Laptop 16GB,2,1346.42,20,2154.27,Debit Card
TXN-103288,2024-11-15,CUST1390,Male,46,Sports & Outdoors,Waterproof Camping Tent,1,236.12,10,212.51,Credit Card
TXN-103289,2024-11-15,CUST1273,Male,37,Electronics,Gaming Laptop 16GB,3,1015.97,20,2438.33,UPI / Digital Wallet
TXN-103290,2024-11-15,CUST1092,Male,30,Electronics,Smartphone Pro Max,2,760.31,10,1368.56,Debit Card
TXN-103291,2024-11-15,CUST1747,Male,47,Beauty,Exfoliating Face Scrub,1,23.88,5,22.69,Credit Card
TXN-103292,2024-11-16,CUST1115,Male,30,Sports & Outdoors,High-Tension Resistance Bands,2,25.55,25,38.32,UPI / Digital Wallet
TXN-103293,2024-11-16,CUST1109,Female,28,Electronics,Smartphone Pro Max,1,818.68,10,736.81,Debit Card
TXN-103294,2024-11-16,CUST1181,Female,25,Beauty,Ionic Hair Dryer Pro,1,112.72,20,90.18,Debit Card
TXN-103295,2024-11-16,CUST1706,Female,39,Electronics,Wireless Noise-Canceling Earbuds,4,136.97,15,465.7,Debit Card
TXN-103296,2024-11-16,CUST1488,Male,35,Electronics,Smartphone Pro Max,1,849.76,0,849.76,Credit Card
TXN-103297,2024-11-16,CUST1516,Female,39,Clothing,Classic Denim Jacket,3,87.49,0,262.47,Credit Card
TXN-103298,2024-11-17,CUST1121,Male,34,Home & Kitchen,Cast Iron Dutch Oven,1,103.31,0,103.31,Credit Card
TXN-103299,2024-11-17,CUST1239,Female,46,Sports & Outdoors,Insulated Thermal Water Bottle,3,28.54,10,77.06,UPI / Digital Wallet
TXN-103300,2024-11-17,CUST1500,Male,29,Electronics,Fitness Smartwatch,3,240.88,15,614.24,UPI / Digital Wallet
TXN-103301,2024-11-17,CUST1588,Female,29,Electronics,Bluetooth Portable Speaker,1,85.62,10,77.06,Credit Card
TXN-103302,2024-11-17,CUST1585,Female,35,Sports & Outdoors,Adjustable Dumbbells Set,1,154.04,5,146.34,Debit Card
TXN-103303,2024-11-18,CUST1748,Male,50,Beauty,Anti-Aging Facial Serum,2,81.8,15,139.06,Credit Card
TXN-103304,2024-11-18,CUST1408,Male,33,Sports & Outdoors,Mountain Trail Backpack,1,68.18,15,57.95,Debit Card
TXN-103305,2024-11-18,CUST1324,Male,48,Beauty,Organic Sunscreen SPF 50,1,33.68,5,32.0,Debit Card
TXN-103306,2024-11-18,CUST1146,Male,39,Clothing,Silk Evening Dress,1,148.03,15,125.83,Credit Card
TXN-103307,2024-11-18,CUST1522,Male,25,Electronics,Wireless Noise-Canceling Earbuds,1,129.84,15,110.36,Credit Card
TXN-103308,2024-11-18,CUST1094,Male,25,Beauty,Ionic Hair Dryer Pro,1,93.12,10,83.81,Debit Card
TXN-103309,2024-11-19,CUST1036,Female,23,Clothing,Classic Denim Jacket,1,73.5,5,69.82,Credit Card
TXN-103310,2024-11-19,CUST1479,Male,50,Clothing,Classic Denim Jacket,2,75.12,0,150.24,Debit Card
TXN-103311,2024-11-20,CUST1658,Male,38,Sports & Outdoors,Waterproof Camping Tent,1,215.85,20,172.68,Debit Card
TXN-103312,2024-11-20,CUST1558,Male,34,Sports & Outdoors,High-Tension Resistance Bands,5,24.6,20,98.4,UPI / Digital Wallet
TXN-103313,2024-11-20,CUST1119,Male,18,Sports & Outdoors,Eco-Friendly Yoga Mat,5,49.02,20,196.08,UPI / Digital Wallet
TXN-103314,2024-11-20,CUST1222,Female,37,Electronics,Ultra HD 4K Smart TV,1,655.45,10,589.91,Credit Card
TXN-103315,2024-11-21,CUST1234,Female,48,Home & Kitchen,Robot Vacuum Cleaner,1,344.05,0,344.05,Credit Card
TXN-103316,2024-11-21,CUST1583,Female,59,Home & Kitchen,Robot Vacuum Cleaner,1,296.38,15,251.92,Debit Card
TXN-103317,2024-11-21,CUST1536,Male,30,Electronics,Gaming Laptop 16GB,1,1177.85,0,1177.85,Credit Card
TXN-103318,2024-11-21,CUST1127,Male,45,Beauty,Anti-Aging Facial Serum,1,57.22,0,57.22,Credit Card
TXN-103319,2024-11-21,CUST1211,Male,42,Sports & Outdoors,Waterproof Camping Tent,2,239.61,15,407.34,Credit Card
TXN-103320,2024-11-21,CUST1464,Male,52,Sports & Outdoors,Waterproof Camping Tent,1,258.41,20,206.73,UPI / Digital Wallet
TXN-103321,2024-11-22,CUST1388,Male,35,Beauty,Organic Sunscreen SPF 50,2,33.63,20,53.81,UPI / Digital Wallet
TXN-103322,2024-11-22,CUST1771,Male,23,Sports & Outdoors,Eco-Friendly Yoga Mat,4,49.32,10,177.55,Debit Card
TXN-103323,2024-11-22,CUST1291,Female,29,Home & Kitchen,Espresso Coffee Machine,1,270.39,5,256.87,Credit Card
TXN-103324,2024-11-22,CUST1683,Male,40,Electronics,Wireless Noise-Canceling Earbuds,1,171.14,10,154.03,UPI / Digital Wallet
TXN-103325,2024-11-22,CUST1539,Female,43,Sports & Outdoors,Eco-Friendly Yoga Mat,4,51.47,20,164.7,UPI / Digital Wallet
TXN-103326,2024-11-22,CUST1437,Male,38,Electronics,Smartphone Pro Max,1,828.1,5,786.7,Credit Card
TXN-103327,2024-11-23,CUST1542,Female,40,Clothing,Silk Evening Dress,1,132.2,25,99.15,Credit Card
TXN-103328,2024-11-23,CUST1832,Female,18,Beauty,Anti-Aging Facial Serum,1,58.25,0,58.25,Credit Card
TXN-103329,2024-11-23,CUST1786,Male,40,Clothing,Silk Evening Dress,1,131.48,15,111.76,Debit Card
TXN-103330,2024-11-24,CUST1697,Male,47,Electronics,Bluetooth Portable Speaker,1,84.41,15,71.75,Credit Card
TXN-103331,2024-11-24,CUST1002,Male,40,Home & Kitchen,High-Speed Smoothie Blender,1,81.15,0,81.15,Credit Card
TXN-103332,2024-11-24,CUST1836,Male,30,Beauty,Hydrating Matte Lipstick,4,23.61,10,85.0,Credit Card
TXN-103333,2024-11-24,CUST1361,Male,31,Electronics,Smartphone Pro Max,1,837.18,5,795.32,UPI / Digital Wallet
TXN-103334,2024-11-25,CUST1141,Female,46,Electronics,Bluetooth Portable Speaker,2,96.21,10,173.18,UPI / Digital Wallet
TXN-103335,2024-11-25,CUST1609,Male,19,Electronics,Fitness Smartwatch,2,223.84,15,380.53,Credit Card
TXN-103336,2024-11-25,CUST1495,Female,18,Clothing,Casual Chino Pants,1,58.05,15,49.34,Credit Card
TXN-103337,2024-11-26,CUST1558,Male,34,Home & Kitchen,Robot Vacuum Cleaner,1,308.67,15,262.37,UPI / Digital Wallet
TXN-103338,2024-11-26,CUST1546,Female,39,Beauty,Exfoliating Face Scrub,1,23.38,25,17.54,UPI / Digital Wallet
TXN-103339,2024-11-26,CUST1391,Female,18,Clothing,Casual Chino Pants,1,52.46,5,49.84,UPI / Digital Wallet
TXN-103340,2024-11-27,CUST1076,Male,43,Electronics,Bluetooth Portable Speaker,3,82.83,15,211.22,Credit Card
TXN-103341,2024-11-27,CUST1182,Male,50,Electronics,Smartphone Pro Max,1,775.32,5,736.55,Credit Card
TXN-103342,2024-11-28,CUST1677,Female,57,Home & Kitchen,Espresso Coffee Machine,1,273.0,5,259.35,UPI / Digital Wallet
TXN-103343,2024-11-28,CUST1614,Male,52,Beauty,Luxury Floral Perfume,1,118.8,15,100.98,Credit Card
TXN-103344,2024-11-28,CUST1043,Male,35,Electronics,Bluetooth Portable Speaker,1,82.91,10,74.62,Debit Card
TXN-103345,2024-11-29,CUST1482,Female,45,Beauty,Hydrating Matte Lipstick,1,26.9,15,22.87,UPI / Digital Wallet
TXN-103346,2024-11-29,CUST1453,Male,62,Home & Kitchen,Cast Iron Dutch Oven,1,87.76,15,74.6,Credit Card
TXN-103347,2024-11-29,CUST1481,Male,22,Clothing,Casual Chino Pants,1,62.72,5,59.58,Credit Card
TXN-103348,2024-11-30,CUST1396,Male,44,Home & Kitchen,Robot Vacuum Cleaner,1,276.36,20,221.09,Credit Card
TXN-103349,2024-11-30,CUST1272,Male,58,Beauty,Luxury Floral Perfume,1,121.14,10,109.03,Credit Card
TXN-103350,2024-11-30,CUST1744,Female,24,Beauty,Organic Sunscreen SPF 50,3,36.21,10,97.77,Credit Card
TXN-103351,2024-11-30,CUST1831,Female,18,Beauty,Exfoliating Face Scrub,2,21.51,15,36.57,Debit Card
TXN-103352,2024-12-01,CUST1822,Female,26,Clothing,Premium Cotton T-Shirt,4,31.5,10,113.4,Credit Card
TXN-103353,2024-12-01,CUST1589,Female,22,Beauty,Hydrating Matte Lipstick,2,27.33,0,54.66,Credit Card
TXN-103354,2024-12-01,CUST1217,Male,28,Home & Kitchen,Espresso Coffee Machine,2,281.31,10,506.36,Credit Card
TXN-103355,2024-12-01,CUST1550,Male,28,Electronics,Ultra HD 4K Smart TV,1,598.05,10,538.25,UPI / Digital Wallet
TXN-103356,2024-12-01,CUST1689,Female,18,Clothing,Athletic Running Shoes,2,125.88,5,239.17,Credit Card
TXN-103357,2024-12-01,CUST1492,Female,58,Electronics,Gaming Laptop 16GB,1,1264.59,20,1011.67,Credit Card
TXN-103358,2024-12-02,CUST1100,Female,44,Electronics,Wireless Noise-Canceling Earbuds,1,140.72,20,112.58,Credit Card
TXN-103359,2024-12-02,CUST1651,Male,37,Electronics,Gaming Laptop 16GB,1,1260.08,0,1260.08,Cash
TXN-103360,2024-12-02,CUST1337,Male,29,Electronics,Smartphone Pro Max,1,745.16,15,633.39,Credit Card
TXN-103361,2024-12-02,CUST1496,Male,29,Clothing,Formal Wool Blazer,2,183.31,5,348.29,Credit Card
TXN-103362,2024-12-03,CUST1622,Female,40,Home & Kitchen,Cast Iron Dutch Oven,1,71.71,5,68.12,Debit Card
TXN-103363,2024-12-03,CUST1329,Female,22,Clothing,Premium Cotton T-Shirt,1,32.18,5,30.57,UPI / Digital Wallet
TXN-103364,2024-12-03,CUST1335,Female,18,Beauty,Exfoliating Face Scrub,4,25.47,20,81.5,Debit Card
TXN-103365,2024-12-04,CUST1523,Male,23,Sports & Outdoors,High-Tension Resistance Bands,1,23.93,5,22.73,Credit Card
TXN-103366,2024-12-04,CUST1636,Male,37,Electronics,Bluetooth Portable Speaker,3,81.44,5,232.1,Debit Card
TXN-103367,2024-12-04,CUST1771,Male,23,Clothing,Athletic Running Shoes,2,106.78,5,202.88,Credit Card
TXN-103368,2024-12-04,CUST1657,Female,45,Beauty,Luxury Floral Perfume,2,160.78,20,257.25,UPI / Digital Wallet
TXN-103369,2024-12-05,CUST1122,Female,37,Clothing,Athletic Running Shoes,1,108.12,10,97.31,UPI / Digital Wallet
TXN-103370,2024-12-05,CUST1540,Male,37,Electronics,Gaming Laptop 16GB,2,1290.06,5,2451.11,UPI / Digital Wallet
TXN-103371,2024-12-05,CUST1551,Male,29,Electronics,Bluetooth Portable Speaker,2,79.74,5,151.51,Cash
TXN-103372,2024-12-05,CUST1274,Female,30,Beauty,Hydrating Matte Lipstick,2,29.63,15,50.37,Cash
TXN-103373,2024-12-06,CUST1043,Male,35,Clothing,Classic Denim Jacket,1,81.61,0,81.61,UPI / Digital Wallet
TXN-103374,2024-12-06,CUST1617,Female,33,Clothing,Silk Evening Dress,4,141.45,10,509.22,UPI / Digital Wallet
TXN-103375,2024-12-06,CUST1764,Female,44,Electronics,Wireless Noise-Canceling Earbuds,1,144.5,15,122.82,UPI / Digital Wallet
TXN-103376,2024-12-06,CUST1503,Male,33,Electronics,Fitness Smartwatch,1,228.03,0,228.03,Credit Card
TXN-103377,2024-12-06,CUST1349,Male,43,Clothing,Formal Wool Blazer,1,173.35,20,138.68,Credit Card
TXN-103378,2024-12-06,CUST1827,Female,32,Clothing,Silk Evening Dress,1,166.43,5,158.11,Debit Card
TXN-103379,2024-12-06,CUST1606,Female,45,Electronics,Fitness Smartwatch,3,253.08,10,683.32,Debit Card
TXN-103380,2024-12-07,CUST1808,Female,30,Beauty,Hydrating Matte Lipstick,2,14.66,5,27.85,Debit Card
TXN-103381,2024-12-07,CUST1135,Female,40,Beauty,Hydrating Matte Lipstick,1,26.47,20,21.18,UPI / Digital Wallet
TXN-103382,2024-12-07,CUST1300,Female,42,Electronics,Fitness Smartwatch,1,260.68,20,208.54,Debit Card
TXN-103383,2024-12-07,CUST1666,Female,37,Beauty,Ionic Hair Dryer Pro,3,93.85,10,253.39,Credit Card
TXN-103384,2024-12-07,CUST1051,Male,60,Home & Kitchen,Cast Iron Dutch Oven,1,68.7,15,58.4,Credit Card
TXN-103385,2024-12-08,CUST1498,Male,59,Sports & Outdoors,Adjustable Dumbbells Set,5,194.97,20,779.88,Credit Card
TXN-103386,2024-12-08,CUST1468,Female,59,Sports & Outdoors,Adjustable Dumbbells Set,1,194.46,25,145.84,Debit Card
TXN-103387,2024-12-08,CUST1027,Female,44,Beauty,Exfoliating Face Scrub,1,25.75,0,25.75,Credit Card
TXN-103388,2024-12-08,CUST1757,Male,66,Home & Kitchen,Robot Vacuum Cleaner,2,331.88,20,531.01,Debit Card
TXN-103389,2024-12-08,CUST1165,Male,56,Clothing,Casual Chino Pants,1,65.44,10,58.9,UPI / Digital Wallet
TXN-103390,2024-12-08,CUST1234,Female,48,Home & Kitchen,Cast Iron Dutch Oven,1,76.7,15,65.2,Credit Card
TXN-103391,2024-12-08,CUST1236,Female,51,Home & Kitchen,Non-Stick Cookware Set (10 Pc),2,187.26,20,299.62,Credit Card
TXN-103392,2024-12-09,CUST1819,Female,46,Sports & Outdoors,Waterproof Camping Tent,1,123.64,15,105.09,Credit Card
TXN-103393,2024-12-09,CUST1749,Male,28,Clothing,Classic Denim Jacket,1,76.15,15,64.73,Debit Card
TXN-103394,2024-12-09,CUST1142,Female,38,Electronics,Fitness Smartwatch,2,243.2,0,486.4,UPI / Digital Wallet
TXN-103395,2024-12-09,CUST1480,Male,53,Home & Kitchen,Cast Iron Dutch Oven,1,87.91,10,79.12,Credit Card
TXN-103396,2024-12-09,CUST1621,Female,43,Sports & Outdoors,Eco-Friendly Yoga Mat,2,48.23,5,91.64,Debit Card
TXN-103397,2024-12-09,CUST1456,Female,49,Clothing,Premium Cotton T-Shirt,5,24.76,5,117.61,UPI / Digital Wallet
TXN-103398,2024-12-09,CUST1735,Male,29,Clothing,Formal Wool Blazer,1,172.13,25,129.1,Credit Card
TXN-103399,2024-12-10,CUST1498,Male,59,Home & Kitchen,Cast Iron Dutch Oven,1,94.38,10,84.94,Credit Card
TXN-103400,2024-12-10,CUST1148,Female,32,Beauty,Luxury Floral Perfume,1,105.83,5,100.54,Credit Card
TXN-103401,2024-12-10,CUST1324,Male,48,Clothing,Classic Denim Jacket,2,75.82,15,128.89,UPI / Digital Wallet
TXN-103402,2024-12-11,CUST1020,Male,23,Clothing,Formal Wool Blazer,2,158.27,20,253.23,Credit Card
TXN-103403,2024-12-11,CUST1026,Female,31,Clothing,Premium Cotton T-Shirt,2,26.64,0,53.28,UPI / Digital Wallet
TXN-103404,2024-12-11,CUST1216,Female,20,Clothing,Casual Chino Pants,1,58.54,5,55.61,Credit Card
TXN-103405,2024-12-11,CUST1844,Female,48,Clothing,Silk Evening Dress,1,123.14,10,110.83,Credit Card
TXN-103406,2024-12-11,CUST1340,Female,61,Clothing,Casual Chino Pants,2,52.09,0,104.18,Cash
TXN-103407,2024-12-11,CUST1199,Male,30,Clothing,Silk Evening Dress,2,137.47,10,247.45,Cash
TXN-103408,2024-12-11,CUST1189,Female,44,Beauty,Ionic Hair Dryer Pro,4,103.89,5,394.78,Credit Card
TXN-103409,2024-12-12,CUST1508,Male,51,Home & Kitchen,Robot Vacuum Cleaner,4,368.06,10,1325.02,Credit Card
TXN-103410,2024-12-12,CUST1512,Male,45,Electronics,Wireless Noise-Canceling Earbuds,1,156.52,0,156.52,UPI / Digital Wallet
TXN-103411,2024-12-12,CUST1558,Male,34,Electronics,Bluetooth Portable Speaker,2,88.78,15,150.93,Credit Card
TXN-103412,2024-12-12,CUST1621,Female,43,Clothing,Classic Denim Jacket,4,64.31,25,192.93,UPI / Digital Wallet
TXN-103413,2024-12-12,CUST1479,Male,50,Home & Kitchen,High-Speed Smoothie Blender,1,71.84,20,57.47,Cash
TXN-103414,2024-12-13,CUST1614,Male,52,Beauty,Ionic Hair Dryer Pro,1,111.55,10,100.39,Credit Card
TXN-103415,2024-12-13,CUST1019,Female,27,Clothing,Silk Evening Dress,2,156.62,10,281.92,UPI / Digital Wallet
TXN-103416,2024-12-13,CUST1454,Female,35,Clothing,Premium Cotton T-Shirt,1,24.96,0,24.96,Cash
TXN-103417,2024-12-14,CUST1233,Female,52,Clothing,Formal Wool Blazer,2,156.91,5,298.13,Credit Card
TXN-103418,2024-12-14,CUST1656,Female,56,Clothing,Athletic Running Shoes,2,127.04,25,190.56,Cash
TXN-103419,2024-12-14,CUST1559,Male,54,Sports & Outdoors,Mountain Trail Backpack,5,113.11,15,480.72,Credit Card
TXN-103420,2024-12-14,CUST1644,Female,29,Sports & Outdoors,Adjustable Dumbbells Set,2,192.71,5,366.15,Credit Card
TXN-103421,2024-12-14,CUST1713,Female,26,Beauty,Luxury Floral Perfume,2,120.09,10,216.16,UPI / Digital Wallet
TXN-103422,2024-12-14,CUST1028,Male,22,Sports & Outdoors,Insulated Thermal Water Bottle,1,30.27,10,27.24,Credit Card
TXN-103423,2024-12-14,CUST1830,Female,19,Home & Kitchen,Espresso Coffee Machine,1,299.84,25,224.88,Credit Card
TXN-103424,2024-12-15,CUST1167,Female,33,Clothing,Premium Cotton T-Shirt,1,30.7,5,29.16,Credit Card
TXN-103425,2024-12-15,CUST1817,Female,38,Electronics,Smartphone Pro Max,2,927.68,10,1669.82,Credit Card
TXN-103426,2024-12-15,CUST1430,Female,51,Beauty,Ionic Hair Dryer Pro,1,91.52,10,82.37,Credit Card
TXN-103427,2024-12-16,CUST1280,Male,24,Electronics,Gaming Laptop 16GB,2,1205.46,10,2169.83,UPI / Digital Wallet
TXN-103428,2024-12-17,CUST1727,Male,30,Electronics,Ultra HD 4K Smart TV,1,706.37,20,565.1,Debit Card
TXN-103429,2024-12-17,CUST1696,Female,45,Clothing,Premium Cotton T-Shirt,2,31.47,10,56.65,Credit Card
TXN-103430,2024-12-17,CUST1356,Female,64,Home & Kitchen,Robot Vacuum Cleaner,3,316.51,20,759.62,Cash
TXN-103431,2024-12-17,CUST1040,Female,42,Beauty,Organic Sunscreen SPF 50,3,35.28,15,89.96,UPI / Digital Wallet
TXN-103432,2024-12-18,CUST1535,Male,20,Sports & Outdoors,Insulated Thermal Water Bottle,1,27.79,10,25.01,Credit Card
TXN-103433,2024-12-18,CUST1509,Male,69,Sports & Outdoors,High-Tension Resistance Bands,1,23.86,15,20.28,Credit Card
TXN-103434,2024-12-18,CUST1381,Male,18,Clothing,Athletic Running Shoes,1,99.09,20,79.27,Debit Card
TXN-103435,2024-12-18,CUST1623,Female,33,Sports & Outdoors,High-Tension Resistance Bands,1,30.46,15,25.89,Cash
TXN-103436,2024-12-18,CUST1539,Female,43,Electronics,Gaming Laptop 16GB,1,1203.44,10,1083.1,Credit Card
TXN-103437,2024-12-18,CUST1213,Female,64,Home & Kitchen,Non-Stick Cookware Set (10 Pc),2,164.56,10,296.21,UPI / Digital Wallet
TXN-103438,2024-12-19,CUST1799,Male,18,Electronics,Fitness Smartwatch,1,223.49,20,178.79,Credit Card
TXN-103439,2024-12-19,CUST1370,Female,38,Beauty,Luxury Floral Perfume,2,139.11,20,222.58,Credit Card
TXN-103440,2024-12-19,CUST1179,Female,41,Clothing,Classic Denim Jacket,1,69.2,10,62.28,Cash
TXN-103441,2024-12-19,CUST1365,Female,30,Beauty,Anti-Aging Facial Serum,1,88.26,5,83.85,Credit Card
TXN-103442,2024-12-20,CUST1053,Male,60,Electronics,Ultra HD 4K Smart TV,1,593.11,0,593.11,Cash
TXN-103443,2024-12-20,CUST1055,Male,36,Beauty,Exfoliating Face Scrub,1,20.54,20,16.43,Credit Card
TXN-103444,2024-12-20,CUST1164,Female,31,Sports & Outdoors,Insulated Thermal Water Bottle,1,32.64,0,32.64,Cash
TXN-103445,2024-12-20,CUST1081,Male,50,Home & Kitchen,Non-Stick Cookware Set (10 Pc),1,154.22,20,123.38,Credit Card
TXN-103446,2024-12-20,CUST1843,Male,45,Sports & Outdoors,Mountain Trail Backpack,1,77.09,20,61.67,Credit Card
TXN-103447,2024-12-20,CUST1241,Male,39,Home & Kitchen,Digital Air Fryer XL,4,129.28,10,465.41,UPI / Digital Wallet
TXN-103448,2024-12-20,CUST1758,Male,29,Electronics,Fitness Smartwatch,2,197.59,20,316.14,Credit Card
TXN-103449,2024-12-21,CUST1753,Female,34,Home & Kitchen,Cast Iron Dutch Oven,1,85.99,15,73.09,Credit Card
TXN-103450,2024-12-21,CUST1244,Female,42,Sports & Outdoors,Mountain Trail Backpack,3,71.76,10,193.75,Credit Card
TXN-103451,2024-12-21,CUST1502,Female,50,Clothing,Premium Cotton T-Shirt,1,29.3,0,29.3,Debit Card
TXN-103452,2024-12-21,CUST1295,Male,42,Beauty,Ionic Hair Dryer Pro,2,103.1,10,185.58,Cash
TXN-103453,2024-12-21,CUST1216,Female,20,Beauty,Organic Sunscreen SPF 50,1,32.29,5,30.68,UPI / Digital Wallet
TXN-103454,2024-12-22,CUST1378,Male,31,Electronics,Gaming Laptop 16GB,1,1297.16,10,1167.44,Credit Card
TXN-103455,2024-12-22,CUST1583,Female,59,Clothing,Formal Wool Blazer,4,238.42,20,762.94,UPI / Digital Wallet
TXN-103456,2024-12-22,CUST1184,Female,37,Beauty,Anti-Aging Facial Serum,1,59.62,5,56.64,Credit Card
TXN-103457,2024-12-23,CUST1188,Male,40,Electronics,Gaming Laptop 16GB,1,1541.86,10,1387.67,Debit Card
TXN-103458,2024-12-23,CUST1654,Female,37,Electronics,Fitness Smartwatch,1,209.78,20,167.82,Debit Card
TXN-103459,2024-12-23,CUST1609,Male,19,Sports & Outdoors,Mountain Trail Backpack,1,95.46,0,95.46,Debit Card
TXN-103460,2024-12-23,CUST1761,Female,41,Beauty,Organic Sunscreen SPF 50,1,29.79,10,26.81,Debit Card
TXN-103461,2024-12-23,CUST1000,Female,38,Clothing,Formal Wool Blazer,2,211.28,10,380.3,Credit Card
TXN-103462,2024-12-23,CUST1637,Female,48,Beauty,Ionic Hair Dryer Pro,2,86.96,10,156.53,Credit Card
TXN-103463,2024-12-23,CUST1536,Male,30,Clothing,Casual Chino Pants,3,55.61,15,141.81,Credit Card
TXN-103464,2024-12-23,CUST1229,Male,62,Home & Kitchen,Cast Iron Dutch Oven,2,83.37,15,141.73,Credit Card
TXN-103465,2024-12-24,CUST1493,Female,26,Beauty,Exfoliating Face Scrub,3,23.68,15,60.38,Credit Card
TXN-103466,2024-12-24,CUST1368,Female,60,Home & Kitchen,High-Speed Smoothie Blender,2,94.2,5,178.98,Debit Card
TXN-103467,2024-12-24,CUST1250,Female,20,Beauty,Anti-Aging Facial Serum,1,75.66,15,64.31,Cash
TXN-103468,2024-12-24,CUST1288,Female,62,Home & Kitchen,Espresso Coffee Machine,1,231.31,15,196.61,Credit Card
TXN-103469,2024-12-25,CUST1736,Female,64,Electronics,Wireless Noise-Canceling Earbuds,1,151.26,0,151.26,Debit Card
TXN-103470,2024-12-25,CUST1462,Male,40,Clothing,Formal Wool Blazer,3,199.41,0,598.23,UPI / Digital Wallet
TXN-103471,2024-12-25,CUST1180,Female,58,Beauty,Organic Sunscreen SPF 50,3,41.38,10,111.73,UPI / Digital Wallet
TXN-103472,2024-12-26,CUST1186,Male,23,Electronics,Smartphone Pro Max,5,713.04,10,3208.68,UPI / Digital Wallet
TXN-103473,2024-12-26,CUST1697,Male,47,Electronics,Bluetooth Portable Speaker,4,76.47,0,305.88,Debit Card
TXN-103474,2024-12-26,CUST1095,Female,20,Beauty,Luxury Floral Perfume,1,141.82,10,127.64,Cash
TXN-103475,2024-12-26,CUST1305,Male,55,Sports & Outdoors,Mountain Trail Backpack,3,106.42,20,255.41,Debit Card
TXN-103476,2024-12-26,CUST1348,Female,47,Home & Kitchen,Cast Iron Dutch Oven,2,102.4,20,163.84,Credit Card
TXN-103477,2024-12-27,CUST1210,Male,41,Sports & Outdoors,Adjustable Dumbbells Set,1,210.36,15,178.81,UPI / Digital Wallet
TXN-103478,2024-12-27,CUST1062,Male,33,Home & Kitchen,Cast Iron Dutch Oven,2,68.39,5,129.94,Credit Card
TXN-103479,2024-12-27,CUST1096,Male,25,Sports & Outdoors,Waterproof Camping Tent,1,195.31,15,166.01,Credit Card
TXN-103480,2024-12-27,CUST1238,Male,55,Electronics,Smartphone Pro Max,1,876.08,0,876.08,UPI / Digital Wallet
TXN-103481,2024-12-27,CUST1308,Male,36,Clothing,Silk Evening Dress,2,149.57,5,284.18,UPI / Digital Wallet
TXN-103482,2024-12-27,CUST1672,Female,22,Beauty,Anti-Aging Facial Serum,1,59.09,5,56.14,UPI / Digital Wallet
TXN-103483,2024-12-28,CUST1057,Female,43,Home & Kitchen,Robot Vacuum Cleaner,2,396.76,15,674.49,Credit Card
TXN-103484,2024-12-28,CUST1043,Male,35,Beauty,Luxury Floral Perfume,1,124.57,10,112.11,Credit Card
TXN-103485,2024-12-28,CUST1328,Female,37,Home & Kitchen,Cast Iron Dutch Oven,1,86.5,15,73.52,Credit Card
TXN-103486,2024-12-28,CUST1195,Female,30,Electronics,Gaming Laptop 16GB,1,1386.88,25,1040.16,Debit Card
TXN-103487,2024-12-28,CUST1255,Male,40,Electronics,Gaming Laptop 16GB,1,1239.18,15,1053.3,Credit Card
TXN-103488,2024-12-29,CUST1045,Male,51,Sports & Outdoors,Mountain Trail Backpack,3,103.84,15,264.79,UPI / Digital Wallet
TXN-103489,2024-12-29,CUST1537,Female,42,Beauty,Exfoliating Face Scrub,4,20.96,10,75.46,Debit Card
TXN-103490,2024-12-29,CUST1128,Female,45,Home & Kitchen,High-Speed Smoothie Blender,2,78.48,15,133.42,Cash
TXN-103491,2024-12-30,CUST1641,Female,34,Sports & Outdoors,Insulated Thermal Water Bottle,1,37.01,10,33.31,Cash
TXN-103492,2024-12-30,CUST1773,Female,34,Clothing,Formal Wool Blazer,4,182.04,15,618.94,UPI / Digital Wallet
TXN-103493,2024-12-30,CUST1201,Female,44,Electronics,Ultra HD 4K Smart TV,1,613.87,10,552.48,Debit Card
TXN-103494,2024-12-30,CUST1501,Male,67,Clothing,Casual Chino Pants,1,51.48,0,51.48,Credit Card
TXN-103495,2024-12-30,CUST1166,Female,67,Electronics,Ultra HD 4K Smart TV,1,680.0,15,578.0,UPI / Digital Wallet
TXN-103496,2024-12-30,CUST1181,Female,25,Clothing,Classic Denim Jacket,1,70.64,15,60.04,Debit Card
TXN-103497,2024-12-31,CUST1088,Male,44,Electronics,Bluetooth Portable Speaker,1,93.35,0,93.35,Debit Card
TXN-103498,2024-12-31,CUST1717,Male,18,Electronics,Ultra HD 4K Smart TV,2,656.66,15,1116.32,UPI / Digital Wallet
TXN-103499,2024-12-31,CUST1784,Female,46,Sports & Outdoors,Insulated Thermal Water Bottle,1,19.24,20,15.39,Cash
TXN-103500,2024-12-31,CUST1810,Male,59,Electronics,Gaming Laptop 16GB,3,1330.58,5,3792.15,Cash
